• turbo 2.10.12

   • Packages in scope: @master/create-css, @master/css, @master/css-astro, @master/css-binding, @master/css-binding-darwin-arm64, @master/css-binding-darwin-x64, @master/css-binding-linux-arm64-gnu, @master/css-binding-linux-arm64-musl, @master/css-binding-linux-x64-gnu, @master/css-binding-linux-x64-musl, @master/css-binding-wasm-compiler, @master/css-binding-wasm-engine, @master/css-binding-wasm-tooling, @master/css-binding-win32-arm64-msvc, @master/css-binding-win32-x64-msvc, @master/css-cli, @master/css-compiler, @master/css-figma, @master/css-internal, @master/css-language-server, @master/css-language-service, @master/css-mcp, @master/css-next, @master/css-nuxt, @master/css-preset, @master/css-runtime, @master/css-schema, @master/css-server, @master/css-svelte, @master/css-svelte-addon, @master/css-tooling, @master/css-vite, @master/css-vscode, @master/css-webpack, @master/eslint-config-css, @master/eslint-plugin-css
   • Running test, lint, type-check in 36 packages
   • Remote caching disabled

@master/css-schema:build: cache hit, suppressing logs db67bf8be803f4f0
@master/css-binding-wasm-tooling:build: cache hit, suppressing logs 5320075399eb1417
@master/css-binding-wasm-compiler:build: cache hit, suppressing logs 4e084a0f68c892ca
@master/css-binding-wasm-engine:build: cache hit, suppressing logs e65868e42a60433a
@master/css-binding-wasm-tooling:test: cache miss, executing c41d14909b78d576
@master/css-svelte-addon:build: cache hit, suppressing logs bdacce73fbb78d70
@master/css-binding-wasm-compiler:test: cache miss, executing 3cfe5f025e650803
@master/css-schema:type-check: cache hit, suppressing logs 6613924b3783d8d5
@master/css-schema:test: cache hit, suppressing logs 3220e9deba6be895
@master/css-schema:lint: cache hit, suppressing logs 6b9082e2bc004bc6
@master/create-css:build: cache hit, suppressing logs 6582259d6d939892
@master/css-binding-wasm-compiler:lint: cache hit, suppressing logs 8a01f9854592f52d
@master/css-binding-wasm-engine:lint: cache hit, suppressing logs 01200c91898b45d7
@master/css-binding-wasm-tooling:lint: cache hit, suppressing logs dcd2358842871724
@master/css-binding-wasm-engine:test: cache hit, suppressing logs 3e233cca38285b20
@master/css-binding:build: cache hit, suppressing logs 1f5209d1f7846422
@master/css-svelte-addon:lint: cache hit, suppressing logs 04520437ef6973c7
@master/css-svelte-addon:test: cache hit, suppressing logs c18d1a11acf016ec
@master/css-binding-wasm-tooling:type-check: cache hit, suppressing logs c9fce5a1e3666bd6
@master/css-preset:build: cache hit, suppressing logs 890365294f9933a8
@master/css-binding-wasm-compiler:type-check: cache hit, suppressing logs 410a01fb82475da9
@master/create-css:test: cache hit, suppressing logs e84ac91f88f113ab
@master/css-tooling:build: cache hit, suppressing logs e06b0fae72edffba
@master/create-css:lint: cache hit, suppressing logs cde1e6043e27df7d
@master/css:build: cache hit, suppressing logs 0c7f7df8a710afcf
@master/css-tooling:test: cache miss, executing 0c1e86b26d0f29c0
@master/css-internal:build: cache hit, suppressing logs f5a6a127e12de83a
@master/css-runtime:build: cache hit, suppressing logs f822cdc572232552
@master/css-binding:test: cache hit, suppressing logs 632e144a5a959f89
@master/css:test: cache miss, executing 14d78a0b5221709a
@master/css-tooling:lint: cache hit, suppressing logs 09851b5d55226e51
@master/css-binding:lint: cache hit, suppressing logs 07511895716a4948
@master/css-binding-wasm-engine:type-check: cache hit, suppressing logs 74fc1f5b5bab02b0
@master/css-preset:lint: cache hit, suppressing logs dfd0f5b6e8cb715a
@master/css-preset:test: cache hit, suppressing logs 36eb922fc53b4a96
@master/css:lint: cache hit, suppressing logs 525c807e6cecc477
@master/css-compiler:build: cache hit, suppressing logs 2fb8f3e1ae08e9fe
@master/css-figma:build: cache hit, suppressing logs bb2a18ca098c1f4f
@master/css-compiler:test: cache miss, executing a44461174cc17e9d
@master/css-internal:test: cache hit, suppressing logs 484aac4ab5f08c3f
@master/css-internal:lint: cache hit, suppressing logs d54b672cb4d27396
@master/css-runtime:lint: cache hit, suppressing logs 759077813f0d526f
@master/css-cli:build: cache hit, suppressing logs 3bafd35d48bc80b9
@master/css-server:build: cache hit, suppressing logs 069c64e006dec159
@master/css-compiler:lint: cache hit, suppressing logs 9e62360330287b8f
@master/eslint-plugin-css:build: cache hit, suppressing logs 9cb701ec581c6c5a
@master/css-figma:lint: cache hit, suppressing logs beda501682d5e86e
@master/css-binding:type-check: cache hit, suppressing logs 52602bed2377623d
@master/css-figma:test: cache hit, suppressing logs a90814b7055eb362
@master/css-cli:lint: cache hit, suppressing logs e7d533a3bbe5d5f2
@master/css-cli:test: cache hit, suppressing logs 3ee627c6af3fe1e0
@master/css-server:test: cache hit, suppressing logs db990e6414064473
@master/css-server:lint: cache hit, suppressing logs 0226762b923b6d67
@master/eslint-plugin-css:test: cache miss, executing 8e47db52b0f0874d
@master/eslint-plugin-css:lint: cache hit, suppressing logs 1ec99bbc43f0de64
@master/eslint-config-css:build: cache hit, suppressing logs 82a0fa779706ed79
@master/css-next:build: cache hit, suppressing logs 5b480d1eb5a88fd8
@master/css-vite:build: cache hit, suppressing logs 21c4bc51c83af3b5
@master/css-language-service:build: cache hit, suppressing logs 03b18bcb542d9c7e
@master/eslint-config-css:test: cache miss, executing 35e21eab1b99a516
@master/css-preset:type-check: cache hit, suppressing logs d8573b995da8e295
@master/eslint-config-css:lint: cache miss, executing 69ecc97f552e60eb
@master/css-webpack:build: cache hit, suppressing logs 9516c49c29457254
@master/css-next:test: cache miss, executing f7883cbf41fbd288
@master/css-tooling:type-check: cache hit, suppressing logs f363c11a43e4fd5c
@master/css-next:lint: cache miss, executing f2372c5b22a4f032
@master/css-tooling:test: $ cargo xtask build-native && cargo xtask build-wasm tooling && vitest
@master/css-binding-wasm-compiler:test: $ cargo xtask build-wasm compiler && vitest
@master/css-binding-wasm-tooling:test: $ cargo xtask build-wasm tooling && vitest
@master/css-compiler:test: $ cargo xtask build-native && cargo xtask build-wasm compiler && vitest
@master/css:test: $ cargo xtask build-native && vitest
@master/eslint-plugin-css:test: $ cargo xtask build-native && vitest
@master/eslint-config-css:test: $ vitest
@master/eslint-config-css:lint: $ eslint src *.js
@master/css-next:test: $ vitest
@master/css-next:lint: $ eslint
@master/css-compiler:test:     Blocking waiting for file lock on package cache
@master/css-tooling:test:     Blocking waiting for file lock on package cache
@master/css-binding-wasm-tooling:test:     Blocking waiting for file lock on package cache
@master/css-binding-wasm-compiler:test:     Blocking waiting for file lock on package cache
@master/css:test:     Blocking waiting for file lock on package cache
@master/eslint-plugin-css:test:     Blocking waiting for file lock on package cache
@master/css-compiler:test:     Blocking waiting for file lock on package cache
@master/css-tooling:test:     Blocking waiting for file lock on package cache
@master/css-binding-wasm-tooling:test:     Blocking waiting for file lock on package cache
@master/css-binding-wasm-compiler:test:     Blocking waiting for file lock on package cache
@master/css:test:     Blocking waiting for file lock on package cache
@master/eslint-plugin-css:test:     Blocking waiting for file lock on package cache
@master/css-compiler:test:     Blocking waiting for file lock on package cache
@master/css-tooling:test:     Blocking waiting for file lock on package cache
@master/css-binding-wasm-tooling:test:     Blocking waiting for file lock on package cache
@master/css-binding-wasm-compiler:test:     Blocking waiting for file lock on package cache
@master/css:test:     Blocking waiting for file lock on package cache
@master/eslint-plugin-css:test:     Blocking waiting for file lock on package cache
@master/eslint-config-css:test: (!) Your Vite config uses features that are unsupported by `configLoader: 'native'`, which is planned to become the default in a future major version of Vite:
@master/eslint-config-css:test:   - import "../../shared/vitest.config" without a file extension (vitest.config.ts:2:20). Add the file extension
@master/eslint-config-css:test:   - import "./vitest-ci-config" without a file extension (../../shared/vitest.config.ts:2:58). Add the file extension
@master/eslint-config-css:test: Set `VITE_CONFIG_NATIVE_IGNORE_WARNING=true` to suppress this warning.
@master/css-next:test: (!) Your Vite config uses features that are unsupported by `configLoader: 'native'`, which is planned to become the default in a future major version of Vite:
@master/css-next:test:   - import "../../shared/vitest.config" without a file extension (vitest.config.ts:2:20). Add the file extension
@master/css-next:test:   - import "./vitest-ci-config" without a file extension (../../shared/vitest.config.ts:2:58). Add the file extension
@master/css-next:test: Set `VITE_CONFIG_NATIVE_IGNORE_WARNING=true` to suppress this warning.
@master/css-compiler:test:     Blocking waiting for file lock on package cache
@master/css-tooling:test:     Blocking waiting for file lock on package cache
@master/eslint-config-css:test: 
@master/css-next:test: 
@master/eslint-config-css:test:  RUN  v5.0.0 /Users/aron/master/css/packages/eslint-config
@master/css-next:test:  RUN  v5.0.0 /Users/aron/master/css/packages/next
@master/eslint-config-css:test: 
@master/css-next:test: 
@master/css-binding-wasm-tooling:test:     Blocking waiting for file lock on package cache
@master/css-binding-wasm-compiler:test:     Blocking waiting for file lock on package cache
@master/css-tooling:test:     Blocking waiting for file lock on build directory
@master/css-compiler:test:     Blocking waiting for file lock on build directory
@master/css-binding-wasm-compiler:test:     Blocking waiting for file lock on build directory
@master/css-binding-wasm-tooling:test:     Blocking waiting for file lock on build directory
@master/eslint-plugin-css:test:     Blocking waiting for file lock on build directory
@master/css:test:     Finished `dev` profile [unoptimized + debuginfo] target(s) in 0.24s
@master/css:test:      Running `/Users/aron/master/css/target/debug/xtask build-native`
@master/css-tooling:test:     Finished `dev` profile [unoptimized + debuginfo] target(s) in 0.27s
@master/css-tooling:test:      Running `/Users/aron/master/css/target/debug/xtask build-native`
@master/css-compiler:test:     Finished `dev` profile [unoptimized + debuginfo] target(s) in 0.29s
@master/css-compiler:test:      Running `/Users/aron/master/css/target/debug/xtask build-native`
@master/css-binding-wasm-compiler:test:     Finished `dev` profile [unoptimized + debuginfo] target(s) in 0.32s
@master/css-binding-wasm-compiler:test:      Running `/Users/aron/master/css/target/debug/xtask build-wasm compiler`
@master/eslint-plugin-css:test:     Finished `dev` profile [unoptimized + debuginfo] target(s) in 0.34s
@master/eslint-plugin-css:test:      Running `/Users/aron/master/css/target/debug/xtask build-native`
@master/css-binding-wasm-tooling:test:     Finished `dev` profile [unoptimized + debuginfo] target(s) in 0.37s
@master/css-binding-wasm-tooling:test:      Running `/Users/aron/master/css/target/debug/xtask build-wasm tooling`
@master/css-binding-wasm-compiler:test:     Blocking waiting for file lock on package cache
@master/eslint-plugin-css:test:     Blocking waiting for file lock on package cache
@master/css-compiler:test:     Blocking waiting for file lock on package cache
@master/css:test:     Blocking waiting for file lock on package cache
@master/css-binding-wasm-tooling:test:     Blocking waiting for file lock on package cache
@master/css-tooling:test:     Blocking waiting for file lock on package cache
@master/css-binding-wasm-compiler:test:     Blocking waiting for file lock on package cache
@master/eslint-plugin-css:test:     Blocking waiting for file lock on package cache
@master/css-compiler:test:     Blocking waiting for file lock on package cache
@master/css:test:     Blocking waiting for file lock on package cache
@master/css-binding-wasm-tooling:test:     Blocking waiting for file lock on package cache
@master/css-tooling:test:     Blocking waiting for file lock on package cache
@master/css-binding-wasm-compiler:test:     Blocking waiting for file lock on package cache
@master/css-compiler:test:     Blocking waiting for file lock on package cache
@master/css:test:     Blocking waiting for file lock on package cache
@master/css-binding-wasm-tooling:test:     Blocking waiting for file lock on package cache
@master/css-tooling:test:     Blocking waiting for file lock on package cache
@master/eslint-plugin-css:test:     Blocking waiting for file lock on package cache
@master/css-compiler:test:     Blocking waiting for file lock on package cache
@master/css:test:     Blocking waiting for file lock on package cache
@master/css-binding-wasm-tooling:test:     Blocking waiting for file lock on build directory
@master/css-binding-wasm-compiler:test:    Compiling mastercss-compiler v0.0.0 (/Users/aron/master/css/crates/mastercss-compiler)
@master/css-tooling:test:     Blocking waiting for file lock on package cache
@master/css:test:     Blocking waiting for file lock on build directory
@master/css-compiler:test:     Blocking waiting for file lock on build directory
@master/css-tooling:test:     Blocking waiting for file lock on build directory
@master/eslint-plugin-css:test:    Compiling mastercss-cli v0.0.0 (/Users/aron/master/css/crates/mastercss-cli)
@master/css-vite:lint: cache hit, suppressing logs 387851fc926d99df
@master/css-vite:test: cache miss, executing aabbaa6f5d205217
@master/css-vite:test: $ vitest
@master/css-next:test:  ✓ tests/bug-hunt-runtime-start-hmr.test.ts (10 tests) 1033ms
@master/css-vite:test: (!) Your Vite config uses features that are unsupported by `configLoader: 'native'`, which is planned to become the default in a future major version of Vite:
@master/css-vite:test:   - import "../../shared/vitest.config" without a file extension (vitest.config.ts:2:20). Add the file extension
@master/css-vite:test:   - import "./vitest-ci-config" without a file extension (../../shared/vitest.config.ts:2:58). Add the file extension
@master/css-vite:test: Set `VITE_CONFIG_NATIVE_IGNORE_WARNING=true` to suppress this warning.
@master/css-vite:test: 
@master/css-vite:test:  RUN  v5.0.0 /Users/aron/master/css/packages/vite
@master/css-vite:test: 
@master/eslint-plugin-css:test:     Finished `dev` profile [unoptimized + debuginfo] target(s) in 1.17s
@master/eslint-plugin-css:test: Built /Users/aron/master/css/packages/binding/artifacts/mastercss.node
@master/eslint-plugin-css:test: Built /Users/aron/master/css/packages/binding/artifacts/mcss
@master/css:test:     Finished `dev` profile [unoptimized + debuginfo] target(s) in 1.28s
@master/css:test: Built /Users/aron/master/css/packages/binding/artifacts/mastercss.node
@master/css:test: Built /Users/aron/master/css/packages/binding/artifacts/mcss
@master/css-compiler:test:     Finished `dev` profile [unoptimized + debuginfo] target(s) in 1.32s
@master/css-compiler:test: Built /Users/aron/master/css/packages/binding/artifacts/mastercss.node
@master/css-compiler:test: Built /Users/aron/master/css/packages/binding/artifacts/mcss
@master/css-tooling:test:     Finished `dev` profile [unoptimized + debuginfo] target(s) in 1.36s
@master/css-tooling:test: Built /Users/aron/master/css/packages/binding/artifacts/mastercss.node
@master/css-tooling:test: Built /Users/aron/master/css/packages/binding/artifacts/mcss
@master/css-tooling:test:     Blocking waiting for file lock on package cache
@master/css-compiler:test:     Blocking waiting for file lock on package cache
@master/css-tooling:test:     Blocking waiting for file lock on build directory
@master/css-compiler:test:     Finished `dev` profile [unoptimized + debuginfo] target(s) in 0.15s
@master/css-compiler:test:      Running `/Users/aron/master/css/target/debug/xtask build-wasm compiler`
@master/css-tooling:test:     Finished `dev` profile [unoptimized + debuginfo] target(s) in 0.14s
@master/css-tooling:test:      Running `/Users/aron/master/css/target/debug/xtask build-wasm tooling`
@master/eslint-plugin-css:test: (!) Your Vite config uses features that are unsupported by `configLoader: 'native'`, which is planned to become the default in a future major version of Vite:
@master/eslint-plugin-css:test:   - import "../../shared/vitest.config" without a file extension (vitest.config.ts:2:20). Add the file extension
@master/eslint-plugin-css:test:   - import "./vitest-ci-config" without a file extension (../../shared/vitest.config.ts:2:58). Add the file extension
@master/eslint-plugin-css:test: Set `VITE_CONFIG_NATIVE_IGNORE_WARNING=true` to suppress this warning.
@master/css:test: (!) Your Vite config uses features that are unsupported by `configLoader: 'native'`, which is planned to become the default in a future major version of Vite:
@master/css:test:   - import "../../shared/vitest-ci-config" without a file extension (vitest.config.ts:3:58). Add the file extension
@master/css:test: Set `VITE_CONFIG_NATIVE_IGNORE_WARNING=true` to suppress this warning.
@master/eslint-plugin-css:test: 
@master/eslint-plugin-css:test:  RUN  v5.0.0 /Users/aron/master/css/packages/eslint-plugin
@master/eslint-plugin-css:test: 
@master/css:test: 
@master/css:test:  RUN  v5.0.0 /Users/aron/master/css/packages/css
@master/css:test: 
@master/css-next:test:  ✓ tests/bug-hunt-preprocessed-stylesheet.test.ts (2 tests) 2465ms
@master/css-next:test:    ✓ Next preserves the host Sass preprocessing boundary, preprocessed=false 977ms
@master/css-next:test:    ✓ Next preserves the host Sass preprocessing boundary, preprocessed=true 1486ms
@master/css-tooling:test:     Blocking waiting for file lock on package cache
@master/css-compiler:test:     Blocking waiting for file lock on package cache
@master/css-tooling:test:     Blocking waiting for file lock on package cache
@master/css-compiler:test:     Blocking waiting for file lock on package cache
@master/css-compiler:test:     Blocking waiting for file lock on build directory
@master/css-tooling:test:     Blocking waiting for file lock on build directory
@master/css:test:  ✓ tests/client-types.test.ts (1 test) 320ms
@master/css:test:    ✓ @master/css/client (1)
@master/css:test:      ✓ provides types for Master CSS integration virtual modules 319ms
@master/css:test:  ✓ tests/rc87-client-types.test.ts (1 test) 511ms
@master/css:test:    ✓ rc.87 integration types through @master/css/client (1)
@master/css:test:      ✓ provides types for Master CSS integration virtual modules 502ms
@master/css-next:test:  ✓ tests/next-config.test.ts (14 tests) 1795ms
@master/css-next:test:    ✓ withMasterCSS (14)
@master/css-next:test:      ✓ sets up static mode with Turbopack rules without adding a webpack callback 1767ms
@master/css:test:  ✓ tests/facade.test.ts (2 tests) 226ms
@master/css-astro:build: cache hit, suppressing logs e57db9eb65345298
@master/css-svelte:build: cache hit, suppressing logs f9a82f3e933966b7
@master/css-nuxt:build: cache hit, suppressing logs 5666bb8b71fead1a
@master/css-language-service:test: cache miss, executing f36d38225b0e5be4
@master/css-language-service:test: $ cargo xtask build-native && vitest
@master/css-language-service:test:     Finished `dev` profile [unoptimized + debuginfo] target(s) in 0.25s
@master/css-language-service:test:      Running `/Users/aron/master/css/target/debug/xtask build-native`
@master/css-next:test:  ✓ tests/css-manifest-loader.test.ts (8 tests) 4144ms
@master/css-next:test:    ✓ css manifest loader (8)
@master/css-next:test:      ✓ loads the default virtual manifest from CSS entry files only 533ms
@master/css-next:test:      ✓ loads emitted globals from project CSS entry files 482ms
@master/css-next:test:      ✓ keeps virtual manifest dependencies registered after invalid CSS and recovers on the next run 2694ms
@master/css-next:test:  ✓ tests/css-manifest-import-loader.test.ts (3 tests) 328ms
@master/css-language-service:test:     Finished `dev` profile [unoptimized + debuginfo] target(s) in 0.13s
@master/eslint-config-css:test:  ✓ tests/test.ts (4 tests) 4129ms
@master/eslint-config-css:test:    ✓ lints markup and standalone stylesheets 2454ms
@master/eslint-config-css:test:    ✓ ESLint Configuration is valid 1626ms
@master/eslint-config-css:test: 
@master/eslint-config-css:test:  Test Files  1 passed (1)
@master/eslint-config-css:test:       Tests  4 passed (4)
@master/eslint-config-css:test:    Start at  12:42:25
@master/eslint-config-css:test:    Duration  5.51s (tests 76%, transform 17%, import 6%)
@master/eslint-config-css:test: 
@master/css-language-service:test: Built /Users/aron/master/css/packages/binding/artifacts/mastercss.node
@master/css-language-service:test: Built /Users/aron/master/css/packages/binding/artifacts/mcss
@master/css-language-server:build: cache hit, suppressing logs 25b9c7524f2eafd0
@master/css-mcp:build: cache hit, suppressing logs a65a52023fde4535
@master/css-language-service:lint: cache miss, executing 01115d608635e50a
@master/css-language-service:lint: $ eslint
@master/css-next:test:  ✓ tests/bug-hunt-turbopack-global-animations.test.ts (1 test) 1832ms
@master/css-next:test:    ✓ general loader keeps global animation references unscoped and emits their keyframes for CSS Modules 1825ms
@master/css-next:test:  ✓ tests/bug-hunt-postcss-request-plugins.test.ts (15 tests) 838ms
@master/css-language-service:test: (!) Your Vite config uses features that are unsupported by `configLoader: 'native'`, which is planned to become the default in a future major version of Vite:
@master/css-language-service:test:   - import "../../shared/vitest.config" without a file extension (vitest.config.ts:2:20). Add the file extension
@master/css-language-service:test:   - import "../../shared/vitest-ci-config" without a file extension (vitest.config.ts:3:58). Add the file extension
@master/css-language-service:test:   - import "./vitest-ci-config" without a file extension (../../shared/vitest.config.ts:2:58). Add the file extension
@master/css-language-service:test: Set `VITE_CONFIG_NATIVE_IGNORE_WARNING=true` to suppress this warning.
@master/css-language-service:test: 
@master/css-language-service:test:  RUN  v5.0.0 /Users/aron/master/css/packages/language-service
@master/css-language-service:test: 
@master/css-next:test:  ✓ tests/bug-hunt-postcss-resource-host.test.ts (1 test) 223ms
@master/css-next:test:  ✓ tests/bug-hunt-postcss-resource-policy.test.ts (7 tests) 1079ms
@master/css-next:test:    ✓ processed resource history preserves native PostCSS intent: delete 704ms
@master/css-next:test:  ✓ tests/bug-hunt-sass-directive-terminators.test.ts (5 tests) 6255ms
@master/css-next:test:    ✓ Next preserves Sass directive terminators: scss, explicitCompressed=false 777ms
@master/css-next:test:    ✓ Next preserves Sass directive terminators: scss, explicitCompressed=true 1646ms
@master/css-next:test:    ✓ Next preserves Sass directive terminators: indented, explicitCompressed=false 1889ms
@master/css-next:test:    ✓ Next preserves Sass directive terminators: indented, explicitCompressed=true 1941ms
@master/css-next:test:  ✓ tests/bug-hunt-webpack-css-pipeline.test.ts (5 tests) 49ms
@master/css-next:test:  ✓ tests/bug-hunt-webpack-virtual-modules.test.ts (9 tests) 34ms
@master/css-next:test:  ✓ tests/bug-hunt-turbopack-css-module.test.ts (7 tests) 29ms
@master/css-vite:test:  ❯ tests/plugins/bug-hunt-build-recovery-ownership.test.ts (3 tests | 1 failed) 2412ms
@master/css-vite:test:    × a configuration error does not allocate build recovery files 552ms
@master/css-vite:test:    ✓ closing one build owner preserves recovery for another already started owner 4ms
@master/css-vite:test:    ✓ independent plugin configurations sharing a cache directory release only their own files 1852ms
@master/css-next:test:  ✓ tests/bug-hunt-sass-source-offsets.test.ts (9 tests) 7412ms
@master/css-next:test:    ✓ Next scss entry preserves imported partial reference ownership 2806ms
@master/css-next:test:    ✓ Next sass entry preserves imported partial reference ownership 4290ms
@master/css-next:test:  ✓ tests/build-state.test.ts (1 test) 8087ms
@master/css-next:test:    ✓ resolveMasterCSSBuildState (1)
@master/css-next:test:      ✓ resolves @compose entries against the loaded base manifest while extracting native CSS 8087ms
@master/css-next:test:  ✓ tests/bug-hunt-entry-reference-build-state.test.ts (2 tests) 9412ms
@master/css-next:test:    ✓ Next build completion preserves entry reference metadata, imported=false 2985ms
@master/css-next:test:    ✓ Next build completion preserves entry reference metadata, imported=true 6426ms
@master/eslint-plugin-css:test:  ✓ tests/bug-hunt-javascript-escapes.test.ts (37 tests) 3313ms
@master/eslint-plugin-css:test:    ✓ recognizes the parser cooked value of "\u0062lock" 1509ms
@master/eslint-plugin-css:test:    ✓ maps conflict removal and canonical replacement through escaped separators 322ms
@master/css:type-check: cache hit, suppressing logs ccd3459948750f5f
@master/css-internal:type-check: cache hit, suppressing logs 0923473ccebf44a7
@master/css-webpack:test: cache miss, executing d45f414ee9ab48c9
@master/eslint-plugin-css:test:  ✓ tests/svelte.test.ts (2 tests) 3928ms
@master/eslint-plugin-css:test:    ✓ svelte sort classes (2)
@master/eslint-plugin-css:test:      ✓ valid (1)
@master/eslint-plugin-css:test:        ✓ <div class="m:2x p:2x font:1.5rem bg:black fg:white">Simple, basic</div> 1907ms
@master/eslint-plugin-css:test:      ✓ invalid (1)
@master/eslint-plugin-css:test:        ✓ <div class="m:2x bg:black p:2x fg:white font:1.5rem">Enhancing readability</div> 2018ms
@master/css-webpack:test: $ vitest
@master/eslint-plugin-css:test:  ✓ tests/bug-hunt-vue-escaped-attribute.test.ts (2 tests) 4606ms
@master/eslint-plugin-css:test:    ✓ BH-0015 maps a Vue expression through both HTML entities and JavaScript escapes 1210ms
@master/eslint-plugin-css:test:    ✓ BH-0015 fixes the complete Vue source range without leaving entity fragments or invalid syntax 3394ms
@master/css-webpack:test: (!) Your Vite config uses features that are unsupported by `configLoader: 'native'`, which is planned to become the default in a future major version of Vite:
@master/css-webpack:test:   - import "../../shared/vitest.config" without a file extension (vitest.config.ts:2:20). Add the file extension
@master/css-webpack:test:   - import "./vitest-ci-config" without a file extension (../../shared/vitest.config.ts:2:58). Add the file extension
@master/css-webpack:test: Set `VITE_CONFIG_NATIVE_IGNORE_WARNING=true` to suppress this warning.
@master/css-webpack:test: 
@master/css-webpack:test:  RUN  v5.0.0 /Users/aron/master/css/packages/webpack
@master/css-webpack:test: 
@master/css-next:test:  ✓ tests/adapter.test.ts (13 tests) 11751ms
@master/css-next:test:    ✓ renderNextBuildOutputs (11)
@master/css-next:test:      ✓ disposes the build renderer after materializing its output 350ms
@master/css-next:test:      ✓ shares one build renderer without leaking rules between HTML outputs 397ms
@master/css-next:test:      ✓ disposes the build renderer when an output fails 430ms
@master/css-next:test:      ✓ renders Master CSS into static HTML outputs once 594ms
@master/css-next:test:      ✓ does not duplicate globals already emitted by project CSS entries 1470ms
@master/css-next:test:      ✓ writes static export hydration manifests into the default export root 768ms
@master/css-next:test:      ✓ derives a custom static export root from nested output metadata 833ms
@master/css-next:test:      ✓ fails when static export output metadata cannot identify the export root 1076ms
@master/css-next:test:      ✓ does not write empty Master CSS for non-Master classes 998ms
@master/css-next:test:      ✓ does not inline native-only managed CSS entry output 2344ms
@master/css-next:test:      ✓ keeps only generated CSS in style#master-css when native CSS is also present 2487ms
@master/css-webpack:test:  ✓ tests/bug-hunt-runtime-url-matrix.test.ts (14 tests) 10ms
@master/eslint-plugin-css:test:  ✓ tests/recommended-autofix.test.ts (2 tests) 6105ms
@master/eslint-plugin-css:test:    ✓ recommended config autofixes cross-rule class lists to a stable result 1915ms
@master/eslint-plugin-css:test:    ✓ recommended config autofixes mdx fenced examples 4185ms
@master/css-webpack:test:  ✓ tests/bug-hunt-runtime-start-hmr.test.ts (5 tests) 540ms
@master/eslint-plugin-css:test:  ✓ tests/react.test.ts (4 tests) 7302ms
@master/eslint-plugin-css:test:    ✓ class matching react (4)
@master/eslint-plugin-css:test:      ✓ valid (1)
@master/eslint-plugin-css:test:        ✓ <h1 className={"bg:black"}>Welcome {name}</h1> 1651ms
@master/eslint-plugin-css:test:      ✓ invalid (3)
@master/eslint-plugin-css:test:        ✓ <h1 className={"text-decoration:bad()"}>Welcome {name}</h1> 1832ms
@master/eslint-plugin-css:test:        ✓ 
@master/eslint-plugin-css:test:         import React from 'react'
@master/eslint-plugin-css:test:         import styled from '@master/styled.react'
@master/eslint-plugin-css:test: 
@master/eslint-plugin-css:test:         const H1 = styled.h1`text-decoration:bad()`
@master/eslint-plugin-css:test: 
@master/eslint-plugin-css:test:         export default () => (
@master/eslint-plugin-css:test:           <H1>Hello World</H1>
@master/eslint-plugin-css:test:         )
@master/eslint-plugin-css:test:        1654ms
@master/eslint-plugin-css:test:        ✓ 
@master/eslint-plugin-css:test:         import React from 'react'
@master/eslint-plugin-css:test:         import styled from '@master/styled.react'
@master/eslint-plugin-css:test: 
@master/eslint-plugin-css:test:         const H1 = styled.h1('text-decoration:bad()')
@master/eslint-plugin-css:test: 
@master/eslint-plugin-css:test:         export default () => (
@master/eslint-plugin-css:test:           <H1>Hello World</H1>
@master/eslint-plugin-css:test:         )
@master/eslint-plugin-css:test:        2144ms
@master/eslint-plugin-css:test:  ✓ tests/bug-hunt.test.ts (1 test) 1757ms
@master/eslint-plugin-css:test:    ✓ BH-0015 recognizes cooked JavaScript Unicode escapes in static class strings 1756ms
@master/css-next:test:  ✓ tests/bug-hunt-raw-sass-context.test.ts (6 tests) 14650ms
@master/css-next:test:    ✓ Next raw scss retains partial reference and edit dependencies 2837ms
@master/css-next:test:    ✓ Next raw sass retains partial reference and edit dependencies 4773ms
@master/css-next:test:    ✓ Next raw Sass uses configured implementation, load paths and additional data 2705ms
@master/css-next:test:    ✓ Next registers missing mapped CSS reference before error and recovers on creation 3957ms
@master/css-next:test:    ✓ Next watches a Sass partial that throws before loadedUrls are returned 344ms
@master/eslint-plugin-css:test:  ✓ tests/styles.test.ts (5 tests) 9413ms
@master/eslint-plugin-css:test:    ✓ class matching main utilities (5)
@master/eslint-plugin-css:test:      ✓ valid (3)
@master/eslint-plugin-css:test:        ✓ import { UtilityType } from "@master/css-schema/utility-type"; export default { utilities: [{ name: "btn", type: UtilityType.Semantic, layer: "components", rules: [{ selector: "&", declarations: { display: "block" } }] }] } 1558ms
@master/eslint-plugin-css:test:        ✓ import { UtilityType } from "@master/css-schema/utility-type"; export default { utilities: [{ name: "btn", type: UtilityType.Semantic, layer: "components", rules: [{ selector: "&", declarations: { fontSize: "0.75rem", height: "1.5rem", paddingLeft: "0.5rem", paddingRight: "0.5rem", borderRadius: "0.5rem" } }, { selector: "&", declarations: { display: "inline-flex" } }] }] } 1721ms
@master/eslint-plugin-css:test:        ✓ import { UtilityType } from "@master/css-schema/utility-type"; export default { utilities: [{ name: "btn", type: UtilityType.Semantic, layer: "components", rules: [{ selector: "&", declarations: { color: "red" } }] }] } 2255ms
@master/eslint-plugin-css:test:      ✓ invalid (2)
@master/eslint-plugin-css:test:        ✓ const classes = "text-decoration:bad()" 1586ms
@master/eslint-plugin-css:test:        ✓ const classes = { btn: ["text-decoration:bad()"] } 2283ms
@master/eslint-plugin-css:test:  ✓ tests/schema.test.ts (5 tests) 1862ms
@master/eslint-plugin-css:test:    ✓ accepts no-invalid-classes rule options explicitly 1807ms
@master/css-next:test:  ✓ tests/bug-hunt-static-asset-publication.test.ts (4 tests) 15387ms
@master/css-next:test:    ✓ static publication delivers resource owners and fresh immutable bytes: nested=false 1234ms
@master/css-next:test:    ✓ static publication delivers resource owners and fresh immutable bytes: nested=true 3075ms
@master/css-next:test:    ✓ static preparation rejects output failures and retries after the failure is removed 7143ms
@master/css-next:test:    ✓ static CSS loader reports newly discovered resource dependencies in the same invocation 3933ms
@master/eslint-plugin-css:test:  ✓ tests/bug-hunt-vue-attribute-mapping.test.ts (20 tests) 3940ms
@master/eslint-plugin-css:test:    ✓ maps raw diagnostic spans with separator &#32; and token zzz 2322ms
@master/css-webpack:test: [log]
@master/eslint-plugin-css:test:  ✓ tests/issues/400.test.ts (1 test) 2079ms
@master/eslint-plugin-css:test:    ✓ order (1)
@master/eslint-plugin-css:test:      ✓ valid (1)
@master/eslint-plugin-css:test:        ✓ /Users/aron/master/css/packages/eslint-plugin/tests/fixtures/issues/400/1.input.tsx 2078ms
@master/css-next:test:  ✓ tests/bug-hunt-output-source-maps.test.ts (6 tests) 16873ms
@master/css-next:test:    ✓ Next injected package entry retains pure CSS authoring lines in its callback map 2207ms
@master/css-next:test:    ✓ Next scss output map retains original root after additionalData 2711ms
@master/css-next:test:    ✓ Next sass output map retains original root after additionalData 2859ms
@master/css-next:test:    ✓ Next output map distinguishes imported Sass and injected CSS origins 5833ms
@master/css-next:test:    ✓ Next preprocessed Webpack input chains the supplied Sass map through lowering 2977ms
@master/eslint-plugin-css:test:  ✓ tests/angular.test.ts (1 test) 2177ms
@master/eslint-plugin-css:test:    ✓ sort classes (1)
@master/eslint-plugin-css:test:      ✓ invalid (1)
@master/eslint-plugin-css:test:        ✓ 
@master/eslint-plugin-css:test:           <div class="
@master/eslint-plugin-css:test:             m:2x
@master/eslint-plugin-css:test:             bg:black
@master/eslint-plugin-css:test:             p:2x
@master/eslint-plugin-css:test:             font:1.5rem
@master/eslint-plugin-css:test:             fg:white
@master/eslint-plugin-css:test:           ">
@master/eslint-plugin-css:test:             :)
@master/eslint-plugin-css:test:           </div> 2172ms
@master/css-webpack:test: [log]
@master/eslint-plugin-css:test:  ✓ tests/issues/376.test.ts (1 test) 1746ms
@master/eslint-plugin-css:test:    ✓ order (1)
@master/eslint-plugin-css:test:      ✓ valid (1)
@master/eslint-plugin-css:test:        ✓ /Users/aron/master/css/packages/eslint-plugin/tests/fixtures/issues/376/1.input.tsx 1745ms
@master/css-webpack:test: [log]
@master/css-webpack:test: [log]
@master/css-webpack:test: [log]
@master/css-webpack:test: [log]
@master/eslint-plugin-css:test:  ✓ tests/manifest-settings.test.ts (5 tests) 11553ms
@master/eslint-plugin-css:test:    ✓ uses explicit Master CSS manifest objects from ESLint settings 1519ms
@master/eslint-plugin-css:test:    ✓ uses project-level CSS manifest entries from the ESLint workspace 2356ms
@master/eslint-plugin-css:test:    ✓ uses the project manifest for files that have not been written yet 2489ms
@master/eslint-plugin-css:test:    ✓ reloads project manifests between lint runs in the same process 5186ms
@master/css-webpack:test: [log]
@master/css-webpack:test: [success] page.tsx 1 classes inserted in 7.9ms 
@master/css-next:test:  ✓ tests/bug-hunt-loader-graph-delivery.test.ts (5 tests) 18988ms
@master/css-next:test:    ✓ general Next loader publishes retained nested-resource graph 1859ms
@master/css-next:test:    ✓ general Next loader publishes retained external-import graph 1366ms
@master/css-next:test:    ✓ general Next delivered entry retains original native declaration source maps 3882ms
@master/css-next:test:    ✓ general Next scss delivered entry retains imported partial ownership and map 6275ms
@master/css-next:test:    ✓ general Next sass delivered entry retains imported partial ownership and map 5606ms
@master/eslint-plugin-css:test:  ✓ tests/issues/375.test.ts (1 test) 2129ms
@master/eslint-plugin-css:test:    ✓ order (1)
@master/eslint-plugin-css:test:      ✓ invalid (1)
@master/eslint-plugin-css:test:        ✓ /Users/aron/master/css/packages/eslint-plugin/tests/fixtures/issues/375/1.input.tsx 2127ms
@master/eslint-plugin-css:test:  ✓ tests/issues/387.test.ts (1 test) 2017ms
@master/eslint-plugin-css:test:    ✓ order (1)
@master/eslint-plugin-css:test:      ✓ invalid (1)
@master/eslint-plugin-css:test:        ✓ /Users/aron/master/css/packages/eslint-plugin/tests/fixtures/issues/387/1.input.tsx 2015ms
@master/css-webpack:test: [log]
@master/eslint-plugin-css:test:  ✓ tests/rust-context.test.ts (2 tests) 1412ms
@master/eslint-plugin-css:test:    ✓ uses the shared Rust-backed tooling session 1411ms
@master/eslint-plugin-css:test:  ✓ tests/no-invalid-classes.test.ts (9 tests) 15176ms
@master/eslint-plugin-css:test:    ✓ invalid (7)
@master/eslint-plugin-css:test:      ✓ valid (3)
@master/eslint-plugin-css:test:        ✓ <div class="m:2x p:2x bg:black fg:white font:1.5rem">Simple, basic</div> 2072ms
@master/eslint-plugin-css:test:        ✓ <div class={`f:${ fontSize }px`}>TemplateLiteral</div> 1749ms
@master/eslint-plugin-css:test:        ✓ <div class="{content:'';block}::after@light"></div> 1615ms
@master/eslint-plugin-css:test:      ✓ invalid (4)
@master/eslint-plugin-css:test:        ✓ <div class="bg:black text-decoration:bad() rrr">Simple, basic</div> 1360ms
@master/eslint-plugin-css:test:        ✓ <div class="bg:black text-decoration:bad() rrr">Simple, basic</div> 2242ms
@master/eslint-plugin-css:test:        ✓ <div class="a c d hello:world text-decoration:bad() mt:0 mt:0@sm">Error class</div> 1804ms
@master/eslint-plugin-css:test:        ✓ <div class="a c d hello:world text-decoration:bad() mt:0 mt:0@sm">Error class</div> 1677ms
@master/eslint-plugin-css:test:    ✓ invalid (2)
@master/eslint-plugin-css:test:      ✓ invalid (2)
@master/eslint-plugin-css:test:        ✓ <div class="btn rrr bg:black text-decoration:bad()">Simple, basic</div> 1451ms
@master/eslint-plugin-css:test:        ✓ <div class="btn a c d hello:world text-decoration:bad() mt:0 mt:0@sm">Error class</div> 1202ms
@master/css-webpack:test: [log]
@master/css-webpack:test: [log]
@master/css-webpack:test:  ✓ tests/runtime-e2e.test.ts (1 test) 9875ms
@master/css-webpack:test:    ✓ Webpack runtime mode (1)
@master/css-webpack:test:      ✓ injects runtime assets and preserves utility layer precedence over global CSS 9875ms
@master/css-webpack:test:  ✓ tests/bug-hunt-relative-assets.test.ts (1 test) 10751ms
@master/css-webpack:test:    ✓ resolves relative runtime assets from each emitted HTML directory 10750ms
@master/css-next:test:  ✓ tests/playground.test.ts (1 test) 23136ms
@master/css-next:test:    ✓ playground (1)
@master/css-next:test:      ✓ imports the global CSS entry as a Next config module 23135ms
@master/css-webpack:test: [log]
@master/css-webpack:test: [log]
@master/eslint-plugin-css:test:  ✓ tests/mdx.test.ts (9 tests) 17511ms
@master/eslint-plugin-css:test:    ✓ mdx sort classes (3)
@master/eslint-plugin-css:test:      ✓ valid (1)
@master/eslint-plugin-css:test:        ✓ <div class="m:2x p:2x font:1.5rem bg:black fg:white">Simple, basic</div> 2092ms
@master/eslint-plugin-css:test:      ✓ invalid (2)
@master/eslint-plugin-css:test:        ✓ 
@master/eslint-plugin-css:test:       # Test
@master/eslint-plugin-css:test:       <div class="m:2x bg:black p:2x fg:white font:1.5rem">Simple</div> 1723ms
@master/eslint-plugin-css:test:        ✓ ```html
@master/eslint-plugin-css:test: <button class="inline-flex align-items:center gap:2x px:md py:xs r:md fg:white bg:blue-60">
@master/eslint-plugin-css:test:     Save
@master/eslint-plugin-css:test: </button>
@master/eslint-plugin-css:test: ``` 1857ms
@master/eslint-plugin-css:test:    ✓ mdx no conflicting classes (2)
@master/eslint-plugin-css:test:      ✓ invalid (2)
@master/eslint-plugin-css:test:        ✓ <div class="m:10px m:20px m:30px:hover m:40px@dark">Simple</div> 1893ms
@master/eslint-plugin-css:test:        ✓ ```html
@master/eslint-plugin-css:test: <div class="m:10px m:20px">Simple</div>
@master/eslint-plugin-css:test: ``` 2035ms
@master/eslint-plugin-css:test:    ✓ mdx no invalid classes (1)
@master/eslint-plugin-css:test:      ✓ invalid (1)
@master/eslint-plugin-css:test:        ✓ ```html
@master/eslint-plugin-css:test: <div class="btn">Simple</div>
@master/eslint-plugin-css:test: ``` 1597ms
@master/eslint-plugin-css:test:    ✓ mdx prefer canonical classes (2)
@master/eslint-plugin-css:test:      ✓ valid (1)
@master/eslint-plugin-css:test:        ✓ ```html
@master/eslint-plugin-css:test: <div class="font:16px">Simple</div>
@master/eslint-plugin-css:test: ``` 1632ms
@master/eslint-plugin-css:test:      ✓ invalid (1)
@master/eslint-plugin-css:test:        ✓ ```html
@master/eslint-plugin-css:test: <button class="inline-flex align-items:center gap:2x px:md py:xs r:md fg:white bg:blue-60">
@master/eslint-plugin-css:test:     Save
@master/eslint-plugin-css:test: </button>
@master/eslint-plugin-css:test: ``` 3382ms
@master/eslint-plugin-css:test:    ✓ mdx no unapproved raw values (1)
@master/eslint-plugin-css:test:      ✓ invalid (1)
@master/eslint-plugin-css:test:        ✓ ```html
@master/eslint-plugin-css:test: <div class="font:15px w:17px">Simple</div>
@master/eslint-plugin-css:test: ``` 1295ms
@master/eslint-plugin-css:test:  ✓ tests/vue.test.ts (11 tests) 19372ms
@master/eslint-plugin-css:test:    ✓ vue sort classes (11)
@master/eslint-plugin-css:test:      ✓ valid (2)
@master/eslint-plugin-css:test:        ✓ <div class="m:2x p:2x font:1.5rem bg:black fg:white">Simple, basic</div> 1936ms
@master/eslint-plugin-css:test:        ✓ <template><div :class="[condition && 'm:2x p:2x', , null, false]">Sparse array</div></template> 1720ms
@master/eslint-plugin-css:test:      ✓ invalid (9)
@master/eslint-plugin-css:test:        ✓ <template><div class="m:2x bg:black p:2x fg:white font:1.5rem">Enhancing readability</div></template> 2098ms
@master/eslint-plugin-css:test:        ✓ <template><div class="m:2x bg:black p:2x fg:white font:1.5rem">Classnames will be ordered</div></template> 1800ms
@master/eslint-plugin-css:test:        ✓ <template><div :class="['m:2x bg:black p:2x fg:white font:1.5rem']">Enhancing readability 2</div></template> 2015ms
@master/eslint-plugin-css:test:        ✓ <template><div :class="'m:2x bg:black p:2x fg:white font:1.5rem'">Static bound class</div></template> 1856ms
@master/eslint-plugin-css:test:        ✓ <template><div v-bind:class="{'m:2x bg:black p:2x fg:white font:1.5rem': true}">:)...</div></template> 1850ms
@master/eslint-plugin-css:test:        ✓ <template><div :class="ctl(`m:2x bg:black p:2x fg:white font:1.5rem`)" /></template> 1356ms
@master/eslint-plugin-css:test:        ✓ 
@master/eslint-plugin-css:test:           <template>
@master/eslint-plugin-css:test:             <div v-bind="data" :class="[
@master/eslint-plugin-css:test:             'transition py:1px font:medium',
@master/eslint-plugin-css:test:             {
@master/eslint-plugin-css:test:               'fg:white': variant === 'white',
@master/eslint-plugin-css:test:               'fg:blue-50 fg:blue-40:hover b:blue-50': variant === 'primary',
@master/eslint-plugin-css:test:               'text-decoration:underline|dotted text-underline-offset:10': active
@master/eslint-plugin-css:test:             }
@master/eslint-plugin-css:test:             ]" />
@master/eslint-plugin-css:test:           </template> 1786ms
@master/eslint-plugin-css:test:        ✓ 
@master/eslint-plugin-css:test:           <template>
@master/eslint-plugin-css:test:             <div :class="[
@master/eslint-plugin-css:test:               true
@master/eslint-plugin-css:test:                 ? 'fg:#aaaaaa {content:\'\';block;h:full;w:full;abs}::after bg:#ffffff'
@master/eslint-plugin-css:test:                 : 'fg:#ffffff'
@master/eslint-plugin-css:test:             ]"/>
@master/eslint-plugin-css:test:           </template> 1658ms
@master/eslint-plugin-css:test:        ✓ <template>
@master/eslint-plugin-css:test:             <input   type="password"
@master/eslint-plugin-css:test:               placeholder="..."
@master/eslint-plugin-css:test:               class="bg:black p:2x fg:white font:1.5rem m:2x"
@master/eslint-plugin-css:test:               @blur.prevent="" />
@master/eslint-plugin-css:test:             </template> 1296ms
@master/css-webpack:test: [log]
@master/css-webpack:test: [log]
@master/css-webpack:test:  ✓ tests/bug-hunt-entry-ownership.test.ts (2 tests) 10571ms
@master/css-webpack:test:    ✓ native CSS and resources remain owned by their entry: lazy=false 6040ms
@master/css-webpack:test:    ✓ native CSS and resources remain owned by their entry: lazy=true 4529ms
@master/css-webpack:test: [log]
@master/css-vite:test:  ❯ tests/plugins/bug-hunt-build-config-recovery.test.ts (24 tests | 20 failed) 21868ms
@master/css-vite:test:    × failed config-sync releases unstarted recovery material (static) 489ms
@master/css-vite:test:    × failed config-async releases unstarted recovery material (static) 359ms
@master/css-vite:test:    × failed factory releases unstarted recovery material (static) 794ms
@master/css-vite:test:    × failed environment-init releases unstarted recovery material (static) 616ms
@master/css-vite:test:    ✓ custom build environment initialization and watch ownership survive (static) 1459ms
@master/css-vite:test:    × failed config-sync releases unstarted recovery material (runtime) 807ms
@master/css-vite:test:    × failed config-async releases unstarted recovery material (runtime) 679ms
@master/css-vite:test:    × failed factory releases unstarted recovery material (runtime) 560ms
@master/css-vite:test:    × failed environment-init releases unstarted recovery material (runtime) 969ms
@master/css-vite:test:    ✓ custom build environment initialization and watch ownership survive (runtime) 1663ms
@master/css-vite:test:    × failed config-sync releases unstarted recovery material (pre-render) 848ms
@master/css-vite:test:    × failed config-async releases unstarted recovery material (pre-render) 687ms
@master/css-vite:test:    × failed factory releases unstarted recovery material (pre-render) 573ms
@master/css-vite:test:    × failed environment-init releases unstarted recovery material (pre-render) 643ms
@master/css-vite:test:    ✓ custom build environment initialization and watch ownership survive (pre-render) 2062ms
@master/css-vite:test:    × failed config-sync releases unstarted recovery material (progressive) 674ms
@master/css-vite:test:    × failed config-async releases unstarted recovery material (progressive) 508ms
@master/css-vite:test:    × failed factory releases unstarted recovery material (progressive) 590ms
@master/css-vite:test:    × failed environment-init releases unstarted recovery material (progressive) 662ms
@master/css-vite:test:    ✓ custom build environment initialization and watch ownership survive (progressive) 1887ms
@master/css-vite:test:    × configuration releases unstarted environments when a peer factory fails (shared=true) 563ms
@master/css-vite:test:    × configuration releases unstarted environments when a peer init fails (shared=true) 322ms
@master/css-vite:test:    × configuration releases unstarted environments when a peer factory fails (shared=false) 1617ms
@master/css-vite:test:    × configuration releases unstarted environments when a peer init fails (shared=false) 1836ms
@master/css-language-service:test:  ✓ tests/get-class-position/test.ts (13 tests) 19245ms
@master/css-language-service:test:    ✓ empty class with single quotes 7928ms
@master/css-language-service:test:    ✓ empty class with double quotes 7928ms
@master/css-language-service:test:    ✓ one class 7928ms
@master/css-language-service:test:    ✓ two classes 7928ms
@master/css-language-service:test:    ✓ full-width spaces are part of the class token 7928ms
@master/css-language-service:test:    ✓ valid classes 7526ms
@master/css-language-service:test:    ✓ class in CSS @compose 7526ms
@master/css-language-service:test:    ✓ class in Vue style @compose 7526ms
@master/css-language-service:test:    ✓ ignores quoted CSS @compose classes 7526ms
@master/css-language-service:test:    ✓ quote in class 7526ms
@master/css-language-service:test:    ✓ group syntax 3790ms
@master/css-language-service:test:    ✓ ignores class attributes inside HTML comments 3790ms
@master/css-language-service:test:    ✓ nested strings and literals 3790ms
@master/css-webpack:test: [log]
@master/css-webpack:test: [log]
@master/css-language-service:test:  ✓ tests/get-class-position/svelte.test.ts (14 tests) 21183ms
@master/css-language-service:test:    ✓ empty class with single quotes 8545ms
@master/css-language-service:test:    ✓ empty class with double quotes 8545ms
@master/css-language-service:test:    ✓ one class 8544ms
@master/css-language-service:test:    ✓ two classes 8544ms
@master/css-language-service:test:    ✓ full-width spaces are part of the class token 8544ms
@master/css-language-service:test:    ✓ valid classes 7554ms
@master/css-language-service:test:    ✓ class in CSS @compose 7554ms
@master/css-language-service:test:    ✓ class in Vue style @compose 7554ms
@master/css-language-service:test:    ✓ ignores quoted CSS @compose classes 7554ms
@master/css-language-service:test:    ✓ quote in class 7554ms
@master/css-language-service:test:    ✓ group syntax 5052ms
@master/css-language-service:test:    ✓ ignores class attributes inside HTML comments 5052ms
@master/css-language-service:test:    ✓ nested strings and literals 5052ms
@master/css-language-service:test:    ✓ class in ternary operator 5052ms
@master/css-vite:test: stdout | tests/plugins/bug-hunt-imported-sass-original-maps.test.ts > imported Sass maps original file and token: css / scss / partial=false / identity / build
@master/css-vite:test: {"rootExtension":"css","syntax":"scss","partial":false,"addition":"identity","command":"build","diagnostic":{"version":2,"code":"invalid-compose-class","domain":"compiler","severity":"error","message":"Invalid @compose class: unknown-utility","source":"/private/tmp/master-css-original-import-map-2D2evG/nested/child.scss","range":{"start":{"line":3,"character":11},"end":{"line":3,"character":26}}},"additionalDataCalls":["/private/tmp/master-css-original-import-map-2D2evG/nested/child.scss"]}
@master/css-vite:test: 
@master/css-language-service:test:  ✓ tests/get-class-position/unescape.test.ts (15 tests) 21884ms
@master/css-language-service:test:    ✓ empty class with single quotes 7969ms
@master/css-language-service:test:    ✓ empty class with double quotes 7968ms
@master/css-language-service:test:    ✓ one class 7968ms
@master/css-language-service:test:    ✓ two classes 7968ms
@master/css-language-service:test:    ✓ full-width spaces are part of the class token 7968ms
@master/css-language-service:test:    ✓ valid classes 7684ms
@master/css-language-service:test:    ✓ class in CSS @compose 7684ms
@master/css-language-service:test:    ✓ class in Vue style @compose 7684ms
@master/css-language-service:test:    ✓ ignores quoted CSS @compose classes 7684ms
@master/css-language-service:test:    ✓ quote in class 7684ms
@master/css-language-service:test:    ✓ group syntax 6230ms
@master/css-language-service:test:    ✓ ignores class attributes inside HTML comments 6230ms
@master/css-language-service:test:    ✓ nested strings and literals 6230ms
@master/css-language-service:test:    ✓ single quote 6230ms
@master/css-language-service:test:    ✓ escaped backticks 6230ms
@master/css-language-service:test:  ✓ tests/get-class-position/astro.test.ts (15 tests) 22120ms
@master/css-language-service:test:    ✓ empty class with single quotes 8117ms
@master/css-language-service:test:    ✓ empty class with double quotes 8117ms
@master/css-language-service:test:    ✓ one class 8117ms
@master/css-language-service:test:    ✓ two classes 8117ms
@master/css-language-service:test:    ✓ full-width spaces are part of the class token 8117ms
@master/css-language-service:test:    ✓ valid classes 7632ms
@master/css-language-service:test:    ✓ class in CSS @compose 7632ms
@master/css-language-service:test:    ✓ class in Vue style @compose 7632ms
@master/css-language-service:test:    ✓ ignores quoted CSS @compose classes 7632ms
@master/css-language-service:test:    ✓ quote in class 7632ms
@master/css-language-service:test:    ✓ group syntax 6369ms
@master/css-language-service:test:    ✓ ignores class attributes inside HTML comments 6369ms
@master/css-language-service:test:    ✓ nested strings and literals 6369ms
@master/css-language-service:test:    ✓ class in ternary operator 6368ms
@master/css-language-service:test:    ✓ mixed class assignment formats 6368ms
@master/css-webpack:test: [log]
@master/css-webpack:test: [log]
@master/css-webpack:test: [log]
@master/css-language-service:test:  ✓ tests/render-semantic-tokens.test.ts (15 tests) 22461ms
@master/css-language-service:test:    ✓ renders semantic tokens for class attributes 9297ms
@master/css-language-service:test:    ✓ renders semantic tokens for CSS-like values 9297ms
@master/css-language-service:test:    ✓ renders semantic tokens for vendor-prefixed native declarations 9297ms
@master/css-language-service:test:    ✓ renders semantic tokens for container queries and slash-separated string values 9297ms
@master/css-language-service:test:    ✓ renders semantic tokens for internal styles dogfood directives 9297ms
@master/css-language-service:test:    ✓ renders semantic tokens for grouped declarations, strings, units, and important marks 7304ms
@master/css-language-service:test:    ✓ renders native-aligned semantic tokens for grouped classes with selector suffixes 7304ms
@master/css-language-service:test:    ✓ renders semantic tokens only for CSS directive class-list spans 7304ms
@master/css-language-service:test:    ✓ does not render semantic tokens for theme directive declarations 7304ms
@master/css-language-service:test:    ✓ renders semantic tokens only for compose class lists inside managed definition directives 7304ms
@master/css-language-service:test:    ✓ renders CSS directive ranges with quoted semicolons 5858ms
@master/css-language-service:test:    ✓ does not tokenize quoted compose preludes as class lists 5858ms
@master/css-language-service:test:    ✓ does not render semantic tokens for custom variant directive syntax 5858ms
@master/css-language-service:test:    ✓ does not render inline theme modifier semantic tokens 5858ms
@master/css-language-service:test:    ✓ does not render non-entry @master at-rules as CSS directives 5858ms
@master/css-webpack:test:  ❯ tests/plugin-runtime.test.ts (23 tests | 2 failed) 15324ms
@master/css-webpack:test:    ❯ MasterCSSWebpackPlugin (C1 race fix) (23)
@master/css-webpack:test:      ✓ leaves CSS @import @master/css package imports unchanged 7ms
@master/css-webpack:test:      ✓ leaves non-CSS @master/css imports unchanged 1ms
@master/css-webpack:test:      ✓ adds managed CSS entry files as virtual manifest dependencies 261ms
@master/css-webpack:test:      ✓ adds managed CSS import graph as virtual manifest dependencies 694ms
@master/css-webpack:test:      ✓ prunes managed CSS entry native CSS and uses its config 2365ms
@master/css-webpack:test:      ✓ includes package base CSS for managed package imports 4365ms
@master/css-webpack:test:      ✓ keeps managed CSS fallback reset dependencies after failed style registration 1494ms
@master/css-webpack:test:      ✓ resets scanner when the default CSS manifest changes in watch mode 915ms
@master/css-webpack:test:      ✓ resets scanner when a managed CSS import dependency changes in watch mode 761ms
@master/css-webpack:test:      × fails a watch build on reset replay errors and recovers on the next reset 570ms
@master/css-webpack:test:      × registers reset dependencies with the active compilation 2ms
@master/css-webpack:test:      ✓ does not reset scanner when a non-manifest file changes in watch mode 542ms
@master/css-webpack:test:      ✓ finishModules.tapPromise awaits all scanner.scanModule() calls before resolving 611ms
@master/css-webpack:test:      ✓ regression: SyncHook + tap(async) DOES NOT await — proves the original bug 0ms
@master/css-webpack:test:      ✓ per-compilation pendingByPath is isolated across watch rebuilds 1105ms
@master/css-webpack:test:      ✓ modules without a resource path are skipped without throwing 901ms
@master/css-webpack:test:      ✓ internal config virtual modules are not re-scanned 725ms
@master/css-webpack:test:      ✓ registers a runtime entry only when runtime injection is enabled 1ms
@master/css-webpack:test:      ✓ injects classic runtime script and pure-runtime preloads into emitted HTML assets 2ms
@master/css-webpack:test:      ✓ injects module runtime preloads for module output 1ms
@master/css-webpack:test:      ✓ does not duplicate runtime script or preload tags with "\"" quotes 1ms
@master/css-webpack:test:      ✓ does not duplicate runtime script or preload tags with "'" quotes 0ms
@master/css-webpack:test:      ✓ does not duplicate runtime script or preload tags with "" quotes 0ms
@master/css-vite:test: stdout | tests/plugins/bug-hunt-imported-sass-original-maps.test.ts > imported Sass maps original file and token: css / scss / partial=false / identity / serve
@master/css-vite:test: {"rootExtension":"css","syntax":"scss","partial":false,"addition":"identity","command":"serve","diagnostic":{"version":2,"code":"invalid-compose-class","domain":"compiler","severity":"error","message":"Invalid @compose class: unknown-utility","source":"/private/tmp/master-css-original-import-map-7ylXrS/nested/child.scss","range":{"start":{"line":3,"character":11},"end":{"line":3,"character":26}}},"additionalDataCalls":["/private/tmp/master-css-original-import-map-7ylXrS/nested/child.scss"]}
@master/css-vite:test: 
@master/css-language-service:test:  ✓ tests/session.test.ts (6 tests) 23131ms
@master/css-language-service:test:    ✓ Rust-backed language service (6)
@master/css-language-service:test:      ✓ uses Rust for document contexts and hover inspection 1436ms
@master/css-language-service:test:      ✓ uses the Rust completion index 8477ms
@master/css-language-service:test:      ✓ does not render static theme modifier semantic tokens 1391ms
@master/css-language-service:test:      ✓ uses the injected runtime default manifest for completions 8802ms
@master/css-language-service:test:      ✓ uses the injected runtime for hover CSS previews 1817ms
@master/css-language-service:test:      ✓ uses the injected runtime variables for document colors 1206ms
@master/css-language-service:test:  ✓ tests/get-class-position/styled.test.ts (16 tests) 23396ms
@master/css-language-service:test:    ✓ empty class with single quotes 9221ms
@master/css-language-service:test:    ✓ empty class with double quotes 9221ms
@master/css-language-service:test:    ✓ one class 9221ms
@master/css-language-service:test:    ✓ two classes 9221ms
@master/css-language-service:test:    ✓ full-width spaces are part of the class token 9221ms
@master/css-language-service:test:    ✓ valid classes 7386ms
@master/css-language-service:test:    ✓ class in CSS @compose 7386ms
@master/css-language-service:test:    ✓ class in Vue style @compose 7386ms
@master/css-language-service:test:    ✓ ignores quoted CSS @compose classes 7386ms
@master/css-language-service:test:    ✓ quote in class 7386ms
@master/css-language-service:test:    ✓ group syntax 5788ms
@master/css-language-service:test:    ✓ ignores class attributes inside HTML comments 5788ms
@master/css-language-service:test:    ✓ nested strings and literals 5788ms
@master/css-language-service:test:    ✓ styled template literal 5788ms
@master/css-language-service:test:    ✓ styled template literal and new lines 5788ms
@master/css-language-service:test:    ✓ styled invoked 999ms
@master/css-language-service:test:  ✓ tests/render-css-semantic-tokens.test.ts (16 tests) 23205ms
@master/css-language-service:test:    ✓ does not render semantic tokens for native CSS-only documents 8212ms
@master/css-language-service:test:    ✓ renders CSS document semantic tokens only inside directive class-list ranges 8212ms
@master/css-language-service:test:    ✓ renders CSS directives in SCSS-like sources 8212ms
@master/css-language-service:test:    ✓ renders detailed CSS directive semantic tokens only for class-list syntax 8212ms
@master/css-language-service:test:    ✓ renders CSS directives in LESS-like sources 8212ms
@master/css-language-service:test:    ✓ does not synthesize a closing directive brace for incomplete CSS blocks 7882ms
@master/css-language-service:test:    ✓ shares class position detection with semantic token spans 7882ms
@master/css-language-service:test:    ✓ renders active semantic tokens for the class context at a position 7882ms
@master/css-language-service:test:    ✓ renders active semantic tokens for a class context when the cursor is on whitespace 7882ms
@master/css-language-service:test:    ✓ renders active semantic tokens only for the current class string context 7882ms
@master/css-language-service:test:    ✓ skips full embedded semantic tokens in active mode 5718ms
@master/css-language-service:test:    ✓ does not render active semantic tokens for CSS directive syntax at a position 5718ms
@master/css-language-service:test:    ✓ renders active semantic tokens for CSS directive class-list spans 5718ms
@master/css-language-service:test:    ✓ does not render active semantic tokens for custom variant blocks 5718ms
@master/css-language-service:test:    ✓ skips embedded semantic tokens when syntax highlighting is off 5718ms
@master/css-language-service:test:    ✓ renders CSS directive class-list semantic tokens when embedded highlighting is off 1391ms
@master/css-language-service:test:  ✓ tests/get-class-position/assignments.test.ts (16 tests) 23934ms
@master/css-language-service:test:    ✓ empty class with single quotes 8529ms
@master/css-language-service:test:    ✓ empty class with double quotes 8529ms
@master/css-language-service:test:    ✓ one class 8529ms
@master/css-language-service:test:    ✓ two classes 8528ms
@master/css-language-service:test:    ✓ full-width spaces are part of the class token 8528ms
@master/css-language-service:test:    ✓ valid classes 7981ms
@master/css-language-service:test:    ✓ class in CSS @compose 7981ms
@master/css-language-service:test:    ✓ class in Vue style @compose 7981ms
@master/css-language-service:test:    ✓ ignores quoted CSS @compose classes 7981ms
@master/css-language-service:test:    ✓ quote in class 7981ms
@master/css-language-service:test:    ✓ group syntax 6158ms
@master/css-language-service:test:    ✓ ignores class attributes inside HTML comments 6157ms
@master/css-language-service:test:    ✓ nested strings and literals 6157ms
@master/css-language-service:test:    ✓ clsx 6157ms
@master/css-language-service:test:    ✓ styled 6157ms
@master/css-language-service:test:    ✓ escaped single quotes 1264ms
@master/css-vite:test: stdout | tests/plugins/bug-hunt-imported-sass-original-maps.test.ts > imported Sass maps original file and token: css / scss / partial=false / string / build
@master/css-vite:test: {"rootExtension":"css","syntax":"scss","partial":false,"addition":"string","command":"build","diagnostic":{"version":2,"code":"invalid-compose-class","domain":"compiler","severity":"error","message":"Invalid @compose class: unknown-utility","source":"/private/tmp/master-css-original-import-map-JODpHX/nested/child.scss","range":{"start":{"line":3,"character":11},"end":{"line":3,"character":26}}},"additionalDataCalls":[]}
@master/css-vite:test: 
@master/css-webpack:test: [log]
@master/css-language-service:test:  ✓ tests/get-class-position/strings.test.ts (17 tests) 24984ms
@master/css-language-service:test:    ✓ empty class with single quotes 8343ms
@master/css-language-service:test:    ✓ empty class with double quotes 8343ms
@master/css-language-service:test:    ✓ one class 8343ms
@master/css-language-service:test:    ✓ two classes 8343ms
@master/css-language-service:test:    ✓ full-width spaces are part of the class token 8342ms
@master/css-language-service:test:    ✓ valid classes 7879ms
@master/css-language-service:test:    ✓ class in CSS @compose 7879ms
@master/css-language-service:test:    ✓ class in Vue style @compose 7879ms
@master/css-language-service:test:    ✓ ignores quoted CSS @compose classes 7879ms
@master/css-language-service:test:    ✓ quote in class 7879ms
@master/css-language-service:test:    ✓ group syntax 6286ms
@master/css-language-service:test:    ✓ ignores class attributes inside HTML comments 6286ms
@master/css-language-service:test:    ✓ nested strings and literals 6286ms
@master/css-language-service:test:    ✓ var (3)
@master/css-language-service:test:      ✓ configured class declaration with double quotes 2144ms
@master/css-language-service:test:      ✓ configured class declaration with single quotes 2144ms
@master/css-language-service:test:      ✓ configured class declaration with literals 2475ms
@master/css-language-service:test:    ✓ object (1)
@master/css-language-service:test:      ✓ configured class declaration property with double quotes 2475ms
@master/eslint-plugin-css:test:  ✓ tests/adapter-settings.test.ts (18 tests) 28131ms
@master/eslint-plugin-css:test:    ✓ adapter source matching defaults (7)
@master/eslint-plugin-css:test:      ✓ valid (2)
@master/eslint-plugin-css:test:        ✓ twMerge('fg:white block') 1668ms
@master/eslint-plugin-css:test:        ✓ classList.contains('fg:white block') 1889ms
@master/eslint-plugin-css:test:      ✓ invalid (5)
@master/eslint-plugin-css:test:        ✓ classList.add('fg:white block') 1827ms
@master/eslint-plugin-css:test:        ✓ classList.remove('fg:white block') 2086ms
@master/eslint-plugin-css:test:        ✓ classList.toggle('fg:white block') 1765ms
@master/eslint-plugin-css:test:        ✓ classList.replace('fg:white block', 'p:2x m:2x') 1795ms
@master/eslint-plugin-css:test:        ✓ classList['add']('fg:white block') 1653ms
@master/eslint-plugin-css:test:    ✓ adapter source matching custom settings (11)
@master/eslint-plugin-css:test:      ✓ valid (4)
@master/eslint-plugin-css:test:        ✓ <div data-class-extra="fg:white block" /> 1510ms
@master/eslint-plugin-css:test:        ✓ twMerge('fg:white block') 1657ms
@master/eslint-plugin-css:test:        ✓ const stylesExtra = 'fg:white block' 1594ms
@master/eslint-plugin-css:test:        ✓ const theme = { stylesExtra: 'fg:white block' } 1424ms
@master/eslint-plugin-css:test:      ✓ invalid (7)
@master/eslint-plugin-css:test:        ✓ <div data-class="fg:white block" data-tw="p:2x m:2x" /> 1369ms
@master/eslint-plugin-css:test:        ✓ tw('fg:white block') 1447ms
@master/eslint-plugin-css:test:        ✓ tokens.cx('fg:white block') 1089ms
@master/eslint-plugin-css:test:        ✓ tokens.cx`fg:white block` 1373ms
@master/eslint-plugin-css:test:        ✓ const styles = 'fg:white block' 1332ms
@master/eslint-plugin-css:test:        ✓ const classesList = { primary: 'fg:white block' } 1334ms
@master/eslint-plugin-css:test:        ✓ const theme = { styles: 'fg:white block' } 1297ms
@master/css-vite:test: stdout | tests/plugins/bug-hunt-imported-sass-original-maps.test.ts > imported Sass maps original file and token: css / scss / partial=false / string / serve
@master/css-vite:test: {"rootExtension":"css","syntax":"scss","partial":false,"addition":"string","command":"serve","diagnostic":{"version":2,"code":"invalid-compose-class","domain":"compiler","severity":"error","message":"Invalid @compose class: unknown-utility","source":"/private/tmp/master-css-original-import-map-8TCQjP/nested/child.scss","range":{"start":{"line":3,"character":11},"end":{"line":3,"character":26}}},"additionalDataCalls":[]}
@master/css-vite:test: 
@master/css-webpack:test: stderr | tests/bug-hunt-static-watch-recovery.test.ts > watch reports a missing resource as compilation errors and recovers without invalidation
@master/css-webpack:test: [master-css.webpack] reset replay failed: Error: ENOENT: no such file or directory, open '/private/tmp/master-webpack-watch-test-KTPTrP/pixel.svg'
@master/css-webpack:test:     at Object.openSync (node:fs:622:18)
@master/css-webpack:test:     at readFileSync (node:fs:488:35)
@master/css-webpack:test:     at prepareDelivery (/Users/aron/master/css/packages/compiler/dist/stylesheet/delivery.js:31:5)
@master/css-webpack:test:     at compileGraph (/Users/aron/master/css/packages/compiler/dist/stylesheet/delivery.js:49:19)
@master/css-webpack:test:     at registerDeliveredStylesheet (/Users/aron/master/css/packages/compiler/dist/stylesheet/delivery.js:213:17)
@master/css-webpack:test:     at registerStylesheetSource (/Users/aron/master/css/packages/compiler/dist/stylesheet/index.js:401:31)
@master/css-webpack:test:     at MasterCSSStylesheetCollection.register (/Users/aron/master/css/packages/compiler/dist/stylesheet/public.js:192:24)
@master/css-webpack:test:     at MasterCSSWebpackPlugin.registerStylesheetSource (/Users/aron/master/css/packages/webpack/dist/plugin.js:193:42)
@master/css-webpack:test:     at /Users/aron/master/css/packages/webpack/dist/plugin.js:266:70
@master/css-webpack:test:     at Array.map (<anonymous>) {
@master/css-webpack:test:   errno: -2,
@master/css-webpack:test:   code: 'ENOENT',
@master/css-webpack:test:   syscall: 'open',
@master/css-webpack:test:   path: '/private/tmp/master-webpack-watch-test-KTPTrP/pixel.svg'
@master/css-webpack:test: }
@master/css-webpack:test: 
@master/css-webpack:test: [log]
@master/css-next:test:  ✓ tests/stylesheet-loader.test.ts (9 tests) 33634ms
@master/css-next:test:    ✓ Next style CSS loader (9)
@master/css-next:test:      ✓ derives native CSS from @master/css instead of hardcoding a package subpath 4227ms
@master/css-next:test:      ✓ keeps @master entry lightweight without importing package CSS 1573ms
@master/css-next:test:      ✓ preserves native CSS and keyframes from imported Master entry graphs 7986ms
@master/css-next:test:      ✓ locally lowers @compose in CSS Modules without importing package CSS 3265ms
@master/css-next:test:      ✓ locally lowers explicit @reference CSS Modules without importing package CSS 1790ms
@master/css-next:test:      ✓ emits referenced default theme variables for page-level CSS 7152ms
@master/css-next:test:      ✓ dedupes referenced default theme variables already emitted by global CSS for page-level CSS 5570ms
@master/css-next:test:      ✓ keeps local style dependencies registered after invalid @compose and recovers on the next run 1888ms
@master/css-webpack:test: [log]
@master/css-vite:test: stdout | tests/plugins/bug-hunt-imported-sass-original-maps.test.ts > imported Sass maps original file and token: css / scss / partial=false / mapped / build
@master/css-vite:test: {"rootExtension":"css","syntax":"scss","partial":false,"addition":"mapped","command":"build","diagnostic":{"version":2,"code":"invalid-compose-class","domain":"compiler","severity":"error","message":"Invalid @compose class: unknown-utility","source":"/private/tmp/master-css-original-import-map-UPnX9A/nested/child.scss","range":{"start":{"line":3,"character":11},"end":{"line":3,"character":26}}},"additionalDataCalls":["/private/tmp/master-css-original-import-map-UPnX9A/nested/child.scss"]}
@master/css-vite:test: 
@master/css-webpack:test:  ✓ tests/bug-hunt-resource-snapshot.test.ts (3 tests) 19437ms
@master/css-webpack:test:    ✓ resource names and bytes share one snapshot across entries: write 8087ms
@master/css-webpack:test:    ✓ resource names and bytes share one snapshot across entries: delete 5833ms
@master/css-webpack:test:    ✓ resource names and bytes share one snapshot across entries: none 5516ms
@master/css-language-service:test:  ✓ tests/get-class-position/vue.test.ts (18 tests) 26655ms
@master/css-language-service:test:    ✓ empty class with single quotes 8594ms
@master/css-language-service:test:    ✓ empty class with double quotes 8594ms
@master/css-language-service:test:    ✓ one class 8594ms
@master/css-language-service:test:    ✓ two classes 8594ms
@master/css-language-service:test:    ✓ full-width spaces are part of the class token 8594ms
@master/css-language-service:test:    ✓ valid classes 8026ms
@master/css-language-service:test:    ✓ class in CSS @compose 8026ms
@master/css-language-service:test:    ✓ class in Vue style @compose 8026ms
@master/css-language-service:test:    ✓ ignores quoted CSS @compose classes 8026ms
@master/css-language-service:test:    ✓ quote in class 8026ms
@master/css-language-service:test:    ✓ group syntax 6394ms
@master/css-language-service:test:    ✓ ignores class attributes inside HTML comments 6394ms
@master/css-language-service:test:    ✓ nested strings and literals 6394ms
@master/css-language-service:test:    ✓ class in class array 6394ms
@master/css-language-service:test:    ✓ class in object syntax 6394ms
@master/css-language-service:test:    ✓ class in ternary operator 3639ms
@master/css-language-service:test:    ✓ class in v-bind 3639ms
@master/css-language-service:test:    ✓ multiple :class assignments 3639ms
@master/eslint-plugin-css:test:  ✓ tests/no-unapproved-raw-values.test.ts (20 tests) 28784ms
@master/eslint-plugin-css:test:    ✓ no unapproved raw values (11)
@master/eslint-plugin-css:test:      ✓ valid (7)
@master/eslint-plugin-css:test:        ✓ <div class="font:md m:md m:md|lg fg:red-60 text-center">Tokens and static utilities</div> 1698ms
@master/eslint-plugin-css:test:        ✓ <div class="font:error unknown-class">Invalid and unknown classes are ignored</div> 1819ms
@master/eslint-plugin-css:test:        ✓ <div class="font:15px">Raw values disabled</div> 1913ms
@master/eslint-plugin-css:test:        ✓ <div class="w:50%">Allowed by generated property</div> 1788ms
@master/eslint-plugin-css:test:        ✓ <div class="w:50%">Allowed by class key</div> 1101ms
@master/eslint-plugin-css:test:        ✓ <div class="m:calc(1rem+1px)">Allowed by pattern</div> 2263ms
@master/eslint-plugin-css:test:        ✓ <div class="m:md|calc(1rem+1px) m:calc(1rem+1px)|md">Allowed multi-value segment by pattern</div> 1417ms
@master/eslint-plugin-css:test:      ✓ invalid (4)
@master/eslint-plugin-css:test:        ✓ <div class="font:15px m:17px fg:#123456">Raw values</div> 1313ms
@master/eslint-plugin-css:test:        ✓ <div class="m:md|17px m:calc(1rem+1px)|18px m:19px|20px">Multi-value raw value segments</div> 1467ms
@master/eslint-plugin-css:test:        ✓ clsx('font:15px m:17px') 1670ms
@master/eslint-plugin-css:test:        ✓ ctl(`fg:#123456`) 1285ms
@master/eslint-plugin-css:test:    ✓ no unapproved raw values custom components (1)
@master/eslint-plugin-css:test:      ✓ valid (1)
@master/eslint-plugin-css:test:        ✓ <button class="btn">Component class</button> 1514ms
@master/eslint-plugin-css:test:    ✓ no unapproved raw values custom manifest (2)
@master/eslint-plugin-css:test:      ✓ valid (1)
@master/eslint-plugin-css:test:        ✓ <div class="m:card">Custom token</div> 1315ms
@master/eslint-plugin-css:test:      ✓ invalid (1)
@master/eslint-plugin-css:test:        ✓ <div class="m:17px">Custom token namespace raw value</div> 1266ms
@master/eslint-plugin-css:test:    ✓ no unapproved raw values ignored manifest registry fields (1)
@master/eslint-plugin-css:test:      ✓ valid (1)
@master/eslint-plugin-css:test:        ✓ <div class="--space:17px">Manifest-carried native namespace is ignored</div> 1282ms
@master/eslint-plugin-css:test:    ✓ no unapproved raw values parser smoke tests (4)
@master/eslint-plugin-css:test:      ✓ invalid (4)
@master/eslint-plugin-css:test:        ✓ <template><div class="font:15px">Vue</div></template> 1346ms
@master/eslint-plugin-css:test:        ✓ <div class="font:15px">Svelte</div> 1365ms
@master/eslint-plugin-css:test:        ✓ <div class="font:15px">Angular</div> 1449ms
@master/eslint-plugin-css:test:        ✓ 
@master/eslint-plugin-css:test:       # Test
@master/eslint-plugin-css:test:       <div class="font:15px">MDX</div> 1509ms
@master/css-webpack:test: [log]
@master/css-vite:test: stdout | tests/plugins/bug-hunt-imported-sass-original-maps.test.ts > imported Sass maps original file and token: css / scss / partial=false / mapped / serve
@master/css-vite:test: {"rootExtension":"css","syntax":"scss","partial":false,"addition":"mapped","command":"serve","diagnostic":{"version":2,"code":"invalid-compose-class","domain":"compiler","severity":"error","message":"Invalid @compose class: unknown-utility","source":"/private/tmp/master-css-original-import-map-EtPUyx/nested/child.scss","range":{"start":{"line":3,"character":11},"end":{"line":3,"character":26}}},"additionalDataCalls":["/private/tmp/master-css-original-import-map-EtPUyx/nested/child.scss"]}
@master/css-vite:test: 
@master/css-webpack:test:  ✓ tests/plugin.test.ts (24 tests) 20856ms
@master/css-webpack:test:    ✓ MasterCSSWebpackPlugin (C1 race fix) (24)
@master/css-webpack:test:      ✓ defers scanner initialization until Webpack starts a build 1051ms
@master/css-webpack:test:      ✓ keeps imported native CSS and keyframes in the generated CSS virtual module 2999ms
@master/css-webpack:test:      ✓ scans modules that expose source through originalSource() 1004ms
@master/css-webpack:test:      ✓ locally lowers @compose in CSS Modules without rewriting to the virtual CSS import 2500ms
@master/css-webpack:test:      ✓ dedupes local theme variables already emitted by global style entries 4533ms
@master/css-webpack:test:      ✓ style loader keeps local style dependencies registered after invalid @compose 1843ms
@master/css-webpack:test:      ✓ locally lowers explicit @reference CSS Modules and reports reference dependencies 1619ms
@master/css-webpack:test:      ✓ resolves virtual:master-css-manifest to a JS facade and external JSON asset 2046ms
@master/css-webpack:test:      ✓ keeps virtual manifest file dependencies after invalid CSS 777ms
@master/css-webpack:test:      ✓ resolves virtual:master-css-emitted-globals to a JS virtual module 940ms
@master/css-webpack:test:      ✓ keeps ?master-css-manifest file dependencies after invalid CSS 796ms
@master/css-language-service:test:  ✓ tests/suggest-syntax/completion-cache.test.ts (3 tests) 29151ms
@master/css-language-service:test:    ✓ returns fresh class completion items from cached skeletons 29150ms
@master/css-language-service:test:    ✓ does not leak selector insertText mutations between requests 29150ms
@master/css-language-service:test:    ✓ documentation CSS generation does not mutate language service state 29150ms
@master/css-webpack:test: [log]
@master/css-vite:test: stdout | tests/plugins/bug-hunt-imported-sass-original-maps.test.ts > imported Sass maps original file and token: css / scss / partial=true / identity / build
@master/css-vite:test: {"rootExtension":"css","syntax":"scss","partial":true,"addition":"identity","command":"build","diagnostic":{"version":2,"code":"invalid-compose-class","domain":"compiler","severity":"error","message":"Invalid @compose class: unknown-utility","source":"/private/tmp/master-css-original-import-map-qZQfFC/nested/_bad.scss","range":{"start":{"line":3,"character":11},"end":{"line":3,"character":26}}},"additionalDataCalls":["/private/tmp/master-css-original-import-map-qZQfFC/nested/child.scss"]}
@master/css-vite:test: 
@master/css-webpack:test:  ✓ tests/bug-hunt-static-graph-delivery.test.ts (4 tests) 21878ms
@master/css-webpack:test:    ✓ publishes external child imports with their boundaries:  4757ms
@master/css-webpack:test:    ✓ publishes external child imports with their boundaries:  layer(cards) 3589ms
@master/css-webpack:test:    ✓ publishes external child imports with their boundaries:  supports(display:grid) print 2684ms
@master/css-webpack:test:    ✓ nested CSS and resource edits change the real entry content hash and preserve resource payloads 10847ms
@master/eslint-plugin-css:test:  ✓ tests/no-conflicting-classes.test.ts (20 tests) 32187ms
@master/eslint-plugin-css:test:    ✓ collision (20)
@master/eslint-plugin-css:test:      ✓ valid (4)
@master/eslint-plugin-css:test:        ✓ <div class="m:10px m:30px:hover m:40px@dark">Simple, basic</div> 2038ms
@master/eslint-plugin-css:test:        ✓ <div class="a c d hello:world font:error mt:0 mt:0@sm">Error class</div> 1747ms
@master/eslint-plugin-css:test:        ✓ <div class="mx:md ml:lg@sm"></div> 1801ms
@master/eslint-plugin-css:test:        ✓ <div class="mx:md m:lg"></div> 2355ms
@master/eslint-plugin-css:test:      ✓ invalid (16)
@master/eslint-plugin-css:test:        ✓ <div class="m:10px m:20px m:30px:hover m:40px@dark">collision</div> 1782ms
@master/eslint-plugin-css:test:        ✓ <div class="a c d hello:world font:error mt:0 mt:0@sm m:10px m:20px m:30px:hover m:40px@dark">Error class</div> 1452ms
@master/eslint-plugin-css:test:        ✓ <div class="m:10px m:20px m:30px">last class wins</div> 1855ms
@master/eslint-plugin-css:test:        ✓ <div class="mx:md ml:lg">partial margin axis conflict</div> 1690ms
@master/eslint-plugin-css:test:        ✓ <div class="p:md px:lg">partial padding shorthand conflict</div> 1668ms
@master/eslint-plugin-css:test:        ✓ <div class="m:md mt:lg">partial shorthand side conflict</div> 1620ms
@master/eslint-plugin-css:test:        ✓ <div class="block m:8x font:.75rem mb:12x"></div> 1429ms
@master/eslint-plugin-css:test:        ✓ <div class="mx:md ml:lg py:md pt:lg">multiple partial conflicts</div> 1503ms
@master/eslint-plugin-css:test:        ✓ <div class="p:sm p:md px:lg">full conflict before partial conflict</div> 1479ms
@master/eslint-plugin-css:test:        ✓ <div class="inset:md top:lg">partial inset conflict</div> 1432ms
@master/eslint-plugin-css:test:        ✓ <div class="r:md rtl:lg">partial radius conflict</div> 1411ms
@master/eslint-plugin-css:test:        ✓ <div class="b:1px bt:2px">partial border width conflict</div> 1385ms
@master/eslint-plugin-css:test:        ✓ <div class="b:red-60 bt:blue-60">partial border color conflict</div> 1202ms
@master/eslint-plugin-css:test:        ✓ <div class="b-solid bt-dashed">partial border style conflict</div> 1399ms
@master/eslint-plugin-css:test:        ✓ <div class="mx:md ml:lg b:1px bt:2px">mixed partial conflicts</div> 1615ms
@master/eslint-plugin-css:test:        ✓ <template><div class="b-solid bt-dashed">Vue</div></template> 1317ms
@master/css-vite:test: stdout | tests/plugins/bug-hunt-imported-sass-original-maps.test.ts > imported Sass maps original file and token: css / scss / partial=true / identity / serve
@master/css-vite:test: {"rootExtension":"css","syntax":"scss","partial":true,"addition":"identity","command":"serve","diagnostic":{"version":2,"code":"invalid-compose-class","domain":"compiler","severity":"error","message":"Invalid @compose class: unknown-utility","source":"/private/tmp/master-css-original-import-map-MWDiqr/nested/_bad.scss","range":{"start":{"line":3,"character":11},"end":{"line":3,"character":26}}},"additionalDataCalls":["/private/tmp/master-css-original-import-map-MWDiqr/nested/child.scss"]}
@master/css-vite:test: 
@master/css-language-service:test:  ✓ tests/inspect-syntax.test.ts (3 tests) 6796ms
@master/css-language-service:test:    ✓ text-center 6795ms
@master/css-language-service:test:    ✓ hidden 6794ms
@master/css-language-service:test:    ✓ vendor-prefixed native declarations use unprefixed MDN hover syntax 6794ms
@master/css-language-service:test:  ✓ tests/suggest-syntax/animations.test.ts (7 tests) 7857ms
@master/css-language-service:test:    ✓ @ 7046ms
@master/css-language-service:test:    ✓ animate: 7046ms
@master/css-language-service:test:    ✓ animation:fade| 7046ms
@master/css-language-service:test:    ✓ animation: 7046ms
@master/css-language-service:test:    ✓ animation-name: 7046ms
@master/css-language-service:test:    ✓ selector 810ms
@master/css-language-service:test:    ✓ at 810ms
@master/css-webpack:test:  ❯ tests/bug-hunt-static-watch-recovery.test.ts (2 tests | 1 failed) 23672ms
@master/css-webpack:test:    × watch reports a missing child as compilation errors and recovers without invalidation 14743ms
@master/css-webpack:test:    ✓ watch reports a missing resource as compilation errors and recovers without invalidation 8928ms
@master/css-language-service:test:  ✓ tests/suggest-syntax/keys.test.ts (17 tests) 5789ms
@master/css-language-service:test:    ✓ should not hint selectors 5670ms
@master/css-language-service:test:    ✓ animation delay on invoked 5667ms
@master/css-language-service:test:    ✓ transition delay on invoked 5667ms
@master/css-language-service:test:    ✓ starts with @ 5667ms
@master/css-language-service:test:    ✓ starts with @d 5667ms
@master/css-language-service:test:  ✓ tests/shiki-session.test.ts (2 tests) 6189ms
@master/css-language-service:test:    ✓ batch classifies unique classes without requesting CSS inspections or disposing a caller session 778ms
@master/css-language-service:test:    ✓ preserves complete HAST across host languages compared with full inspection classification 5409ms
@master/css-vite:test: stdout | tests/plugins/bug-hunt-imported-sass-original-maps.test.ts > imported Sass maps original file and token: css / scss / partial=true / string / build
@master/css-vite:test: {"rootExtension":"css","syntax":"scss","partial":true,"addition":"string","command":"build","diagnostic":{"version":2,"code":"invalid-compose-class","domain":"compiler","severity":"error","message":"Invalid @compose class: unknown-utility","source":"/private/tmp/master-css-original-import-map-uwU8Z8/nested/_bad.scss","range":{"start":{"line":3,"character":11},"end":{"line":3,"character":26}}},"additionalDataCalls":[]}
@master/css-vite:test: 
@master/css-language-service:test:  ✓ tests/suggest-syntax/styles.test.ts (2 tests) 7073ms
@master/css-language-service:test:    ✓ info 7008ms
@master/css-language-service:test:    ✓ types btn: and should not hint 7008ms
@master/css-webpack:test:  ✓ tests/bug-hunt-fixed-runtime-filename.test.ts (6 tests) 24507ms
@master/css-webpack:test:    ✓ BH-0030 preserves the app filename and emits a separate runtime: fixed 6548ms
@master/css-webpack:test:    ✓ BH-0030 preserves the app filename and emits a separate runtime: nested fixed 3887ms
@master/css-webpack:test:    ✓ BH-0030 preserves the app filename and emits a separate runtime: build hash 3550ms
@master/css-webpack:test:    ✓ BH-0030 preserves the app filename and emits a separate runtime: callback fixed 3861ms
@master/css-webpack:test:    ✓ BH-0030 preserves the app filename and emits a separate runtime: name control 3460ms
@master/css-webpack:test:    ✓ BH-0030 preserves the app filename and emits a separate runtime: content hash control 3199ms
@master/css-language-service:test:  ✓ tests/format-directives.test.ts (7 tests) 9420ms
@master/css-language-service:test:    ✓ formats CSS @compose important markers 7150ms
@master/css-language-service:test:    ✓ formats SCSS and LESS directive class lists 7149ms
@master/css-language-service:test:    ✓ formats CSS-family SFC style blocks only 7149ms
@master/css-language-service:test:    ✓ locates SFC style content after matching attribute text 7149ms
@master/css-language-service:test:    ✓ formats safelist quoted class lists 7149ms
@master/css-language-service:test:    ✓ returns no edits when directive formatting is disabled 2269ms
@master/css-language-service:test:    ✓ respects range formatting 2269ms
@master/css-vite:test: stdout | tests/plugins/bug-hunt-imported-sass-original-maps.test.ts > imported Sass maps original file and token: css / scss / partial=true / string / serve
@master/css-vite:test: {"rootExtension":"css","syntax":"scss","partial":true,"addition":"string","command":"serve","diagnostic":{"version":2,"code":"invalid-compose-class","domain":"compiler","severity":"error","message":"Invalid @compose class: unknown-utility","source":"/private/tmp/master-css-original-import-map-K9ZGZh/nested/_bad.scss","range":{"start":{"line":3,"character":11},"end":{"line":3,"character":26}}},"additionalDataCalls":[]}
@master/css-vite:test: 
@master/css-language-service:test:  ✓ tests/suggest-syntax/base.test.ts (6 tests) 7884ms
@master/css-language-service:test:    ✓ types " should hint completions 5915ms
@master/css-language-service:test:    ✓ types   should hint completions 5914ms
@master/css-language-service:test:    ✓ types dynamic enum key should hint enum values 5914ms
@master/css-language-service:test:    ✓ types any trigger character in "" should not hint 1057ms
@master/css-language-service:test:    ✓ types any trigger character in '' should not hint 910ms
@master/css-language-service:test:  ✓ tests/suggest-syntax/selectors.test.ts (18 tests) 9495ms
@master/css-language-service:test:    ✓ pseudo-class (8)
@master/css-language-service:test:      ✓ : 7578ms
@master/css-language-service:test:      ✓ two 7578ms
@master/css-language-service:test:      ✓ utility 7578ms
@master/css-language-service:test:      ✓ functional labels 7578ms
@master/css-language-service:test:      ✓ should take into account trigger character : 736ms
@master/css-language-service:test:      ✓ should insert functional pseudo-class text without the trigger character 518ms
@master/css-language-service:test:      ✓ should take into account trigger character + 518ms
@master/css-language-service:test:      ✓ info 518ms
@master/css-language-service:test:    ✓ pseudo-element (8)
@master/css-language-service:test:      ✓ :: 736ms
@master/css-language-service:test:      ✓ two 736ms
@master/css-language-service:test:      ✓ utility 736ms
@master/css-language-service:test:      ✓ removed aliases 736ms
@master/css-language-service:test:      ✓ should take into account trigger character : 518ms
@master/css-language-service:test:    ✓ sorting 7578ms
@master/css-language-service:test:    ✓ types _ should hint 662ms
@master/css-language-service:test:  ✓ tests/suggest-syntax/utilities.test.ts (3 tests) 5838ms
@master/css-language-service:test:    ✓ types a 5770ms
@master/css-language-service:test:    ✓ hints semantic utilities 5769ms
@master/css-language-service:test:    ✓ info 5769ms
@master/css-language-service:test:  ✓ tests/rc87-browser.test.ts (5 tests) 5431ms
@master/css-language-service:test:    ✓ collects browser semantic tokens for HTML class attributes 5429ms
@master/css-language-service:test:    ✓ encodes browser role-derived semantic token modifiers 5428ms
@master/css-language-service:test:    ✓ collects browser semantic tokens only for CSS directive class-list spans 5428ms
@master/css-language-service:test:    ✓ does not collect browser semantic tokens for managed syntax without class-list spans 5428ms
@master/css-language-service:test:    ✓ encodes browser semantic tokens 5428ms
@master/css-vite:test: stdout | tests/plugins/bug-hunt-imported-sass-original-maps.test.ts > imported Sass maps original file and token: css / scss / partial=true / mapped / build
@master/css-vite:test: {"rootExtension":"css","syntax":"scss","partial":true,"addition":"mapped","command":"build","diagnostic":{"version":2,"code":"invalid-compose-class","domain":"compiler","severity":"error","message":"Invalid @compose class: unknown-utility","source":"/private/tmp/master-css-original-import-map-IzBqXy/nested/_bad.scss","range":{"start":{"line":3,"character":11},"end":{"line":3,"character":26}}},"additionalDataCalls":["/private/tmp/master-css-original-import-map-IzBqXy/nested/child.scss"]}
@master/css-vite:test: 
@master/css-language-service:test:  ✓ tests/suggest-syntax/values.test.ts (22 tests) 32040ms
@master/css-language-service:test:    ✓ should ignore values containing blanks 9774ms
@master/css-language-service:test:    ✓ types | delimiter 9762ms
@master/css-language-service:test:    ✓ types , separator 9762ms
@master/css-language-service:test:    ✓ ends with @ and not to hint values 9762ms
@master/css-language-service:test:    ✓ ends with : and not to hint values 9762ms
@master/css-language-service:test:    ✓ negative values (2)
@master/css-language-service:test:      ✓ should hint negative values 7974ms
@master/css-language-service:test:      ✓ types - to hint number values 7974ms
@master/css-language-service:test:    ✓ key aliases (5)
@master/css-language-service:test:      ✓ radius alias values use canonical radius utility 7974ms
@master/css-language-service:test:      ✓ native value namespace alias values use canonical property namespace 7974ms
@master/css-language-service:test:      ✓ background alias values include raw utility color scopes and native values 7974ms
@master/css-language-service:test:      ✓ CSS @compose background alias values include raw utility color scopes 7661ms
@master/css-language-service:test:      ✓ vendor-prefixed text-size-adjust values use unprefixed syntax data 7661ms
@master/css-language-service:test:    ✓ sorting (4)
@master/css-language-service:test:      ✓ colors 7661ms
@master/css-language-service:test:      ✓ base hue and text color aliases 7661ms
@master/css-language-service:test:      ✓ surface aliases 7661ms
@master/css-language-service:test:      ✓ unitful numeric variables 6391ms
@master/css-language-service:test:    ✓ functions (1)
@master/css-language-service:test:      ✓ functions 6391ms
@master/css-language-service:test:  ✓ tests/bug-hunt.test.ts (1 test) 843ms
@master/css-language-service:test:    ✓ audit control: updated documents replace class and color ranges 842ms
@master/css-language-service:test:  ✓ tests/edit-syntax-colors.test.ts (12 tests) 14012ms
@master/css-language-service:test:    ✓ hex 6416ms
@master/css-language-service:test:    ✓ variable 6415ms
@master/css-language-service:test:    ✓ rgb 6415ms
@master/css-language-service:test:    ✓ rgba 6415ms
@master/css-language-service:test:    ✓ hsl 6415ms
@master/css-language-service:test:    ✓ hsla 5593ms
@master/css-language-service:test:    ✓ hwb 5593ms
@master/css-language-service:test:    ✓ lab 5593ms
@master/css-language-service:test:    ✓ lch 5593ms
@master/css-language-service:test:    ✓ oklab 5593ms
@master/css-language-service:test:    ✓ oklch 2001ms
@master/css-language-service:test:    ✓ hex to hex8 2001ms
@master/css-vite:test: stdout | tests/plugins/bug-hunt-imported-sass-original-maps.test.ts > imported Sass maps original file and token: css / scss / partial=true / mapped / serve
@master/css-vite:test: {"rootExtension":"css","syntax":"scss","partial":true,"addition":"mapped","command":"serve","diagnostic":{"version":2,"code":"invalid-compose-class","domain":"compiler","severity":"error","message":"Invalid @compose class: unknown-utility","source":"/private/tmp/master-css-original-import-map-8MGKNc/nested/_bad.scss","range":{"start":{"line":3,"character":11},"end":{"line":3,"character":26}}},"additionalDataCalls":["/private/tmp/master-css-original-import-map-8MGKNc/nested/child.scss"]}
@master/css-vite:test: 
@master/css-language-service:test:  ✓ tests/get-class-position/react.test.ts (25 tests) 34091ms
@master/css-language-service:test:    ✓ empty class with single quotes 8623ms
@master/css-language-service:test:    ✓ empty class with double quotes 8623ms
@master/css-language-service:test:    ✓ one class 8623ms
@master/css-language-service:test:    ✓ two classes 8623ms
@master/css-language-service:test:    ✓ full-width spaces are part of the class token 8623ms
@master/css-language-service:test:    ✓ valid classes 7974ms
@master/css-language-service:test:    ✓ class in CSS @compose 7974ms
@master/css-language-service:test:    ✓ class in Vue style @compose 7974ms
@master/css-language-service:test:    ✓ ignores quoted CSS @compose classes 7974ms
@master/css-language-service:test:    ✓ quote in class 7974ms
@master/css-language-service:test:    ✓ group syntax 5828ms
@master/css-language-service:test:    ✓ ignores class attributes inside HTML comments 5828ms
@master/css-language-service:test:    ✓ nested strings and literals 5828ms
@master/css-language-service:test:    ✓ empty string with single quote 5828ms
@master/css-language-service:test:    ✓ empty string with double quote 5828ms
@master/css-language-service:test:    ✓ spaced jsx attribute assignment 6057ms
@master/css-language-service:test:    ✓ empty binding 6057ms
@master/css-language-service:test:    ✓ empty string binding with double quote 6057ms
@master/css-language-service:test:    ✓ empty clsx 6057ms
@master/css-language-service:test:    ✓ two classes in clsx fn 6057ms
@master/css-language-service:test:    ✓ quote in clsx fn 5608ms
@master/css-language-service:test:    ✓ template literal and newlines 5608ms
@master/css-language-service:test:    ✓ template literal expressions use quasi ranges 5608ms
@master/css-language-service:test:    ✓ parse failure falls back to regex positions 5608ms
@master/css-language-service:test:    ✓ regex fallback ignores class attributes inside JS comments 5608ms
@master/css-language-service:test:  ✓ tests/suggest-syntax/variables.test.ts (2 tests) 4608ms
@master/css-language-service:test:    ✓ sorting (2)
@master/css-language-service:test:      ✓ positive container 4607ms
@master/css-language-service:test:      ✓ negative container 4606ms
@master/css-language-service:test:  ✓ tests/rc87-shiki.test.ts (18 tests) 2673ms
@master/css-language-service:test:    ✓ does not attach semantic metadata to guide theme CSS directive syntax 813ms
@master/css-language-service:test:    ✓ does not resolve guide theme CSS directive syntax through semantic scope styles 813ms
@master/css-language-service:test:    ✓ does not create Master Shiki decorations for native-only CSS 813ms
@master/css-language-service:test:    ✓ normalizes Shiki language ids separately from class-list languages 813ms
@master/css-language-service:test:    ✓ creates Shiki decorations from Master CSS semantic tokens 813ms
@master/css-language-service:test:    ✓ creates Shiki decorations for CSS directive class-list spans 779ms
@master/css-language-service:test:    ✓ creates Shiki decorations for raw Master CSS class lists 779ms
@master/css-language-service:test:    ✓ skips semantic token decorations inside host comments 779ms
@master/css-language-service:test:    ✓ applies semantic token styles by type and modifier 779ms
@master/css-language-service:test:    ✓ applies semantic decorations in the Shiki tokens hook 779ms
@master/css-language-service:test:    ✓ uses semantic token scope styles for selector semantic tokens 594ms
@master/css-language-service:test:    ✓ uses semantic token scope styles for documentation Master CSS tokens 594ms
@master/css-language-service:test:    ✓ uses semantic token scope styles for CSS directive class-list tokens 594ms
@master/css-language-service:test:  ✓ tests/shiki.test.ts (22 tests) 4043ms
@master/css-language-service:test:    ✓ supports Shiki dynamic language imports 320ms
@master/css-language-service:test:    ✓ does not attach semantic metadata to guide theme CSS directive syntax 676ms
@master/css-language-service:test:    ✓ does not resolve guide theme CSS directive syntax through semantic scope styles 676ms
@master/css-language-service:test:    ✓ does not create Master Shiki decorations for native-only CSS 676ms
@master/css-language-service:test:    ✓ normalizes Shiki language ids separately from class-list languages 676ms
@master/css-language-service:test:    ✓ creates Shiki decorations from Master CSS semantic tokens 676ms
@master/css-language-service:test:    ✓ creates Shiki decorations for CSS directive class-list spans 709ms
@master/css-language-service:test:    ✓ creates Shiki decorations for raw Master CSS class lists 709ms
@master/css-language-service:test:    ✓ skips semantic token decorations inside host comments 709ms
@master/css-language-service:test:    ✓ applies semantic token styles by type and modifier 708ms
@master/css-language-service:test:    ✓ wraps host class attribute values around Master CSS semantic spans 335ms
@master/css-language-service:test:    ✓ can disable host class attribute value wrappers 376ms
@master/css-language-service:test:    ✓ handles caller Shiki decorations around host class attribute value wrappers 544ms
@master/css-language-service:test:    ✓ does not create host wrappers for raw class-list highlighting 854ms
@master/css-language-service:test:    ✓ applies semantic decorations in the Shiki tokens hook 854ms
@master/css-language-service:test:    ✓ uses semantic token scope styles for selector semantic tokens 854ms
@master/css-language-service:test:    ✓ uses semantic token scope styles for documentation Master CSS tokens 854ms
@master/css-language-service:test:    ✓ uses semantic token scope styles for CSS directive class-list tokens 854ms
@master/css-vite:test: stdout | tests/plugins/bug-hunt-imported-sass-original-maps.test.ts > imported Sass maps original file and token: css / sass / partial=false / identity / build
@master/css-vite:test: {"rootExtension":"css","syntax":"sass","partial":false,"addition":"identity","command":"build","diagnostic":{"version":2,"code":"invalid-compose-class","domain":"compiler","severity":"error","message":"Invalid @compose class: unknown-utility","source":"/private/tmp/master-css-original-import-map-q2RIyr/nested/child.sass","range":{"start":{"line":3,"character":11},"end":{"line":3,"character":26}}},"additionalDataCalls":["/private/tmp/master-css-original-import-map-q2RIyr/nested/child.sass"]}
@master/css-vite:test: 
@master/css-vite:test: stdout | tests/plugins/bug-hunt-imported-sass-original-maps.test.ts > imported Sass maps original file and token: css / sass / partial=false / identity / serve
@master/css-vite:test: {"rootExtension":"css","syntax":"sass","partial":false,"addition":"identity","command":"serve","diagnostic":{"version":2,"code":"invalid-compose-class","domain":"compiler","severity":"error","message":"Invalid @compose class: unknown-utility","source":"/private/tmp/master-css-original-import-map-9V1Q7K/nested/child.sass","range":{"start":{"line":3,"character":11},"end":{"line":3,"character":26}}},"additionalDataCalls":["/private/tmp/master-css-original-import-map-9V1Q7K/nested/child.sass"]}
@master/css-vite:test: 
@master/css-vite:test: stdout | tests/plugins/bug-hunt-imported-sass-original-maps.test.ts > imported Sass maps original file and token: css / sass / partial=false / string / build
@master/css-vite:test: {"rootExtension":"css","syntax":"sass","partial":false,"addition":"string","command":"build","diagnostic":{"version":2,"code":"invalid-compose-class","domain":"compiler","severity":"error","message":"Invalid @compose class: unknown-utility","source":"/private/tmp/master-css-original-import-map-yS8OAC/nested/child.sass","range":{"start":{"line":3,"character":11},"end":{"line":3,"character":26}}},"additionalDataCalls":[]}
@master/css-vite:test: 
@master/css-webpack:test: [success] ../styles/usage.js 1 classes inserted in 0.4ms 
@master/css-language-service:test:  ✓ tests/suggest-syntax/react.test.ts (3 tests) 3978ms
@master/css-language-service:test:    ✓ types next class and starts with white space 3977ms
@master/css-language-service:test:    ✓ types next class and starts with b 3976ms
@master/css-language-service:test:    ✓ types inside spaced jsx attribute assignment 3976ms
@master/css-language-service:test:  ✓ tests/suggest-syntax/media.test.ts (8 tests) 3919ms
@master/css-language-service:test:    ✓ breakpoint 3899ms
@master/css-language-service:test:    ✓ & 3899ms
@master/css-language-service:test:    ✓ &> 3899ms
@master/css-language-service:test:    ✓ &>= 3899ms
@master/css-language-service:test:    ✓ &< 3899ms
@master/css-language-service:test:  ✓ tests/suggest-syntax/group.test.ts (4 tests) 3734ms
@master/css-language-service:test:    ✓ one declaration 3731ms
@master/css-language-service:test:    ✓ two declarations 3730ms
@master/css-language-service:test:    ✓ should not hint selectors 3730ms
@master/css-language-service:test:    ✓ should not hint at 3730ms
@master/css-vite:test: stdout | tests/plugins/bug-hunt-imported-sass-original-maps.test.ts > imported Sass maps original file and token: css / sass / partial=false / string / serve
@master/css-vite:test: {"rootExtension":"css","syntax":"sass","partial":false,"addition":"string","command":"serve","diagnostic":{"version":2,"code":"invalid-compose-class","domain":"compiler","severity":"error","message":"Invalid @compose class: unknown-utility","source":"/private/tmp/master-css-original-import-map-LKAYgz/nested/child.sass","range":{"start":{"line":3,"character":11},"end":{"line":3,"character":26}}},"additionalDataCalls":[]}
@master/css-vite:test: 
@master/css-vite:test: stdout | tests/plugins/bug-hunt-imported-sass-original-maps.test.ts > imported Sass maps original file and token: css / sass / partial=false / mapped / build
@master/css-vite:test: {"rootExtension":"css","syntax":"sass","partial":false,"addition":"mapped","command":"build","diagnostic":{"version":2,"code":"invalid-compose-class","domain":"compiler","severity":"error","message":"Invalid @compose class: unknown-utility","source":"/private/tmp/master-css-original-import-map-jG2Bq1/nested/child.sass","range":{"start":{"line":3,"character":11},"end":{"line":3,"character":26}}},"additionalDataCalls":["/private/tmp/master-css-original-import-map-jG2Bq1/nested/child.sass"]}
@master/css-vite:test: 
@master/css-vite:test: stdout | tests/plugins/bug-hunt-imported-sass-original-maps.test.ts > imported Sass maps original file and token: css / sass / partial=false / mapped / serve
@master/css-vite:test: {"rootExtension":"css","syntax":"sass","partial":false,"addition":"mapped","command":"serve","diagnostic":{"version":2,"code":"invalid-compose-class","domain":"compiler","severity":"error","message":"Invalid @compose class: unknown-utility","source":"/private/tmp/master-css-original-import-map-Fkqn1N/nested/child.sass","range":{"start":{"line":3,"character":11},"end":{"line":3,"character":26}}},"additionalDataCalls":["/private/tmp/master-css-original-import-map-Fkqn1N/nested/child.sass"]}
@master/css-vite:test: 
@master/css-vite:test: stdout | tests/plugins/bug-hunt-imported-sass-original-maps.test.ts > imported Sass maps original file and token: css / sass / partial=true / identity / build
@master/css-vite:test: {"rootExtension":"css","syntax":"sass","partial":true,"addition":"identity","command":"build","diagnostic":{"version":2,"code":"invalid-compose-class","domain":"compiler","severity":"error","message":"Invalid @compose class: unknown-utility","source":"/private/tmp/master-css-original-import-map-VJmYMh/nested/_bad.sass","range":{"start":{"line":3,"character":11},"end":{"line":3,"character":26}}},"additionalDataCalls":["/private/tmp/master-css-original-import-map-VJmYMh/nested/child.sass"]}
@master/css-vite:test: 
@master/css-webpack:test:  ✓ tests/bug-hunt-active-graph.test.ts (3 tests) 31615ms
@master/css-webpack:test:    ✓ removed stylesheet releases dependencies and restores on reattachment: cache=false 15015ms
@master/css-webpack:test:    ✓ removed stylesheet releases dependencies and restores on reattachment: cache=true 11683ms
@master/css-webpack:test:    ✓ removal retains shared resource owners and clears detached scanner classes: 0 4915ms
@master/css-webpack:test: 
@master/css-webpack:test: ⎯⎯⎯⎯⎯⎯⎯ Failed Tests 3 ⎯⎯⎯⎯⎯⎯⎯
@master/css-webpack:test: 
@master/css-webpack:test:  FAIL  tests/bug-hunt-static-watch-recovery.test.ts > watch reports a missing child as compilation errors and recovers without invalidation
@master/css-webpack:test: Error: No automatic watch result in delete; events=[]; registrations=[{"phase":"initial","childExists":true,"files":["/private/tmp/master-webpack-watch-test-SIv8CQ/entry.css","/private/tmp/master-webpack-watch-test-SIv8CQ/child.css","/private/tmp/master-webpack-watch-test-SIv8CQ/pixel.svg","/private/tmp/master-webpack-watch-test-SIv8CQ/entry.js","/private/tmp/master-webpack-watch-test-SIv8CQ","/private/tmp","/private","/","/Users/aron/master/css/packages/webpack/package.json","/Users/aron/master/css/packages/webpack/dist/stylesheet-loader.js","/Users/aron/master/css/packages/webpack/dist","/Users/aron/master/css/packages/webpack","/Users/aron/master/css/packages","/Users/aron/master/css","/Users/aron/master","/Users/aron","/Users"]}]; after=1, results=[{"errors":[],"dependencies":["/private/tmp/master-webpack-watch-test-SIv8CQ/entry.css","/private/tmp/master-webpack-watch-test-SIv8CQ/child.css","/private/tmp/master-webpack-watch-test-SIv8CQ/pixel.svg","/private/tmp/master-webpack-watch-test-SIv8CQ/entry.js","/private/tmp/master-webpack-watch-test-SIv8CQ","/private/tmp","/private","/","/Users/aron/master/css/packages/webpack/package.json","/Users/aron/master/css/packages/webpack/dist/stylesheet-loader.js","/Users/aron/master/css/packages/webpack/dist","/Users/aron/master/css/packages/webpack","/Users/aron/master/css/packages","/Users/aron/master/css","/Users/aron/master","/Users/aron","/Users"],"missing":["/private/tmp/master-webpack-watch-test-SIv8CQ/package.json","/private/tmp/package.json","/private/package.json","/package.json","/Users/aron/master/css/packages/webpack/dist/package.json"]}]
@master/css-webpack:test:  ❯ Timeout._onTimeout tests/bug-hunt-static-watch-recovery.test.ts:60:73
@master/css-webpack:test: 
@master/css-webpack:test: 
@master/css-webpack:test: ⎯⎯⎯⎯⎯⎯⎯⎯⎯⎯⎯⎯⎯⎯⎯⎯⎯⎯⎯⎯⎯⎯⎯⎯[1/3]⎯
@master/css-webpack:test: 
@master/css-webpack:test:  FAIL  tests/plugin-runtime.test.ts > MasterCSSWebpackPlugin (C1 race fix) > fails a watch build on reset replay errors and recovers on the next reset
@master/css-webpack:test: AssertionError: promise resolved "undefined" instead of rejecting
@master/css-webpack:test: 
@master/css-webpack:test: - Expected:
@master/css-webpack:test: Error {
@master/css-webpack:test:   "message": "rejected promise",
@master/css-webpack:test: }
@master/css-webpack:test: 
@master/css-webpack:test: + Received:
@master/css-webpack:test: undefined
@master/css-webpack:test: 
@master/css-webpack:test:  ❯ tests/plugin-runtime.test.ts:500:31
@master/css-webpack:test:     498|       })
@master/css-webpack:test:     499|
@master/css-webpack:test:     500|       await expect(runWatch()).rejects.toBe(replayError)
@master/css-webpack:test:        |                               ^
@master/css-webpack:test:     501|       expect(errorLog).toHaveBeenCalledWith('[master-css.webpack] rese…
@master/css-webpack:test:     502|       expect(stylesheets.compose).toHaveBeenCalledTimes(1)
@master/css-webpack:test: 
@master/css-webpack:test: ⎯⎯⎯⎯⎯⎯⎯⎯⎯⎯⎯⎯⎯⎯⎯⎯⎯⎯⎯⎯⎯⎯⎯⎯[2/3]⎯
@master/css-webpack:test: 
@master/css-webpack:test:  FAIL  tests/plugin-runtime.test.ts > MasterCSSWebpackPlugin (C1 race fix) > registers reset dependencies with the active compilation
@master/css-webpack:test: AssertionError: expected [] to include '/tmp/master-css-webpack-deps-QYrevX/a…'
@master/css-webpack:test:  ❯ tests/plugin-runtime.test.ts:529:44
@master/css-webpack:test:     527|       compiler.hooks.thisCompilation.call(compilation as any)
@master/css-webpack:test:     528|
@master/css-webpack:test:     529|       expect(compilation.fileDependencies).toContain(configPath)
@master/css-webpack:test:        |                                            ^
@master/css-webpack:test:     530|       expect(compilation.fileDependencies).toContain(tokenPath)
@master/css-webpack:test:     531|     } finally {
@master/css-webpack:test: 
@master/css-webpack:test: ⎯⎯⎯⎯⎯⎯⎯⎯⎯⎯⎯⎯⎯⎯⎯⎯⎯⎯⎯⎯⎯⎯⎯⎯[3/3]⎯
@master/css-webpack:test: 
@master/css-webpack:test: 
@master/css-webpack:test:  Test Files  2 failed | 10 passed (12)
@master/css-webpack:test:       Tests  3 failed | 85 passed (88)
@master/css-webpack:test:    Start at  12:42:36
@master/css-webpack:test:    Duration  36.18s (tests 84%, transform 14%, import 2%)
@master/css-webpack:test: 
@master/css-vite:test:  ✓ tests/plugins/style-entry-vite-build.test.ts (6 tests) 38969ms
@master/css-vite:test:    ✓ StyleEntryPlugin Vite build integration (6)
@master/css-vite:test:      ✓ keeps package imports legal when @master/css appears first in the import block 6197ms
@master/css-vite:test:      ✓ default runtime mode emits preset base CSS for the root Master CSS import 7768ms
@master/css-vite:test:      ✓ progressive mode emits preset base CSS for the root Master CSS import 12761ms
@master/css-vite:test:      ✓ pre-render mode emits preset base CSS for the root Master CSS import 9079ms
@master/css-vite:test:      ✓ static mode emits preset base CSS for the root Master CSS import 2247ms
@master/css-vite:test:      ✓ default runtime mode lets Vite expand the explicit base.css subpath import 916ms
@master/css-webpack:test: [ELIFECYCLE] Test failed. See above for more details.
@master/css-webpack#test:  WARNING  command finished with error, but continuing...
@master/css-webpack:lint: cache hit, suppressing logs c2db61c91b838c2d
@master/css-astro:lint: cache miss, executing 38d513edc8418a16
@master/css-vite:test: stdout | tests/plugins/bug-hunt-imported-sass-original-maps.test.ts > imported Sass maps original file and token: css / sass / partial=true / identity / serve
@master/css-vite:test: {"rootExtension":"css","syntax":"sass","partial":true,"addition":"identity","command":"serve","diagnostic":{"version":2,"code":"invalid-compose-class","domain":"compiler","severity":"error","message":"Invalid @compose class: unknown-utility","source":"/private/tmp/master-css-original-import-map-9PvgCx/nested/_bad.sass","range":{"start":{"line":3,"character":11},"end":{"line":3,"character":26}}},"additionalDataCalls":["/private/tmp/master-css-original-import-map-9PvgCx/nested/child.sass"]}
@master/css-vite:test: 
@master/css-astro:lint: $ eslint
@master/css-vite:test: stdout | tests/plugins/bug-hunt-imported-sass-original-maps.test.ts > imported Sass maps original file and token: css / sass / partial=true / string / build
@master/css-vite:test: {"rootExtension":"css","syntax":"sass","partial":true,"addition":"string","command":"build","diagnostic":{"version":2,"code":"invalid-compose-class","domain":"compiler","severity":"error","message":"Invalid @compose class: unknown-utility","source":"/private/tmp/master-css-original-import-map-r7n9rD/nested/_bad.sass","range":{"start":{"line":3,"character":11},"end":{"line":3,"character":26}}},"additionalDataCalls":[]}
@master/css-vite:test: 
@master/css-vite:test: stdout | tests/plugins/bug-hunt-imported-sass-original-maps.test.ts > imported Sass maps original file and token: css / sass / partial=true / string / serve
@master/css-vite:test: {"rootExtension":"css","syntax":"sass","partial":true,"addition":"string","command":"serve","diagnostic":{"version":2,"code":"invalid-compose-class","domain":"compiler","severity":"error","message":"Invalid @compose class: unknown-utility","source":"/private/tmp/master-css-original-import-map-0kNzmX/nested/_bad.sass","range":{"start":{"line":3,"character":11},"end":{"line":3,"character":26}}},"additionalDataCalls":[]}
@master/css-vite:test: 
@master/css-astro:test: cache miss, executing 059ce4dde4099353
@master/css-astro:test: $ vitest
@master/css-astro:test: (!) Your Vite config uses features that are unsupported by `configLoader: 'native'`, which is planned to become the default in a future major version of Vite:
@master/css-astro:test:   - import "../../shared/vitest.config" without a file extension (vitest.config.ts:2:20). Add the file extension
@master/css-astro:test:   - import "./vitest-ci-config" without a file extension (../../shared/vitest.config.ts:2:58). Add the file extension
@master/css-astro:test: Set `VITE_CONFIG_NATIVE_IGNORE_WARNING=true` to suppress this warning.
@master/css-vite:test: stdout | tests/plugins/bug-hunt-imported-sass-original-maps.test.ts > imported Sass maps original file and token: css / sass / partial=true / mapped / build
@master/css-vite:test: {"rootExtension":"css","syntax":"sass","partial":true,"addition":"mapped","command":"build","diagnostic":{"version":2,"code":"invalid-compose-class","domain":"compiler","severity":"error","message":"Invalid @compose class: unknown-utility","source":"/private/tmp/master-css-original-import-map-yzQkPh/nested/_bad.sass","range":{"start":{"line":3,"character":11},"end":{"line":3,"character":26}}},"additionalDataCalls":["/private/tmp/master-css-original-import-map-yzQkPh/nested/child.sass"]}
@master/css-vite:test: 
@master/css-astro:test: 
@master/css-astro:test:  RUN  v5.0.0 /Users/aron/master/css/packages/astro
@master/css-astro:test: 
@master/css-vite:test: stdout | tests/plugins/bug-hunt-imported-sass-original-maps.test.ts > imported Sass maps original file and token: css / sass / partial=true / mapped / serve
@master/css-vite:test: {"rootExtension":"css","syntax":"sass","partial":true,"addition":"mapped","command":"serve","diagnostic":{"version":2,"code":"invalid-compose-class","domain":"compiler","severity":"error","message":"Invalid @compose class: unknown-utility","source":"/private/tmp/master-css-original-import-map-xdGbEZ/nested/_bad.sass","range":{"start":{"line":3,"character":11},"end":{"line":3,"character":26}}},"additionalDataCalls":["/private/tmp/master-css-original-import-map-xdGbEZ/nested/child.sass"]}
@master/css-vite:test: 
@master/css-vite:test: stdout | tests/plugins/bug-hunt-imported-sass-original-maps.test.ts > imported Sass maps original file and token: scss / scss / partial=false / identity / build
@master/css-vite:test: {"rootExtension":"scss","syntax":"scss","partial":false,"addition":"identity","command":"build","diagnostic":{"version":2,"code":"invalid-compose-class","domain":"compiler","severity":"error","message":"Invalid @compose class: unknown-utility","source":"/private/tmp/master-css-original-import-map-3SAXdo/nested/child.scss","range":{"start":{"line":3,"character":11},"end":{"line":3,"character":26}}},"additionalDataCalls":["/private/tmp/master-css-original-import-map-3SAXdo/style.module.scss","/private/tmp/master-css-original-import-map-3SAXdo/nested/child.scss"]}
@master/css-vite:test: 
@master/css-astro:test:  ✓ tests/server.test.ts (5 tests) 350ms
@master/css-vite:test: stdout | tests/plugins/bug-hunt-imported-sass-original-maps.test.ts > imported Sass maps original file and token: scss / scss / partial=false / identity / serve
@master/css-vite:test: {"rootExtension":"scss","syntax":"scss","partial":false,"addition":"identity","command":"serve","diagnostic":{"version":2,"code":"invalid-compose-class","domain":"compiler","severity":"error","message":"Invalid @compose class: unknown-utility","source":"/private/tmp/master-css-original-import-map-SehRdD/nested/child.scss","range":{"start":{"line":3,"character":11},"end":{"line":3,"character":26}}},"additionalDataCalls":["/private/tmp/master-css-original-import-map-SehRdD/style.module.scss","/private/tmp/master-css-original-import-map-SehRdD/nested/child.scss"]}
@master/css-vite:test: 
@master/css-language-service:test:  ✓ tests/render-syntax-colors.test.ts (22 tests) 42751ms
@master/css-language-service:test:    ✓ hex 9006ms
@master/css-language-service:test:    ✓ shorthand 9006ms
@master/css-language-service:test:    ✓ with | 9006ms
@master/css-language-service:test:    ✓ with ! 9006ms
@master/css-language-service:test:    ✓ should ignore invalid rgb 9006ms
@master/css-language-service:test:    ✓ should ignore single # 7471ms
@master/css-language-service:test:    ✓ should ignore utility 7471ms
@master/css-language-service:test:    ✓ should ignore number 7471ms
@master/css-language-service:test:    ✓ box-shadow 7471ms
@master/css-language-service:test:    ✓ gradient 7471ms
@master/css-language-service:test:    ✓ custom variable 4902ms
@master/css-language-service:test:    ✓ custom variable/alpha 4902ms
@master/css-language-service:test:    ✓ variable 4902ms
@master/css-language-service:test:    ✓ variable/opacity 4902ms
@master/css-language-service:test:    ✓ CSS color() function 1144ms
@master/css-language-service:test:    ✓ CSS color-mix() function 11830ms
@master/css-language-service:test:    ✓ click to switch color spaces 806ms
@master/css-language-service:test:    ✓ convert any color spaces to RGB and hint correctly 5090ms
@master/css-language-service:test:    ✓ maps out-of-gamut colors into the LSP channel range 2498ms
@master/css-language-service:test:    ✓ color space (3)
@master/css-language-service:test:      ✓ rgb 1859ms
@master/css-language-service:test:      ✓ lab 1859ms
@master/css-language-service:test:      ✓ hsla 1859ms
@master/css-language-service:test: 
@master/css-language-service:test:  Test Files  33 passed (33)
@master/css-language-service:test:       Tests  373 passed (373)
@master/css-language-service:test:    Start at  12:42:31
@master/css-language-service:test:    Duration  45.52s (tests 92%, import 5%, transform 3%)
@master/css-language-service:test: 
@master/css-svelte:lint: cache miss, executing 46530598a7e88c8a
@master/css-svelte:lint: $ eslint
@master/css-astro:test:  ✓ tests/core.test.ts (10 tests) 32ms
@master/css-astro:test: 
@master/css-astro:test:  Test Files  2 passed (2)
@master/css-astro:test:       Tests  15 passed (15)
@master/css-astro:test:    Start at  12:43:15
@master/css-astro:test:    Duration  2.24s (transform 78%, import 12%, tests 10%)
@master/css-astro:test: 
@master/css-astro:test:   Transform  transforming modules took 2.87s · 78% of tracked time, re-done on every run
@master/css-astro:test:              persist transforms across runs with fsModuleCache: true
@master/css-astro:test:              learn more: https://vitest.dev/guide/improving-performance#caching-between-reruns
@master/css-astro:test: 
@master/css-svelte:test: cache miss, executing 311eec83d12767b6
@master/css-svelte:test: $ vitest
@master/css-vite:test: stdout | tests/plugins/bug-hunt-imported-sass-original-maps.test.ts > imported Sass maps original file and token: scss / scss / partial=false / string / build
@master/css-vite:test: {"rootExtension":"scss","syntax":"scss","partial":false,"addition":"string","command":"build","diagnostic":{"version":2,"code":"invalid-compose-class","domain":"compiler","severity":"error","message":"Invalid @compose class: unknown-utility","source":"/private/tmp/master-css-original-import-map-xIe9Ht/nested/child.scss","range":{"start":{"line":3,"character":11},"end":{"line":3,"character":26}}},"additionalDataCalls":[]}
@master/css-vite:test: 
@master/css-vite:test: stdout | tests/plugins/bug-hunt-imported-sass-original-maps.test.ts > imported Sass maps original file and token: scss / scss / partial=false / string / serve
@master/css-vite:test: {"rootExtension":"scss","syntax":"scss","partial":false,"addition":"string","command":"serve","diagnostic":{"version":2,"code":"invalid-compose-class","domain":"compiler","severity":"error","message":"Invalid @compose class: unknown-utility","source":"/private/tmp/master-css-original-import-map-CISxgp/nested/child.scss","range":{"start":{"line":3,"character":11},"end":{"line":3,"character":26}}},"additionalDataCalls":[]}
@master/css-vite:test: 
@master/css-vite:test: stdout | tests/plugins/bug-hunt-imported-sass-original-maps.test.ts > imported Sass maps original file and token: scss / scss / partial=false / mapped / build
@master/css-vite:test: {"rootExtension":"scss","syntax":"scss","partial":false,"addition":"mapped","command":"build","diagnostic":{"version":2,"code":"invalid-compose-class","domain":"compiler","severity":"error","message":"Invalid @compose class: unknown-utility","source":"/private/tmp/master-css-original-import-map-DK5P6I/nested/child.scss","range":{"start":{"line":3,"character":11},"end":{"line":3,"character":26}}},"additionalDataCalls":["/private/tmp/master-css-original-import-map-DK5P6I/style.module.scss","/private/tmp/master-css-original-import-map-DK5P6I/nested/child.scss"]}
@master/css-vite:test: 
@master/css-svelte:test: 
@master/css-svelte:test:  RUN  v5.0.0 /Users/aron/master/css/packages/svelte
@master/css-svelte:test: 
@master/css-nuxt:lint: cache miss, executing 98a85a0a2b0cb0dc
@master/css-nuxt:lint: $ eslint .
@master/css-vite:test: stdout | tests/plugins/bug-hunt-imported-sass-original-maps.test.ts > imported Sass maps original file and token: scss / scss / partial=false / mapped / serve
@master/css-vite:test: {"rootExtension":"scss","syntax":"scss","partial":false,"addition":"mapped","command":"serve","diagnostic":{"version":2,"code":"invalid-compose-class","domain":"compiler","severity":"error","message":"Invalid @compose class: unknown-utility","source":"/private/tmp/master-css-original-import-map-ndfGP2/nested/child.scss","range":{"start":{"line":3,"character":11},"end":{"line":3,"character":26}}},"additionalDataCalls":["/private/tmp/master-css-original-import-map-ndfGP2/style.module.scss","/private/tmp/master-css-original-import-map-ndfGP2/nested/child.scss"]}
@master/css-vite:test: 
@master/css-vite:test: stdout | tests/plugins/bug-hunt-imported-sass-original-maps.test.ts > imported Sass maps original file and token: scss / scss / partial=true / identity / build
@master/css-vite:test: {"rootExtension":"scss","syntax":"scss","partial":true,"addition":"identity","command":"build","diagnostic":{"version":2,"code":"invalid-compose-class","domain":"compiler","severity":"error","message":"Invalid @compose class: unknown-utility","source":"/private/tmp/master-css-original-import-map-fzjZTp/nested/_bad.scss","range":{"start":{"line":3,"character":11},"end":{"line":3,"character":26}}},"additionalDataCalls":["/private/tmp/master-css-original-import-map-fzjZTp/style.module.scss","/private/tmp/master-css-original-import-map-fzjZTp/nested/child.scss"]}
@master/css-vite:test: 
@master/css-nuxt:test: cache miss, executing 44b21dd8aa706269
@master/css-nuxt:test: $ vitest run
@master/css-vite:test: stdout | tests/plugins/bug-hunt-imported-sass-original-maps.test.ts > imported Sass maps original file and token: scss / scss / partial=true / identity / serve
@master/css-vite:test: {"rootExtension":"scss","syntax":"scss","partial":true,"addition":"identity","command":"serve","diagnostic":{"version":2,"code":"invalid-compose-class","domain":"compiler","severity":"error","message":"Invalid @compose class: unknown-utility","source":"/private/tmp/master-css-original-import-map-QnXhyF/nested/_bad.scss","range":{"start":{"line":3,"character":11},"end":{"line":3,"character":26}}},"additionalDataCalls":["/private/tmp/master-css-original-import-map-QnXhyF/style.module.scss","/private/tmp/master-css-original-import-map-QnXhyF/nested/child.scss"]}
@master/css-vite:test: 
@master/css-svelte:test:  ✓ tests/server.test.ts (4 tests) 582ms
@master/css-nuxt:test: 
@master/css-nuxt:test:  RUN  v4.1.11 /Users/aron/master/css/packages/nuxt
@master/css-nuxt:test: 
@master/css-svelte:test:  ✓ tests/rc87-rendering.test.ts (7 tests) 775ms
@master/css-svelte:test:  ✓ tests/vite.test.ts (3 tests) 7ms
@master/css-svelte:test: 
@master/css-svelte:test:  Test Files  3 passed (3)
@master/css-svelte:test:       Tests  14 passed (14)
@master/css-svelte:test:    Start at  12:43:18
@master/css-svelte:test:    Duration  2.56s (transform 71%, tests 21%, import 9%)
@master/css-svelte:test: 
@master/css-svelte:test:   Transform  transforming modules took 4.70s · 71% of tracked time, re-done on every run
@master/css-svelte:test:              persist transforms across runs with fsModuleCache: true
@master/css-svelte:test:              learn more: https://vitest.dev/guide/improving-performance#caching-between-reruns
@master/css-svelte:test: 
@master/css-language-server:lint: cache miss, executing d0d28b97d8204e47
@master/css-language-server:lint: $ eslint
@master/css-vite:test: stdout | tests/plugins/bug-hunt-imported-sass-original-maps.test.ts > imported Sass maps original file and token: scss / scss / partial=true / string / build
@master/css-vite:test: {"rootExtension":"scss","syntax":"scss","partial":true,"addition":"string","command":"build","diagnostic":{"version":2,"code":"invalid-compose-class","domain":"compiler","severity":"error","message":"Invalid @compose class: unknown-utility","source":"/private/tmp/master-css-original-import-map-GgrTRV/nested/_bad.scss","range":{"start":{"line":3,"character":11},"end":{"line":3,"character":26}}},"additionalDataCalls":[]}
@master/css-vite:test: 
@master/css-vite:test: stdout | tests/plugins/bug-hunt-imported-sass-original-maps.test.ts > imported Sass maps original file and token: scss / scss / partial=true / string / serve
@master/css-vite:test: {"rootExtension":"scss","syntax":"scss","partial":true,"addition":"string","command":"serve","diagnostic":{"version":2,"code":"invalid-compose-class","domain":"compiler","severity":"error","message":"Invalid @compose class: unknown-utility","source":"/private/tmp/master-css-original-import-map-ajv24r/nested/_bad.scss","range":{"start":{"line":3,"character":11},"end":{"line":3,"character":26}}},"additionalDataCalls":[]}
@master/css-vite:test: 
@master/css-vite:test: stdout | tests/plugins/bug-hunt-imported-sass-original-maps.test.ts > imported Sass maps original file and token: scss / scss / partial=true / mapped / build
@master/css-vite:test: {"rootExtension":"scss","syntax":"scss","partial":true,"addition":"mapped","command":"build","diagnostic":{"version":2,"code":"invalid-compose-class","domain":"compiler","severity":"error","message":"Invalid @compose class: unknown-utility","source":"/private/tmp/master-css-original-import-map-C0WPsT/nested/_bad.scss","range":{"start":{"line":3,"character":11},"end":{"line":3,"character":26}}},"additionalDataCalls":["/private/tmp/master-css-original-import-map-C0WPsT/style.module.scss","/private/tmp/master-css-original-import-map-C0WPsT/nested/child.scss"]}
@master/css-vite:test: 
@master/css-vscode:build: cache hit, suppressing logs fbc1ee6cace4babe
@master/css-language-server:test: cache miss, executing e5d3c8e879e3f44a
@master/css-language-server:test: $ cargo xtask build-native && vitest
@master/css-vite:test: stdout | tests/plugins/bug-hunt-imported-sass-original-maps.test.ts > imported Sass maps original file and token: scss / scss / partial=true / mapped / serve
@master/css-vite:test: {"rootExtension":"scss","syntax":"scss","partial":true,"addition":"mapped","command":"serve","diagnostic":{"version":2,"code":"invalid-compose-class","domain":"compiler","severity":"error","message":"Invalid @compose class: unknown-utility","source":"/private/tmp/master-css-original-import-map-k7TDBd/nested/_bad.scss","range":{"start":{"line":3,"character":11},"end":{"line":3,"character":26}}},"additionalDataCalls":["/private/tmp/master-css-original-import-map-k7TDBd/style.module.scss","/private/tmp/master-css-original-import-map-k7TDBd/nested/child.scss"]}
@master/css-vite:test: 
@master/css-language-server:test:     Finished `dev` profile [unoptimized + debuginfo] target(s) in 0.16s
@master/css-language-server:test:      Running `/Users/aron/master/css/target/debug/xtask build-native`
@master/eslint-plugin-css:test:  ✓ tests/sort-classes.test.ts (48 tests) 53117ms
@master/eslint-plugin-css:test:    ✓ sort classes (48)
@master/eslint-plugin-css:test:      ✓ valid (20)
@master/eslint-plugin-css:test:        ✓ <div class="m:2x p:2x font:1.5rem bg:black fg:white">Simple, basic</div> 2149ms
@master/eslint-plugin-css:test:        ✓ <div class="mt:5x card">Traditional class + syntax</div> 1629ms
@master/eslint-plugin-css:test:        ✓ <div className={ctl(`${live && 'bg:blue-10 bg:purple-40@dark r:0.313rem@sm'} p:0.625rem w:full`)}>ctl + exp</div> 1697ms
@master/eslint-plugin-css:test:        ✓ <div className={ctl(`${className} r:100% bg:blue-50 h:12x w:12x`)}>ctl + var</div> 1608ms
@master/eslint-plugin-css:test:        ✓ <div className={ctl(`${live && 'bg: black@dark white'} p:0.625rem w:full`)}>Space trim issue</div> 2018ms
@master/eslint-plugin-css:test:        ✓ <div class='m:2x p:2x font:1.5rem bg:black fg:white'>Simple quotes</div> 1612ms
@master/eslint-plugin-css:test:        ✓ <div class="p:2x ">Extra space at the end</div> 1667ms
@master/eslint-plugin-css:test:        ✓ <div class="p:0.313rem px:0.375rem px:0.188rem@sm py:0.125rem@md p:1x@lg">'p', then 'px' then 'py'</div> 1802ms
@master/eslint-plugin-css:test:        ✓ ctl(`
@master/eslint-plugin-css:test:         flex
@master/eslint-plugin-css:test:         container
@master/eslint-plugin-css:test:         w:3x
@master/eslint-plugin-css:test:         w:0.375rem@sm
@master/eslint-plugin-css:test:         w:1x@lg
@master/eslint-plugin-css:test:       `) 1590ms
@master/eslint-plugin-css:test:        ✓ <div class="w:3x w:500px@lg">Allowed arbitrary value</div> 1520ms
@master/eslint-plugin-css:test:        ✓ <div class="bg:black:focus:hover@dark bg:gray-40:disabled:focus:hover@md@dark">Stackable variants</div> 1381ms
@master/eslint-plugin-css:test:        ✓ <div className={clsx(`abs bottom:0 flex flex-col h:270px w:full`)}>clsx</div> 1257ms
@master/eslint-plugin-css:test:        ✓ <div class="zDialog flex w:3x">Number values</div> 1385ms
@master/eslint-plugin-css:test:        ✓ <div class="   flex  m:0.625rem   ">Extra spaces</div> 1209ms
@master/eslint-plugin-css:test:        ✓ 
@master/eslint-plugin-css:test:         <div className={`${yolo ? 'flex flex-col' : 'block'} rel overflow:hidden w:full`}>Issue #131</div>
@master/eslint-plugin-css:test:        1446ms
@master/eslint-plugin-css:test:        ✓ <div class>No errors while typing</div> 1450ms
@master/eslint-plugin-css:test:        ✓ <div class="block flex　my:1px">Do not treat full width space as class separator</div> 952ms
@master/eslint-plugin-css:test:        ✓ <div class="m:0.625rem m:5x m:1.875rem:hover m:10x@dark">Collision class</div> 1614ms
@master/eslint-plugin-css:test:        ✓ 
@master/eslint-plugin-css:test:         export default () => (
@master/eslint-plugin-css:test:           <Demo $py={0}>
@master/eslint-plugin-css:test:             <div className="transition:transform|.2s transform:scale(1.1):hover">
@master/eslint-plugin-css:test:               <Image
@master/eslint-plugin-css:test:                 src={mobileImage}
@master/eslint-plugin-css:test:                 className="untouchable"
@master/eslint-plugin-css:test:                 width="480"
@master/eslint-plugin-css:test:                 height="319"
@master/eslint-plugin-css:test:                 priority={true}
@master/eslint-plugin-css:test:                 alt="hello world"
@master/eslint-plugin-css:test:               />
@master/eslint-plugin-css:test:               <h1 className="abs inset:0 height:fit m:auto font:7vw font:heavy text-center fg:white animation:flash|3s|infinite font:2.5rem@xs blend:overlay">
@master/eslint-plugin-css:test:                 Hello, World!
@master/eslint-plugin-css:test:               </h1>
@master/eslint-plugin-css:test:             </div>
@master/eslint-plugin-css:test:           </Demo>
@master/eslint-plugin-css:test:         )
@master/eslint-plugin-css:test:        1542ms
@master/eslint-plugin-css:test:        ✓ <div class="mt:0 mt:0@sm a c d font:error hello:world">Error class</div> 1451ms
@master/eslint-plugin-css:test:      ✓ invalid (28)
@master/eslint-plugin-css:test:        ✓ <div class="font:1.5rem fg:white m:2x p:2x bg:black">Classnames will be ordered</div> 1324ms
@master/eslint-plugin-css:test:        ✓ <div class="flex uppercase m:0 m:0>li text-decoration:none>li>a px:1x>li align-items:baseline fg:gray-30>li>a gap-x:7x font:.75rem font:medium pb:0.375rem>li pt:5x pt:0.625rem>li {bb:3px|solid|black}>li:has(>.router-link-active) {fg:black}>li:has(>.router-link-active)>a fg:gray-10>li>a:hover box-shadow:none>li>a:focus">Group</div> 1406ms
@master/eslint-plugin-css:test:        ✓ <div test="p:1x px:0.438rem@sm p:2x@lg py:0.313rem@sm">Enhancing readability with 'test' prop</div> 1198ms
@master/eslint-plugin-css:test:        ✓ <div class="grid grid-cols:1 grid-cols:2@sm px:2x@sm py:3x@sm gap:2x py:4x@md">:)...</div> 959ms
@master/eslint-plugin-css:test:        ✓ <div className={ctl(`${live && 'bg:black@dark bg:white'} flex p:0.625rem`)}>Space trim issue with fix</div> 932ms
@master/eslint-plugin-css:test:        ✓ <div class='bg:black@dark bg:white'>Simple quotes</div> 784ms
@master/eslint-plugin-css:test:        ✓ clsx('fg:#aaaaaa {content:\'\';block;h:full;w:full;abs}::after bg:#ffffff') 696ms
@master/eslint-plugin-css:test:        ✓ <div class="w:3x w:0.375rem@lg w:3x">removeDuplicates</div> 744ms
@master/eslint-plugin-css:test:        ✓ <div class="w:3x  w:0.375rem@lg  w:3x">Single line dups + no head/tail spaces</div> 630ms
@master/eslint-plugin-css:test:        ✓ <div class=" w:3x  w:0.375rem@lg   w:3x">Single dups line + head spaces</div> 691ms
@master/eslint-plugin-css:test:        ✓ <div class="w:3x  w:0.375rem@lg   w:3x ">Single line dups + tail spaces</div> 591ms
@master/eslint-plugin-css:test:        ✓ 
@master/eslint-plugin-css:test:         ctl(`
@master/eslint-plugin-css:test:           hidden
@master/eslint-plugin-css:test:           w:0.375rem@sm
@master/eslint-plugin-css:test:           block
@master/eslint-plugin-css:test:           hidden
@master/eslint-plugin-css:test:           flex
@master/eslint-plugin-css:test:           block
@master/eslint-plugin-css:test:           w:3x
@master/eslint-plugin-css:test:           flex
@master/eslint-plugin-css:test:           block
@master/eslint-plugin-css:test:           w:1x@lg
@master/eslint-plugin-css:test:           w:1x@lg
@master/eslint-plugin-css:test:         `);
@master/eslint-plugin-css:test:        692ms
@master/eslint-plugin-css:test:        ✓ 
@master/eslint-plugin-css:test:         ctl(`
@master/eslint-plugin-css:test:           invalid
@master/eslint-plugin-css:test:           w:0.375rem@sm
@master/eslint-plugin-css:test:           flex
@master/eslint-plugin-css:test:           container
@master/eslint-plugin-css:test:           w:3x
@master/eslint-plugin-css:test:           w:1x@lg
@master/eslint-plugin-css:test:         `);
@master/eslint-plugin-css:test:        626ms
@master/eslint-plugin-css:test:        ✓ <div class="w:3x@sm w:320px">Allowed arbitrary value but incorrect order</div> 627ms
@master/eslint-plugin-css:test:        ✓ clsx(`abs bottom:0 w:full h:70px flex flex-col`); 710ms
@master/eslint-plugin-css:test:        ✓ cva({
@master/eslint-plugin-css:test:         primary: ["abs bottom:0 w:full h:70px flex flex-col"],
@master/eslint-plugin-css:test:       }) 652ms
@master/eslint-plugin-css:test:        ✓ <div className={clsx(`abs bottom:0 w:full h:270px flex flex-col`)}>clsx</div> 804ms
@master/eslint-plugin-css:test:        ✓ 
@master/eslint-plugin-css:test:         ctl(`
@master/eslint-plugin-css:test:           ${
@master/eslint-plugin-css:test:               !isDisabled &&
@master/eslint-plugin-css:test:               `
@master/eslint-plugin-css:test:               flex
@master/eslint-plugin-css:test:               top:0
@master/eslint-plugin-css:test:               b:0
@master/eslint-plugin-css:test:               `
@master/eslint-plugin-css:test:           }
@master/eslint-plugin-css:test:           ${
@master/eslint-plugin-css:test:               isDisabled &&
@master/eslint-plugin-css:test:               `
@master/eslint-plugin-css:test:               b:0
@master/eslint-plugin-css:test:               mx:0
@master/eslint-plugin-css:test:               `
@master/eslint-plugin-css:test:           }
@master/eslint-plugin-css:test:           flex
@master/eslint-plugin-css:test:           px:0.125rem
@master/eslint-plugin-css:test:         `)
@master/eslint-plugin-css:test:        653ms
@master/eslint-plugin-css:test:        ✓ <div className="px:0.125rem flex">...</div> 640ms
@master/eslint-plugin-css:test:        ✓ ctl(`${enabled && "px:0.125rem flex"}`) 694ms
@master/eslint-plugin-css:test:        ✓ ctl(`px:0.125rem flex`) 679ms
@master/eslint-plugin-css:test:        ✓ 
@master/eslint-plugin-css:test:         ctl(`
@master/eslint-plugin-css:test:           px:0.125rem
@master/eslint-plugin-css:test:           flex
@master/eslint-plugin-css:test:         `)
@master/eslint-plugin-css:test:        641ms
@master/eslint-plugin-css:test:        ✓ 
@master/eslint-plugin-css:test:         <div
@master/eslint-plugin-css:test:           className={clsx(
@master/eslint-plugin-css:test:             "w:full h:0.625rem rounded",
@master/eslint-plugin-css:test:             name === "white"
@master/eslint-plugin-css:test:               ? "m:0.625rem flex"
@master/eslint-plugin-css:test:               : undefined
@master/eslint-plugin-css:test:           )}
@master/eslint-plugin-css:test:         />
@master/eslint-plugin-css:test:        759ms
@master/eslint-plugin-css:test:        ✓ 
@master/eslint-plugin-css:test:         classnames([
@master/eslint-plugin-css:test:           'invalid w:4px@lg w:6px@sm',
@master/eslint-plugin-css:test:           ['w:3x flex'],
@master/eslint-plugin-css:test:         ]) 776ms
@master/eslint-plugin-css:test:        ✓ 
@master/eslint-plugin-css:test:         classnames({
@master/eslint-plugin-css:test:           invalid,
@master/eslint-plugin-css:test:           flex: myFlag,
@master/eslint-plugin-css:test:           'w:4px@lg w:6px@sm': resize
@master/eslint-plugin-css:test:         }) 844ms
@master/eslint-plugin-css:test:        ✓ ctl(`p:0.188rem b:3px|solid|gray m:1x h:6x p:1x@lg flex b:2px m:1x@lg`) 797ms
@master/eslint-plugin-css:test:        ✓ <div class="a mt:0 mt:0@sm c d hello:world font:error">Error class</div> 759ms
@master/eslint-plugin-css:test:        ✓ <div className="gap:0.938rem grid-cols:2 grid-cols:3@2xs grid-cols:4@sm grid-cols:5@md p:10x">order</div> 807ms
@master/css-vite:test: stdout | tests/plugins/bug-hunt-imported-sass-original-maps.test.ts > imported Sass maps original file and token: scss / sass / partial=false / identity / build
@master/css-vite:test: {"rootExtension":"scss","syntax":"sass","partial":false,"addition":"identity","command":"build","diagnostic":{"version":2,"code":"invalid-compose-class","domain":"compiler","severity":"error","message":"Invalid @compose class: unknown-utility","source":"/private/tmp/master-css-original-import-map-DgKPTw/nested/child.sass","range":{"start":{"line":3,"character":11},"end":{"line":3,"character":26}}},"additionalDataCalls":["/private/tmp/master-css-original-import-map-DgKPTw/style.module.scss","/private/tmp/master-css-original-import-map-DgKPTw/nested/child.sass"]}
@master/css-vite:test: 
@master/css:test:  ✓ tests/engine/rust-engine.test.ts (68 tests) 55662ms
@master/css:test:    ✓ Rust engine session (68)
@master/css:test:      ✓ executes semantic engine corpus case engine-basic-order through native and Wasm sessions 1139ms
@master/css:test:      ✓ executes semantic engine corpus case engine-basic-order-reversed through native and Wasm sessions 1325ms
@master/css:test:      ✓ executes semantic engine corpus case engine-grouped-declarations through native and Wasm sessions 1534ms
@master/css:test:      ✓ executes semantic engine corpus case engine-selector-condition-layer through native and Wasm sessions 1573ms
@master/css:test:      ✓ executes semantic engine corpus case engine-selector-condition-metadata through native and Wasm sessions 1487ms
@master/css:test:      ✓ executes semantic engine corpus case engine-variable-lifecycle through native and Wasm sessions 1984ms
@master/css:test:      ✓ executes semantic engine corpus case engine-inline-theme-variable-dependencies through native and Wasm sessions 915ms
@master/css:test:      ✓ executes semantic engine corpus case engine-emitted-global-variable through native and Wasm sessions 1641ms
@master/css:test:      ✓ executes semantic engine corpus case engine-mode-conditions through native and Wasm sessions 1593ms
@master/css:test:      ✓ executes semantic engine corpus case engine-functions-and-negative-values through native and Wasm sessions 1702ms
@master/css:test:      ✓ executes semantic engine corpus case engine-negative-base-unit-bytes through native and Wasm sessions 1633ms
@master/css:test:      ✓ executes semantic engine corpus case engine-negative-variable-identifier-bytes through native and Wasm sessions 1531ms
@master/css:test:      ✓ executes semantic engine corpus case engine-legacy-pseudo-element-bytes through native and Wasm sessions 1533ms
@master/css:test:      ✓ executes semantic engine corpus case engine-selector-priority-metadata through native and Wasm sessions 1377ms
@master/css:test:      ✓ executes semantic engine corpus case engine-animation-resource-metadata through native and Wasm sessions 547ms
@master/css:test:      ✓ executes semantic engine corpus case engine-border-radius-aliases through native and Wasm sessions 1288ms
@master/css:test:      ✓ executes semantic engine corpus case engine-pseudo-and-responsive-selectors through native and Wasm sessions 1217ms
@master/css:test:      ✓ executes semantic engine corpus case engine-complex-utility-values through native and Wasm sessions 1220ms
@master/css:test:      ✓ executes semantic engine corpus case engine-responsive-priority through native and Wasm sessions 1563ms
@master/css:test:      ✓ executes semantic engine corpus case engine-rejects-retired-syntax through native and Wasm sessions 1051ms
@master/css:test:      ✓ executes semantic engine corpus case engine-semantic-manifest-layer through native and Wasm sessions 659ms
@master/css:test:      ✓ executes semantic engine corpus case engine-same-class-across-layers through native and Wasm sessions 571ms
@master/css:test:      ✓ executes semantic engine corpus case engine-native-alias-global-variable through native and Wasm sessions 666ms
@master/css:test:      ✓ executes semantic engine corpus case engine-native-alias-warm-session through native and Wasm sessions 650ms
@master/css:test:      ✓ executes semantic engine corpus case rc87-rule-b34b6305ef89bb24 through native and Wasm sessions 1142ms
@master/css:test:      ✓ executes semantic engine corpus case rc87-rule-7a36e09838ade737 through native and Wasm sessions 1189ms
@master/css:test:      ✓ executes semantic engine corpus case rc87-rule-c04505259861369b through native and Wasm sessions 1198ms
@master/css:test:      ✓ executes semantic engine corpus case rc87-rule-3f25eb2d165c2792 through native and Wasm sessions 1049ms
@master/css:test:      ✓ executes semantic engine corpus case rc87-rule-6d53dce3a8f4a608 through native and Wasm sessions 1118ms
@master/css:test:      ✓ executes semantic engine corpus case rc87-rule-59505396e17bdf8e through native and Wasm sessions 1059ms
@master/css:test:      ✓ executes semantic engine corpus case rc87-rule-5230468339100f6c through native and Wasm sessions 1085ms
@master/css:test:      ✓ executes semantic engine corpus case rc87-rule-f491aa129b9a3a74 through native and Wasm sessions 790ms
@master/css:test:      ✓ executes semantic engine corpus case rc87-rule-d289666fcc196b64 through native and Wasm sessions 728ms
@master/css:test:      ✓ executes semantic engine corpus case rc87-rule-8d2ee1e868c38dd6 through native and Wasm sessions 660ms
@master/css:test:      ✓ executes semantic engine corpus case rc87-rule-fb85c91f2d14846a through native and Wasm sessions 613ms
@master/css:test:      ✓ executes semantic engine corpus case rc87-rule-afba0d33467fc574 through native and Wasm sessions 656ms
@master/css:test:      ✓ executes semantic engine corpus case rc87-rule-4d6d766d11fd57af through native and Wasm sessions 606ms
@master/css:test:      ✓ executes semantic engine corpus case rc87-rule-743a5f3fb61f7d88 through native and Wasm sessions 572ms
@master/css:test:      ✓ executes semantic engine corpus case rc87-rule-5e304b15af0d12dd through native and Wasm sessions 564ms
@master/css:test:      ✓ executes semantic engine corpus case rc87-rule-22b7c994c8342eaa through native and Wasm sessions 570ms
@master/css:test:      ✓ executes semantic engine corpus case rc87-rule-3054317e5047ac84 through native and Wasm sessions 563ms
@master/css:test:      ✓ executes semantic engine corpus case rc87-rule-afbc5c93d6ab3dc2 through native and Wasm sessions 578ms
@master/css:test:      ✓ executes semantic engine corpus case rc87-rule-9c9ee122cd4a3bd3 through native and Wasm sessions 591ms
@master/css:test:      ✓ executes semantic engine corpus case rc87-rule-8a293bcf0d290eb7 through native and Wasm sessions 521ms
@master/css:test:      ✓ executes semantic engine corpus case rc87-rule-acdce9660356cb28 through native and Wasm sessions 661ms
@master/css:test:      ✓ executes semantic engine corpus case rc87-rule-9895f7ecdc656497 through native and Wasm sessions 608ms
@master/css:test:      ✓ executes semantic engine corpus case rc87-rule-4a94dd75caf59534 through native and Wasm sessions 497ms
@master/css:test:      ✓ executes semantic engine corpus case rc87-rule-2f0ff0b730818d53 through native and Wasm sessions 554ms
@master/css:test:      ✓ executes semantic engine corpus case rc87-rule-2f7b1c97993db611 through native and Wasm sessions 629ms
@master/css:test:      ✓ executes semantic engine corpus case rc87-rule-5169d112e4169271 through native and Wasm sessions 534ms
@master/css:test:      ✓ executes semantic engine corpus case rc87-rule-ff4cac57b6cc0943 through native and Wasm sessions 605ms
@master/css:test:      ✓ executes semantic engine corpus case rc87-rule-bc7c658b17e46149 through native and Wasm sessions 601ms
@master/css:test:      ✓ executes semantic engine corpus case rc87-rule-081769c168f88151 through native and Wasm sessions 585ms
@master/css:test:      ✓ executes semantic engine corpus case rc87-rule-cb69eb9c0c7aad3d through native and Wasm sessions 546ms
@master/css:test:      ✓ executes semantic engine corpus case rc87-rule-9e6b271a6d859a81 through native and Wasm sessions 808ms
@master/css:test:      ✓ executes semantic engine corpus case rc87-rule-067aa7686b1c6ef6 through native and Wasm sessions 662ms
@master/css:test:      ✓ executes semantic engine corpus case rc87-rule-81dae146767af74c through native and Wasm sessions 711ms
@master/css:test:      ✓ registers emitted globals through native and Wasm engines 389ms
@master/css:test:      ✓ preserves descendant selectors across condition-only variants in native and Wasm 420ms
@master/css:test: 
@master/css:test:  Test Files  4 passed (4)
@master/css:test:       Tests  72 passed (72)
@master/css:test:    Start at  12:42:27
@master/css:test:    Duration  56.75s (tests 97%, transform 2%)
@master/css:test: 
@master/css-language-server:test:     Finished `dev` profile [unoptimized + debuginfo] target(s) in 0.14s
@master/css-language-server:test: Built /Users/aron/master/css/packages/binding/artifacts/mastercss.node
@master/css-language-server:test: Built /Users/aron/master/css/packages/binding/artifacts/mcss
@master/css-mcp:lint: cache miss, executing 0db9269e32790a66
@master/css-mcp:lint: $ eslint
@master/css-vite:test: stdout | tests/plugins/bug-hunt-imported-sass-original-maps.test.ts > imported Sass maps original file and token: scss / sass / partial=false / identity / serve
@master/css-vite:test: {"rootExtension":"scss","syntax":"sass","partial":false,"addition":"identity","command":"serve","diagnostic":{"version":2,"code":"invalid-compose-class","domain":"compiler","severity":"error","message":"Invalid @compose class: unknown-utility","source":"/private/tmp/master-css-original-import-map-j1ruWg/nested/child.sass","range":{"start":{"line":3,"character":11},"end":{"line":3,"character":26}}},"additionalDataCalls":["/private/tmp/master-css-original-import-map-j1ruWg/style.module.scss","/private/tmp/master-css-original-import-map-j1ruWg/nested/child.sass"]}
@master/css-vite:test: 
@master/css-language-server:test: (!) Your Vite config uses features that are unsupported by `configLoader: 'native'`, which is planned to become the default in a future major version of Vite:
@master/css-language-server:test:   - import "../../shared/vitest.config" without a file extension (vitest.config.ts:2:20). Add the file extension
@master/css-language-server:test:   - import "./vitest-ci-config" without a file extension (../../shared/vitest.config.ts:2:58). Add the file extension
@master/css-language-server:test: Set `VITE_CONFIG_NATIVE_IGNORE_WARNING=true` to suppress this warning.
@master/css-language-server:test: 
@master/css-language-server:test:  RUN  v5.0.0 /Users/aron/master/css/packages/language-server
@master/css-language-server:test: 
@master/css-vite:test: stdout | tests/plugins/bug-hunt-imported-sass-original-maps.test.ts > imported Sass maps original file and token: scss / sass / partial=false / string / build
@master/css-vite:test: {"rootExtension":"scss","syntax":"sass","partial":false,"addition":"string","command":"build","diagnostic":{"version":2,"code":"invalid-compose-class","domain":"compiler","severity":"error","message":"Invalid @compose class: unknown-utility","source":"/private/tmp/master-css-original-import-map-KbKaDS/nested/child.sass","range":{"start":{"line":3,"character":11},"end":{"line":3,"character":26}}},"additionalDataCalls":[]}
@master/css-vite:test: 
@master/css-vite:test: stdout | tests/plugins/bug-hunt-imported-sass-original-maps.test.ts > imported Sass maps original file and token: scss / sass / partial=false / string / serve
@master/css-vite:test: {"rootExtension":"scss","syntax":"sass","partial":false,"addition":"string","command":"serve","diagnostic":{"version":2,"code":"invalid-compose-class","domain":"compiler","severity":"error","message":"Invalid @compose class: unknown-utility","source":"/private/tmp/master-css-original-import-map-H2kKuu/nested/child.sass","range":{"start":{"line":3,"character":11},"end":{"line":3,"character":26}}},"additionalDataCalls":[]}
@master/css-vite:test: 
@master/css-mcp:test: cache miss, executing b413508e5af14959
@master/css-mcp:test: $ cargo xtask build-native && vitest
@master/css-mcp:test:     Finished `dev` profile [unoptimized + debuginfo] target(s) in 0.09s
@master/css-mcp:test:      Running `/Users/aron/master/css/target/debug/xtask build-native`
@master/css-vite:test: stdout | tests/plugins/bug-hunt-imported-sass-original-maps.test.ts > imported Sass maps original file and token: scss / sass / partial=false / mapped / build
@master/css-vite:test: {"rootExtension":"scss","syntax":"sass","partial":false,"addition":"mapped","command":"build","diagnostic":{"version":2,"code":"invalid-compose-class","domain":"compiler","severity":"error","message":"Invalid @compose class: unknown-utility","source":"/private/tmp/master-css-original-import-map-NuiBbt/nested/child.sass","range":{"start":{"line":3,"character":11},"end":{"line":3,"character":26}}},"additionalDataCalls":["/private/tmp/master-css-original-import-map-NuiBbt/style.module.scss","/private/tmp/master-css-original-import-map-NuiBbt/nested/child.sass"]}
@master/css-vite:test: 
@master/css-language-server:test:  ✓ tests/custom-workspace.test.ts (1 test) 793ms
@master/css-mcp:test:     Finished `dev` profile [unoptimized + debuginfo] target(s) in 0.10s
@master/css-mcp:test: Built /Users/aron/master/css/packages/binding/artifacts/mastercss.node
@master/css-mcp:test: Built /Users/aron/master/css/packages/binding/artifacts/mcss
@master/css-vite:test: stdout | tests/plugins/bug-hunt-imported-sass-original-maps.test.ts > imported Sass maps original file and token: scss / sass / partial=false / mapped / serve
@master/css-vite:test: {"rootExtension":"scss","syntax":"sass","partial":false,"addition":"mapped","command":"serve","diagnostic":{"version":2,"code":"invalid-compose-class","domain":"compiler","severity":"error","message":"Invalid @compose class: unknown-utility","source":"/private/tmp/master-css-original-import-map-OHutxe/nested/child.sass","range":{"start":{"line":3,"character":11},"end":{"line":3,"character":26}}},"additionalDataCalls":["/private/tmp/master-css-original-import-map-OHutxe/style.module.scss","/private/tmp/master-css-original-import-map-OHutxe/nested/child.sass"]}
@master/css-vite:test: 
@master/css-mcp:test: (!) Your Vite config uses features that are unsupported by `configLoader: 'native'`, which is planned to become the default in a future major version of Vite:
@master/css-mcp:test:   - import "../../shared/vitest.config" without a file extension (vitest.config.ts:2:20). Add the file extension
@master/css-mcp:test:   - import "./vitest-ci-config" without a file extension (../../shared/vitest.config.ts:2:58). Add the file extension
@master/css-mcp:test: Set `VITE_CONFIG_NATIVE_IGNORE_WARNING=true` to suppress this warning.
@master/css-mcp:test: 
@master/css-mcp:test:  RUN  v5.0.0 /Users/aron/master/css/packages/mcp
@master/css-mcp:test: 
@master/css-mcp:test:  ✓ tests/bug-hunt-preview-bytes.test.ts (5 tests) 38ms
@master/css-vite:test:  ✓ tests/plugins/bug-hunt-local-compose-graphs.test.ts (32 tests) 58517ms
@master/css-vite:test:    ✓ BH-0004 local compose retains qualified child imports in serve/root-compose=false/child-compose=false/static 1288ms
@master/css-vite:test:    ✓ BH-0004 local compose retains qualified child imports in serve/root-compose=false/child-compose=false/runtime 1216ms
@master/css-vite:test:    ✓ BH-0004 local compose retains qualified child imports in serve/root-compose=false/child-compose=false/pre-render 2155ms
@master/css-vite:test:    ✓ BH-0004 local compose retains qualified child imports in serve/root-compose=false/child-compose=false/progressive 2026ms
@master/css-vite:test:    ✓ BH-0004 local compose retains qualified child imports in serve/root-compose=false/child-compose=true/static 2359ms
@master/css-vite:test:    ✓ BH-0004 local compose retains qualified child imports in serve/root-compose=false/child-compose=true/runtime 2842ms
@master/css-vite:test:    ✓ BH-0004 local compose retains qualified child imports in serve/root-compose=false/child-compose=true/pre-render 2584ms
@master/css-vite:test:    ✓ BH-0004 local compose retains qualified child imports in serve/root-compose=false/child-compose=true/progressive 2856ms
@master/css-vite:test:    ✓ BH-0004 local compose retains qualified child imports in serve/root-compose=true/child-compose=false/static 1999ms
@master/css-vite:test:    ✓ BH-0004 local compose retains qualified child imports in serve/root-compose=true/child-compose=false/runtime 1752ms
@master/css-vite:test:    ✓ BH-0004 local compose retains qualified child imports in serve/root-compose=true/child-compose=false/pre-render 2079ms
@master/css-vite:test:    ✓ BH-0004 local compose retains qualified child imports in serve/root-compose=true/child-compose=false/progressive 2489ms
@master/css-vite:test:    ✓ BH-0004 local compose retains qualified child imports in serve/root-compose=true/child-compose=true/static 2012ms
@master/css-vite:test:    ✓ BH-0004 local compose retains qualified child imports in serve/root-compose=true/child-compose=true/runtime 2010ms
@master/css-vite:test:    ✓ BH-0004 local compose retains qualified child imports in serve/root-compose=true/child-compose=true/pre-render 2793ms
@master/css-vite:test:    ✓ BH-0004 local compose retains qualified child imports in serve/root-compose=true/child-compose=true/progressive 2470ms
@master/css-vite:test:    ✓ BH-0004 local compose retains qualified child imports in build/root-compose=false/child-compose=false/static 1079ms
@master/css-vite:test:    ✓ BH-0004 local compose retains qualified child imports in build/root-compose=false/child-compose=false/runtime 1387ms
@master/css-vite:test:    ✓ BH-0004 local compose retains qualified child imports in build/root-compose=false/child-compose=false/pre-render 1120ms
@master/css-vite:test:    ✓ BH-0004 local compose retains qualified child imports in build/root-compose=false/child-compose=false/progressive 1256ms
@master/css-vite:test:    ✓ BH-0004 local compose retains qualified child imports in build/root-compose=false/child-compose=true/static 1042ms
@master/css-vite:test:    ✓ BH-0004 local compose retains qualified child imports in build/root-compose=false/child-compose=true/runtime 1255ms
@master/css-vite:test:    ✓ BH-0004 local compose retains qualified child imports in build/root-compose=false/child-compose=true/pre-render 1264ms
@master/css-vite:test:    ✓ BH-0004 local compose retains qualified child imports in build/root-compose=false/child-compose=true/progressive 1908ms
@master/css-vite:test:    ✓ BH-0004 local compose retains qualified child imports in build/root-compose=true/child-compose=false/static 994ms
@master/css-vite:test:    ✓ BH-0004 local compose retains qualified child imports in build/root-compose=true/child-compose=false/runtime 1413ms
@master/css-vite:test:    ✓ BH-0004 local compose retains qualified child imports in build/root-compose=true/child-compose=false/pre-render 1190ms
@master/css-vite:test:    ✓ BH-0004 local compose retains qualified child imports in build/root-compose=true/child-compose=false/progressive 1737ms
@master/css-vite:test:    ✓ BH-0004 local compose retains qualified child imports in build/root-compose=true/child-compose=true/static 1428ms
@master/css-vite:test:    ✓ BH-0004 local compose retains qualified child imports in build/root-compose=true/child-compose=true/runtime 1804ms
@master/css-vite:test:    ✓ BH-0004 local compose retains qualified child imports in build/root-compose=true/child-compose=true/pre-render 1981ms
@master/css-vite:test:    ✓ BH-0004 local compose retains qualified child imports in build/root-compose=true/child-compose=true/progressive 2707ms
@master/css-language-server:test:  ✓ tests/manifest.test.ts (1 test) 2016ms
@master/css-language-server:test:    ✓ manifest (1)
@master/css-language-server:test:      ✓ loads managed CSS entry manifest before language features run 1223ms
@master/css-vite:test: stdout | tests/plugins/bug-hunt-imported-sass-original-maps.test.ts > imported Sass maps original file and token: scss / sass / partial=true / identity / build
@master/css-vite:test: {"rootExtension":"scss","syntax":"sass","partial":true,"addition":"identity","command":"build","diagnostic":{"version":2,"code":"invalid-compose-class","domain":"compiler","severity":"error","message":"Invalid @compose class: unknown-utility","source":"/private/tmp/master-css-original-import-map-bi4KsU/nested/_bad.sass","range":{"start":{"line":3,"character":11},"end":{"line":3,"character":26}}},"additionalDataCalls":["/private/tmp/master-css-original-import-map-bi4KsU/style.module.scss","/private/tmp/master-css-original-import-map-bi4KsU/nested/child.sass"]}
@master/css-vite:test: 
@master/css-mcp:test:  ✓ tests/bug-hunt-preview-concurrency.test.ts (10 tests) 369ms
@master/css-binding-wasm-compiler:test:    Compiling mastercss-binding-wasm-compiler v0.0.0 (/Users/aron/master/css/crates/mastercss-binding-wasm-compiler)
@master/css-language-server:test:  ✓ tests/monorepo.test.ts (3 tests) 2742ms
@master/css-language-server:test:    ✓ monorepo (3)
@master/css-language-server:test:      ✓ open a document and link it to the nearest workspace 1024ms
@master/css-language-server:test:      ✓ open a document in a package dependency workspace without config 908ms
@master/css-vite:test: stdout | tests/plugins/bug-hunt-sass-partial-references.test.ts > pure Vite maps a partial reference to its original scss file
@master/css-vite:test: {"control":"pure-vite-partial-reference","syntax":"scss","code":"@reference \"./tokens.css\";\n.target {\n  @compose paint;\n}","origin":{"generatedLine":0,"generatedColumn":0,"originalSource":"/private/tmp/master-css-partial-reference-VCqKl4/shared/_rules.scss","originalLine":0,"originalColumn":0}}
@master/css-vite:test: 
@master/css-vite:test: stdout | tests/plugins/bug-hunt-sass-partial-references.test.ts > pure Vite maps a partial reference to its original sass file
@master/css-vite:test: {"control":"pure-vite-partial-reference","syntax":"sass","code":"@reference \"./tokens.css\";\n.target {\n  @compose paint;\n}","origin":{"generatedLine":0,"generatedColumn":0,"originalSource":"/private/tmp/master-css-partial-reference-KPsElf/shared/_rules.sass","originalLine":0,"originalColumn":0}}
@master/css-vite:test: 
@master/css-vite:test: stdout | tests/plugins/bug-hunt-sass-partial-references.test.ts > pure Vite needs the root identity when chaining a partial-only scss map with additionalData
@master/css-vite:test: {"control":"pure-vite-additional-map-chain","syntax":"scss","marker":false,"sources":["style.scss"],"origin":{}}
@master/css-vite:test: 
@master/css-vite:test: stdout | tests/plugins/bug-hunt-sass-partial-references.test.ts > pure Vite needs the root identity when chaining a partial-only scss map with additionalData
@master/css-vite:test: {"control":"pure-vite-additional-map-chain","syntax":"scss","marker":true,"sources":["/private/tmp/master-css-partial-reference-xuQxUi/shared/_rules.scss"],"origin":{"generatedLine":0,"generatedColumn":0,"originalSource":"/private/tmp/master-css-partial-reference-xuQxUi/shared/_rules.scss","originalLine":0,"originalColumn":0}}
@master/css-vite:test: 
@master/css-vite:test: stdout | tests/plugins/bug-hunt-sass-partial-references.test.ts > pure Vite needs the root identity when chaining a partial-only sass map with additionalData
@master/css-vite:test: {"control":"pure-vite-additional-map-chain","syntax":"sass","marker":false,"sources":["style.sass"],"origin":{}}
@master/css-vite:test: 
@master/css-vite:test: stdout | tests/plugins/bug-hunt-sass-partial-references.test.ts > pure Vite needs the root identity when chaining a partial-only sass map with additionalData
@master/css-vite:test: {"control":"pure-vite-additional-map-chain","syntax":"sass","marker":true,"sources":["/private/tmp/master-css-partial-reference-fQQpZZ/shared/_rules.sass"],"origin":{"generatedLine":0,"generatedColumn":0,"originalSource":"/private/tmp/master-css-partial-reference-fQQpZZ/shared/_rules.sass","originalLine":0,"originalColumn":0}}
@master/css-vite:test: 
@master/css-vite:test: stdout | tests/plugins/bug-hunt-imported-sass-original-maps.test.ts > imported Sass maps original file and token: scss / sass / partial=true / identity / serve
@master/css-vite:test: {"rootExtension":"scss","syntax":"sass","partial":true,"addition":"identity","command":"serve","diagnostic":{"version":2,"code":"invalid-compose-class","domain":"compiler","severity":"error","message":"Invalid @compose class: unknown-utility","source":"/private/tmp/master-css-original-import-map-icaYU4/nested/_bad.sass","range":{"start":{"line":3,"character":11},"end":{"line":3,"character":26}}},"additionalDataCalls":["/private/tmp/master-css-original-import-map-icaYU4/style.module.scss","/private/tmp/master-css-original-import-map-icaYU4/nested/child.sass"]}
@master/css-vite:test: 
@master/css-language-server:test:  ✓ tests/bug-hunt-manifest-diagnostic-contract.test.ts (3 tests) 3433ms
@master/css-language-server:test:    ✓ invalid-manifest (3)
@master/css-language-server:test:      ✓ preserves the real compiler diagnostic when manifest loading fails 744ms
@master/css-language-server:test:      ✓ keeps the generic loading code for unstructured Error 1037ms
@master/css-language-server:test:      ✓ keeps the generic loading code for unstructured CSSDirectiveError 853ms
@master/css-language-server:test:  ✓ tests/test.ts (8 tests) 3584ms
@master/css-language-server:test:    ✓ basic (7)
@master/css-language-server:test:      ✓ open and close a document 832ms
@master/css-language-server:test:      ✓ coordinates concurrent document opens with closes during initialization 1097ms
@master/css-language-server:test:      ✓ open an external document 860ms
@master/css-language-server:test:  ✓ tests/formatting.test.ts (5 tests) 4114ms
@master/css-language-server:test:    ✓ basic (3)
@master/css-language-server:test:      ✓ returns document formatting edits for CSS directives 1240ms
@master/css-language-server:test:      ✓ returns range formatting edits for CSS directives 1072ms
@master/css-language-server:test:    ✓ basic (2)
@master/css-language-server:test:      ✓ returns no formatting edits when disabled 980ms
@master/css-vite:test: stdout | tests/plugins/bug-hunt-imported-sass-original-maps.test.ts > imported Sass maps original file and token: scss / sass / partial=true / string / build
@master/css-vite:test: {"rootExtension":"scss","syntax":"sass","partial":true,"addition":"string","command":"build","diagnostic":{"version":2,"code":"invalid-compose-class","domain":"compiler","severity":"error","message":"Invalid @compose class: unknown-utility","source":"/private/tmp/master-css-original-import-map-clOiwH/nested/_bad.sass","range":{"start":{"line":3,"character":11},"end":{"line":3,"character":26}}},"additionalDataCalls":[]}
@master/css-vite:test: 
@master/css-language-server:test:  ✓ tests/runtime.test.ts (4 tests) 4907ms
@master/css-language-server:test:    ✓ monorepo (2)
@master/css-language-server:test:      ✓ uses a resolved workspace Master CSS manifest when available 1038ms
@master/css-language-server:test:      ✓ uses a resolved workspace Master CSS runtime when available 1274ms
@master/css-language-server:test:    ✓ uses the bundled manifest when workspace packages are missing 910ms
@master/css-language-server:test:    ✓ falls back to the bundled runtime when workspace packages are missing 855ms
@master/css-vite:test: stdout | tests/plugins/bug-hunt-imported-sass-original-maps.test.ts > imported Sass maps original file and token: scss / sass / partial=true / string / serve
@master/css-vite:test: {"rootExtension":"scss","syntax":"sass","partial":true,"addition":"string","command":"serve","diagnostic":{"version":2,"code":"invalid-compose-class","domain":"compiler","severity":"error","message":"Invalid @compose class: unknown-utility","source":"/private/tmp/master-css-original-import-map-4b089t/nested/_bad.sass","range":{"start":{"line":3,"character":11},"end":{"line":3,"character":26}}},"additionalDataCalls":[]}
@master/css-vite:test: 
@master/css-vite:test:  ✓ tests/plugins/bug-hunt-failed-dependency-reconciliation.test.ts (22 tests) 61995ms
@master/css-vite:test:    ✓ BH-0004 reconciles failed dependency without delivered watcher events in static (resource=false) 3297ms
@master/css-vite:test:    ✓ BH-0004 reconciles failed dependency without delivered watcher events in runtime (resource=false) 2975ms
@master/css-vite:test:    ✓ BH-0004 reconciles failed dependency without delivered watcher events in pre-render (resource=false) 4132ms
@master/css-vite:test:    ✓ BH-0004 reconciles failed dependency without delivered watcher events in progressive (resource=false) 3285ms
@master/css-vite:test:    ✓ BH-0004 reconciles failed dependency without delivered watcher events in static (resource=true) 5380ms
@master/css-vite:test:    ✓ BH-0004 reconciles failed dependency without delivered watcher events in runtime (resource=true) 4268ms
@master/css-vite:test:    ✓ BH-0004 reconciles failed dependency without delivered watcher events in pre-render (resource=true) 9531ms
@master/css-vite:test:    ✓ BH-0004 reconciles failed dependency without delivered watcher events in progressive (resource=true) 6550ms
@master/css-vite:test:    ✓ BH-0004 failed dependency reconciliation respects closing ssr 1220ms
@master/css-vite:test:    ✓ BH-0004 failed dependency reconciliation respects closing client 720ms
@master/css-vite:test:    ✓ BH-0004 failed dependency reconciliation respects closing server 595ms
@master/css-vite:test:    ✓ BH-0004 pending reconciliations remain isolated across servers (shared=false) 2312ms
@master/css-vite:test:    ✓ BH-0004 pending reconciliations remain isolated across servers (shared=true) 2709ms
@master/css-vite:test:    ✓ BH-0004 unchanged failures are not retried continuously and corrected contents recover 1979ms
@master/css-vite:test:    ✓ BH-0004 a successful edit drops obsolete failed dependency reconciliation 807ms
@master/css-vite:test:    ✓ BH-0004 reconciliation respects watch configuration: disabled 1342ms
@master/css-vite:test:    ✓ BH-0004 reconciliation respects watch configuration: glob 1510ms
@master/css-vite:test:    ✓ BH-0004 reconciliation respects watch configuration: function 1524ms
@master/css-vite:test:    ✓ BH-0004 two failed owners recover independently in one environment 3845ms
@master/css-vite:test:    ✓ BH-0004 closing client during a reconciliation suppresses stale updates 1202ms
@master/css-vite:test:    ✓ BH-0004 closing server during a reconciliation suppresses stale updates 825ms
@master/css-vite:test:    ✓ BH-0004 server restart drops reconciliations owned by the previous environment 1973ms
@master/css-mcp:test:  ✓ tests/bug-hunt-byte-surfaces.test.ts (2 tests) 2158ms
@master/css-mcp:test:    ✓ BH-0020 directive formatting reports UTF-8 sizes in content and file previews 2002ms
@master/css-vite:test: stdout | tests/plugins/bug-hunt-imported-sass-original-maps.test.ts > imported Sass maps original file and token: scss / sass / partial=true / mapped / build
@master/css-vite:test: {"rootExtension":"scss","syntax":"sass","partial":true,"addition":"mapped","command":"build","diagnostic":{"version":2,"code":"invalid-compose-class","domain":"compiler","severity":"error","message":"Invalid @compose class: unknown-utility","source":"/private/tmp/master-css-original-import-map-lhv7co/nested/_bad.sass","range":{"start":{"line":3,"character":11},"end":{"line":3,"character":26}}},"additionalDataCalls":["/private/tmp/master-css-original-import-map-lhv7co/style.module.scss","/private/tmp/master-css-original-import-map-lhv7co/nested/child.sass"]}
@master/css-vite:test: 
@master/css-language-server:test:  ✓ tests/semantic-tokens.test.ts (8 tests) 6002ms
@master/css-language-server:test:    ✓ basic (4)
@master/css-language-server:test:      ✓ returns active semantic tokens for the class at a position 844ms
@master/css-language-server:test:      ✓ returns CSS directive class-list semantic tokens in active mode 1450ms
@master/css-language-server:test:      ✓ returns no document semantic tokens for native CSS-only documents 1049ms
@master/css-language-server:test:    ✓ basic (2)
@master/css-language-server:test:      ✓ returns full semantic tokens for opened documents 832ms
@master/css-language-server:test:    ✓ basic (2)
@master/css-language-server:test:      ✓ returns CSS directive class-list semantic tokens when highlighting is off 997ms
@master/css-vite:test: stdout | tests/plugins/bug-hunt-imported-sass-original-maps.test.ts > imported Sass maps original file and token: scss / sass / partial=true / mapped / serve
@master/css-vite:test: {"rootExtension":"scss","syntax":"sass","partial":true,"addition":"mapped","command":"serve","diagnostic":{"version":2,"code":"invalid-compose-class","domain":"compiler","severity":"error","message":"Invalid @compose class: unknown-utility","source":"/private/tmp/master-css-original-import-map-qRNVyb/nested/_bad.sass","range":{"start":{"line":3,"character":11},"end":{"line":3,"character":26}}},"additionalDataCalls":["/private/tmp/master-css-original-import-map-qRNVyb/style.module.scss","/private/tmp/master-css-original-import-map-qRNVyb/nested/child.sass"]}
@master/css-vite:test: 
@master/css-vite:test: stdout | tests/plugins/bug-hunt-imported-sass-original-maps.test.ts > pure Vite direct preprocessing exposes original imported-partial maps: scss
@master/css-vite:test: {"control":"pure-vite-preprocessCSS","syntax":"scss","origin":{"generatedLine":1,"generatedColumn":2,"originalSource":"/private/tmp/master-css-vite-map-control-M3oFGq/_bad.scss","originalLine":2,"originalColumn":2},"sources":["/private/tmp/master-css-vite-map-control-M3oFGq/_bad.scss"],"pass":true}
@master/css-vite:test: 
@master/css-vite:test: stdout | tests/plugins/bug-hunt-imported-sass-original-maps.test.ts > pure Vite direct preprocessing exposes original imported-partial maps: sass
@master/css-vite:test: {"control":"pure-vite-preprocessCSS","syntax":"sass","origin":{"generatedLine":1,"generatedColumn":2,"originalSource":"/private/tmp/master-css-vite-map-control-Zx0duE/_bad.sass","originalLine":2,"originalColumn":2},"sources":["/private/tmp/master-css-vite-map-control-Zx0duE/_bad.sass"],"pass":true}
@master/css-vite:test: 
@master/css-vite:test:  ✓ tests/bug-hunt-hydration-url-matrix.test.ts (6 tests) 63505ms
@master/css-vite:test:    ✓ BH-0016 resolves each emitted manifest for progressive / ./ / assets 17863ms
@master/css-vite:test:    ✓ BH-0016 resolves each emitted manifest for progressive /  / custom/files 13851ms
@master/css-vite:test:    ✓ BH-0016 resolves each emitted manifest for progressive / ./ /  9403ms
@master/css-vite:test:    ✓ BH-0016 resolves each emitted manifest for progressive / /app/ / assets 6470ms
@master/css-vite:test:    ✓ BH-0016 resolves each emitted manifest for progressive / https://cdn.example.test/app/ / assets 8006ms
@master/css-vite:test:    ✓ BH-0016 resolves each emitted manifest for pre-render / ./ / custom/files 7911ms
@master/css-vite:test:  ✓ tests/plugins/bug-hunt-shared-plugin-builds.test.ts (8 tests) 63818ms
@master/css-vite:test:    ✓ BH-0004 shared static plugins isolate concurrent HTML builds and resources 8557ms
@master/css-vite:test:    ✓ BH-0004 shared runtime plugins isolate concurrent HTML builds and resources 11367ms
@master/css-vite:test:    ✓ BH-0004 shared pre-render plugins isolate concurrent HTML builds and resources 12343ms
@master/css-vite:test:    ✓ BH-0004 shared progressive plugins isolate concurrent HTML builds and resources 9580ms
@master/css-vite:test:    ✓ BH-0004 shared SSR/client plugins preserve base= with config file false 4558ms
@master/css-vite:test:    ✓ BH-0004 shared SSR/client plugins preserve base=./ with config file false 4939ms
@master/css-vite:test:    ✓ BH-0004 shared SSR/client plugins preserve base= with config file true 6005ms
@master/css-vite:test:    ✓ BH-0004 shared SSR/client plugins preserve base=./ with config file true 6456ms
@master/css-binding-wasm-compiler:test:     Finished `release` profile [optimized] target(s) in 1m 09s
@master/css-binding-wasm-tooling:test:     Finished `release` profile [optimized] target(s) in 1m 09s
@master/css-tooling:test:     Finished `release` profile [optimized] target(s) in 1m 07s
@master/css-compiler:test:     Finished `release` profile [optimized] target(s) in 1m 07s
@master/css-vite:test:  ❯ tests/plugins/bug-hunt-build-failure-lifecycle.test.ts (12 tests | 2 failed) 66331ms
@master/css-vite:test:    ✓ build recovery replaces failures and forgets successful dependencies in static (managed=false) 9210ms
@master/css-vite:test:    ✓ build recovery replaces failures and forgets successful dependencies in runtime (managed=false) 8484ms
@master/css-vite:test:    ✓ build recovery replaces failures and forgets successful dependencies in pre-render (managed=false) 8343ms
@master/css-vite:test:    ✓ build recovery replaces failures and forgets successful dependencies in progressive (managed=false) 8289ms
@master/css-vite:test:    ✓ build recovery replaces failures and forgets successful dependencies in static (managed=true) 5025ms
@master/css-vite:test:    ✓ build recovery replaces failures and forgets successful dependencies in runtime (managed=true) 3886ms
@master/css-vite:test:    ✓ build recovery replaces failures and forgets successful dependencies in pre-render (managed=true) 5057ms
@master/css-vite:test:    ✓ build recovery replaces failures and forgets successful dependencies in progressive (managed=true) 5664ms
@master/css-vite:test:    ✓ closing a failed build releases its polling and owned cache files 803ms
@master/css-vite:test:    ✓ build recovery respects excluded dependencies 782ms
@master/css-vite:test:    × watch filters allow reference recovery with authored-file include 5397ms
@master/css-vite:test:    × watch filters allow reference recovery with cache-directory exclude 5389ms
@master/css-language-server:test:  ✓ tests/diagnostics.test.ts (9 tests) 9991ms
@master/css-language-server:test:    ✓ basic (6)
@master/css-language-server:test:      ✓ publishes exact @compose class diagnostics in CSS documents 928ms
@master/css-language-server:test:      ✓ publishes exact @compose class diagnostics in SFC style blocks 1150ms
@master/css-language-server:test:      ✓ locates SFC diagnostics after matching attribute text 1196ms
@master/css-language-server:test:      ✓ preserves UTF-16 offsets in Svelte style fragments 1236ms
@master/css-language-server:test:      ✓ publishes quoted @compose syntax diagnostics 786ms
@master/css-language-server:test:      ✓ publishes grouped @compose syntax diagnostics 703ms
@master/css-language-server:test:    ✓ missing-workspace (1)
@master/css-language-server:test:      ✓ does not report manifest errors when discovery found no entries 948ms
@master/css-language-server:test:    ✓ invalid-manifest (2)
@master/css-language-server:test:      ✓ publishes manifest loading diagnostics 913ms
@master/css-language-server:test:      ✓ maps structured manifest diagnostics without parsing the error message 1226ms
@master/css-language-server:test: 
@master/css-language-server:test:  Test Files  9 passed (9)
@master/css-language-server:test:       Tests  42 passed (42)
@master/css-language-server:test:    Start at  12:43:25
@master/css-language-server:test:    Duration  12.04s (tests 69%, transform 25%, import 6%)
@master/css-language-server:test: 
@master/css-language-server:test:   Transform  transforming modules took 13.88s · 25% of tracked time, re-done on every run
@master/css-language-server:test:              persist transforms across runs with fsModuleCache: true
@master/css-language-server:test:              learn more: https://vitest.dev/guide/improving-performance#caching-between-reruns
@master/css-language-server:test: 
@master/css-figma:type-check: cache hit, suppressing logs c27d0ece2edd9fe6
@master/css-runtime:type-check: cache hit, suppressing logs 52baef50729a21b3
@master/css-compiler:type-check: cache hit, suppressing logs bf370fc8ca6260a3
@master/css-vscode:lint: cache miss, executing 7fc34364ce48622d
@master/css-vscode:lint: $ eslint
@master/css-vite:test:  ✓ tests/plugins/bug-hunt-imported-sass-original-maps.test.ts (54 tests) 44298ms
@master/css-vite:test:    ✓ imported Sass maps original file and token: css / scss / partial=false / identity / build 2137ms
@master/css-vite:test:    ✓ imported Sass maps original file and token: css / scss / partial=false / identity / serve 1272ms
@master/css-vite:test:    ✓ imported Sass maps original file and token: css / scss / partial=false / string / build 1425ms
@master/css-vite:test:    ✓ imported Sass maps original file and token: css / scss / partial=false / string / serve 1311ms
@master/css-vite:test:    ✓ imported Sass maps original file and token: css / scss / partial=false / mapped / build 1434ms
@master/css-vite:test:    ✓ imported Sass maps original file and token: css / scss / partial=false / mapped / serve 1339ms
@master/css-vite:test:    ✓ imported Sass maps original file and token: css / scss / partial=true / identity / build 1143ms
@master/css-vite:test:    ✓ imported Sass maps original file and token: css / scss / partial=true / identity / serve 1010ms
@master/css-vite:test:    ✓ imported Sass maps original file and token: css / scss / partial=true / string / build 1170ms
@master/css-vite:test:    ✓ imported Sass maps original file and token: css / scss / partial=true / string / serve 1044ms
@master/css-vite:test:    ✓ imported Sass maps original file and token: css / scss / partial=true / mapped / build 851ms
@master/css-vite:test:    ✓ imported Sass maps original file and token: css / scss / partial=true / mapped / serve 667ms
@master/css-vite:test:    ✓ imported Sass maps original file and token: css / sass / partial=false / identity / build 868ms
@master/css-vite:test:    ✓ imported Sass maps original file and token: css / sass / partial=false / identity / serve 628ms
@master/css-vite:test:    ✓ imported Sass maps original file and token: css / sass / partial=false / string / build 671ms
@master/css-vite:test:    ✓ imported Sass maps original file and token: css / sass / partial=false / string / serve 568ms
@master/css-vite:test:    ✓ imported Sass maps original file and token: css / sass / partial=false / mapped / build 627ms
@master/css-vite:test:    ✓ imported Sass maps original file and token: css / sass / partial=false / mapped / serve 577ms
@master/css-vite:test:    ✓ imported Sass maps original file and token: css / sass / partial=true / identity / build 596ms
@master/css-vite:test:    ✓ imported Sass maps original file and token: css / sass / partial=true / identity / serve 534ms
@master/css-vite:test:    ✓ imported Sass maps original file and token: css / sass / partial=true / string / build 664ms
@master/css-vite:test:    ✓ imported Sass maps original file and token: css / sass / partial=true / string / serve 676ms
@master/css-vite:test:    ✓ imported Sass maps original file and token: css / sass / partial=true / mapped / build 583ms
@master/css-vite:test:    ✓ imported Sass maps original file and token: css / sass / partial=true / mapped / serve 650ms
@master/css-vite:test:    ✓ imported Sass maps original file and token: scss / scss / partial=false / identity / build 683ms
@master/css-vite:test:    ✓ imported Sass maps original file and token: scss / scss / partial=false / identity / serve 600ms
@master/css-vite:test:    ✓ imported Sass maps original file and token: scss / scss / partial=false / string / build 631ms
@master/css-vite:test:    ✓ imported Sass maps original file and token: scss / scss / partial=false / string / serve 619ms
@master/css-vite:test:    ✓ imported Sass maps original file and token: scss / scss / partial=false / mapped / build 577ms
@master/css-vite:test:    ✓ imported Sass maps original file and token: scss / scss / partial=false / mapped / serve 667ms
@master/css-vite:test:    ✓ imported Sass maps original file and token: scss / scss / partial=true / identity / build 600ms
@master/css-vite:test:    ✓ imported Sass maps original file and token: scss / scss / partial=true / identity / serve 662ms
@master/css-vite:test:    ✓ imported Sass maps original file and token: scss / scss / partial=true / string / build 808ms
@master/css-vite:test:    ✓ imported Sass maps original file and token: scss / scss / partial=true / string / serve 644ms
@master/css-vite:test:    ✓ imported Sass maps original file and token: scss / scss / partial=true / mapped / build 651ms
@master/css-vite:test:    ✓ imported Sass maps original file and token: scss / scss / partial=true / mapped / serve 791ms
@master/css-vite:test:    ✓ imported Sass maps original file and token: scss / sass / partial=false / identity / build 686ms
@master/css-vite:test:    ✓ imported Sass maps original file and token: scss / sass / partial=false / identity / serve 766ms
@master/css-vite:test:    ✓ imported Sass maps original file and token: scss / sass / partial=false / string / build 927ms
@master/css-vite:test:    ✓ imported Sass maps original file and token: scss / sass / partial=false / string / serve 730ms
@master/css-vite:test:    ✓ imported Sass maps original file and token: scss / sass / partial=false / mapped / build 771ms
@master/css-vite:test:    ✓ imported Sass maps original file and token: scss / sass / partial=false / mapped / serve 1001ms
@master/css-vite:test:    ✓ imported Sass maps original file and token: scss / sass / partial=true / identity / build 864ms
@master/css-vite:test:    ✓ imported Sass maps original file and token: scss / sass / partial=true / identity / serve 1018ms
@master/css-vite:test:    ✓ imported Sass maps original file and token: scss / sass / partial=true / string / build 1003ms
@master/css-vite:test:    ✓ imported Sass maps original file and token: scss / sass / partial=true / string / serve 1015ms
@master/css-vite:test:    ✓ imported Sass maps original file and token: scss / sass / partial=true / mapped / build 690ms
@master/css-vite:test:    ✓ imported Sass maps original file and token: scss / sass / partial=true / mapped / serve 732ms
@master/css-vite:test:    ✓ imported scss keeps honest interpolated diagnostic precision 772ms
@master/css-vite:test:    ✓ imported scss keeps honest unmapped diagnostic precision 794ms
@master/css-vite:test:    ✓ imported sass keeps honest interpolated diagnostic precision 958ms
@master/css-vite:test:    ✓ imported sass keeps honest unmapped diagnostic precision 1176ms
@master/css-binding-wasm-tooling:test: Built /Users/aron/master/css/packages/binding-wasm-tooling/artifacts
@master/css-tooling:test: Built /Users/aron/master/css/packages/binding-wasm-tooling/artifacts
@master/css-binding-wasm-tooling:test: 
@master/css-binding-wasm-tooling:test:  RUN  v5.0.0 /Users/aron/master/css/packages/binding-wasm-tooling
@master/css-binding-wasm-tooling:test: 
@master/css-tooling:test: (!) Your Vite config uses features that are unsupported by `configLoader: 'native'`, which is planned to become the default in a future major version of Vite:
@master/css-tooling:test:   - import "../../shared/vitest.config" without a file extension (vitest.config.ts:3:20). Add the file extension
@master/css-tooling:test:   - import "./vitest-ci-config" without a file extension (../../shared/vitest.config.ts:2:58). Add the file extension
@master/css-tooling:test: Set `VITE_CONFIG_NATIVE_IGNORE_WARNING=true` to suppress this warning.
@master/css-tooling:test: 
@master/css-tooling:test:  RUN  v5.0.0 /Users/aron/master/css/packages/tooling
@master/css-tooling:test: 
@master/css-binding-wasm-tooling:test:  ✓ tests/provider-node.test.ts (1 test) 57ms
@master/css-binding-wasm-tooling:test:  ❯ tests/source.test.ts (3 tests | 1 failed) 222ms
@master/css-binding-wasm-tooling:test:    ✓ keys explicit tooling modules by their initialization input 2ms
@master/css-binding-wasm-tooling:test:    ✓ normalizes tooling Wasm initialization failures 0ms
@master/css-binding-wasm-tooling:test:    × loads the isolated source tooling Wasm surface 218ms
@master/css-binding-wasm-tooling:test: 
@master/css-binding-wasm-tooling:test: ⎯⎯⎯⎯⎯⎯⎯ Failed Tests 1 ⎯⎯⎯⎯⎯⎯⎯
@master/css-binding-wasm-tooling:test: 
@master/css-binding-wasm-tooling:test:  FAIL  tests/source.test.ts > loads the isolated source tooling Wasm surface
@master/css-binding-wasm-tooling:test: AssertionError: expected { version: 1, cwd: '/project', …(8) } to match object { version: 1, …(3) }
@master/css-binding-wasm-tooling:test: (19 matching properties omitted from actual)
@master/css-binding-wasm-tooling:test: 
@master/css-binding-wasm-tooling:test: - Expected
@master/css-binding-wasm-tooling:test: + Received
@master/css-binding-wasm-tooling:test: 
@master/css-binding-wasm-tooling:test: @@ -1,8 +1,8 @@
@master/css-binding-wasm-tooling:test:   {
@master/css-binding-wasm-tooling:test:     "css": {
@master/css-binding-wasm-tooling:test: -     "bytes": 2,
@master/css-binding-wasm-tooling:test: +     "bytes": 4,
@master/css-binding-wasm-tooling:test:       "included": false,
@master/css-binding-wasm-tooling:test:     },
@master/css-binding-wasm-tooling:test:     "missingCSS": {
@master/css-binding-wasm-tooling:test:       "missing": [
@master/css-binding-wasm-tooling:test:         {
@master/css-binding-wasm-tooling:test: 
@master/css-binding-wasm-tooling:test:  ❯ tests/source.test.ts:318:7
@master/css-binding-wasm-tooling:test:     316|     stylesheets: {},
@master/css-binding-wasm-tooling:test:     317|     css: { text: '😀' }
@master/css-binding-wasm-tooling:test:     318|   })).toMatchObject({
@master/css-binding-wasm-tooling:test:        |       ^
@master/css-binding-wasm-tooling:test:     319|     version: 1,
@master/css-binding-wasm-tooling:test:     320|     css: { bytes: 2, included: false },
@master/css-binding-wasm-tooling:test: 
@master/css-binding-wasm-tooling:test: ⎯⎯⎯⎯⎯⎯⎯⎯⎯⎯⎯⎯⎯⎯⎯⎯⎯⎯⎯⎯⎯⎯⎯⎯[1/1]⎯
@master/css-binding-wasm-tooling:test: 
@master/css-binding-wasm-tooling:test: 
@master/css-binding-wasm-tooling:test:  Test Files  1 failed | 1 passed (2)
@master/css-binding-wasm-tooling:test:       Tests  1 failed | 3 passed (4)
@master/css-binding-wasm-tooling:test:    Start at  12:43:38
@master/css-binding-wasm-tooling:test:    Duration  622ms (transform 46%, tests 45%, import 7%, worker 2%)
@master/css-binding-wasm-tooling:test: 
@master/css-binding-wasm-tooling:test: [ELIFECYCLE] Test failed. See above for more details.
@master/css-binding-wasm-tooling#test:  WARNING  command finished with error, but continuing...
@master/css-vscode:test: cache miss, executing 58a82009cda9750a
@master/css-vscode:test: $ cargo xtask build-native && vitest
@master/css-vscode:test:     Finished `dev` profile [unoptimized + debuginfo] target(s) in 0.14s
@master/css-vscode:test:      Running `/Users/aron/master/css/target/debug/xtask build-native`
@master/css-server:type-check: cache hit, suppressing logs 2a02162626dc4eab
@master/eslint-plugin-css:type-check: cache hit, suppressing logs b2b20e31784cfdef
@master/css-cli:type-check: cache hit, suppressing logs e17b91c018178a19
@master/css-webpack:type-check: cache hit, suppressing logs 0314b4a2ade1a403
@master/css-vite:type-check: cache hit, suppressing logs e26deb81b98bdadc
@master/css-next:type-check: cache hit, suppressing logs 6ae12007d0dbbdb2
@master/eslint-config-css:type-check: cache hit, suppressing logs f106be1130c90c6a
@master/css-astro:type-check: cache hit, suppressing logs d824dbb593fba7b1
@master/css-language-service:type-check: cache miss, executing d93e8d73ba4b9c87
@master/css-language-service:type-check: $ tsc -b tsconfig.typecheck.json
@master/css-vscode:test:     Finished `dev` profile [unoptimized + debuginfo] target(s) in 0.21s
@master/css-vscode:test: Built /Users/aron/master/css/packages/binding/artifacts/mastercss.node
@master/css-vscode:test: Built /Users/aron/master/css/packages/binding/artifacts/mcss
@master/css-language-server:type-check: cache miss, executing c8ddcbd486093232
@master/css-nuxt:test:  ❯ tests/static.test.ts (1 test | 1 failed) 19565ms
@master/css-nuxt:test:    × should contain stylesheet link and CSS with specific class 34ms
@master/css-language-server:type-check: $ tsc -b tsconfig.typecheck.json
@master/css-tooling:test: [success] foo.tsx 3 classes inserted in 1.7ms 
@master/css-mcp:type-check: cache miss, executing b6f2304d52cde051
@master/css-vscode:test: (!) Your Vite config uses features that are unsupported by `configLoader: 'native'`, which is planned to become the default in a future major version of Vite:
@master/css-vscode:test:   - import "../../shared/vitest.config" without a file extension (vitest.config.ts:2:20). Add the file extension
@master/css-vscode:test:   - import "./vitest-ci-config" without a file extension (../../shared/vitest.config.ts:2:58). Add the file extension
@master/css-vscode:test: Set `VITE_CONFIG_NATIVE_IGNORE_WARNING=true` to suppress this warning.
@master/css-mcp:type-check: $ tsc -b tsconfig.typecheck.json
@master/css-vscode:test: 
@master/css-vscode:test:  RUN  v5.0.0 /Users/aron/master/css/packages/vscode
@master/css-vscode:test: 
@master/css-tooling:test: [success] index.html 1 classes inserted in 0.3ms 
@master/css-tooling:test: [success] a.tsx 3 classes inserted in 0.7ms 
@master/css-vscode:type-check: cache miss, executing c2ec585f61645fd1
@master/css-vscode:type-check: $ tsc -b tsconfig.typecheck.json
@master/css-tooling:test: [success] foo.tsx 1 classes inserted in 0.3ms 
@master/css-tooling:test: [success] foo.tsx 1 classes inserted in 0.3ms 
@master/css-mcp:test:  ✓ tests/bug-hunt-mjs-discovery.test.ts (9 tests) 11837ms
@master/css-mcp:test:    ✓ scan finds ESM source (default) 676ms
@master/css-mcp:test:    ✓ scan finds ESM source (explicit-js) 429ms
@master/css-mcp:test:    ✓ extract finds ESM source (default) 1310ms
@master/css-mcp:test:    ✓ extract finds ESM source (explicit-mjs) 1329ms
@master/css-mcp:test:    ✓ extract finds ESM source (explicit-js) 1341ms
@master/css-mcp:test:    ✓ trace finds ESM source (default) 2091ms
@master/css-mcp:test:    ✓ trace finds ESM source (explicit-mjs) 1440ms
@master/css-mcp:test:    ✓ trace finds ESM source (explicit-js) 2921ms
@master/css-tooling:test: [success] ../../button.html 1 classes inserted in 0.2ms 
@master/css-tooling:test:  ✓ tests/language/create-language-session.test.ts (6 tests) 2162ms
@master/css-tooling:test:    ✓ wasm (2)
@master/css-tooling:test:      ✓ matches the full tooling session and keeps earlier document results immutable 362ms
@master/css-tooling:test:      ✓ disposes idempotently and rejects cached results after disposal 1690ms
@master/css-binding-wasm-compiler:test: Built /Users/aron/master/css/packages/binding-wasm-compiler/artifacts
@master/css-tooling:test: [success] 1 fixed classes inserted block
@master/css-tooling:test: [success] index.html 1 classes inserted in 0.4ms 
@master/css-tooling:test: [success] foo.tsx 3 classes inserted in 0.6ms 
@master/css-tooling:test:  ✓ tests/validator/test.ts (2 tests) 2681ms
@master/css-tooling:test:    ✓ validates classes through a Rust session and host CSS oracle 1195ms
@master/css-tooling:test:    ✓ keeps native declarations behind host support checks 1484ms
@master/css-tooling:test:  ✓ tests/scanner/manifest.test.ts (4 tests) 2851ms
@master/css-tooling:test:    ✓ uses default manifest settings without implicit manifest entry discovery 795ms
@master/css-tooling:test:    ✓ uses explicit compiled manifests 1323ms
@master/css-tooling:test:    ✓ ignores native CSS classes from unmanaged CSS files 730ms
@master/css-tooling:test:  ✓ tests/source/session.test.ts (2 tests) 2578ms
@master/css-tooling:test:    ✓ extracts built-in source formats through the native Rust session 1516ms
@master/css-tooling:test:    ✓ extracts static classes from JavaScript and TypeScript syntax with Oxc 1061ms
@master/css-tooling:test:  ✓ tests/language/bug-hunt.test.ts (2 tests) 2794ms
@master/css-tooling:test:    ✓ BH-0014 semantic tokens retain raw source offsets after escaped quotes 1439ms
@master/css-tooling:test:    ✓ audit control: Unicode CRLF formatting preserves text and is idempotent 1354ms
@master/css-tooling:test: [success] 1 fixed classes inserted block
@master/css-tooling:test:  ✓ tests/scanner/api.test.ts (3 tests) 3085ms
@master/css-tooling:test:    ✓ MasterCSSScanner public API (3)
@master/css-tooling:test:      ✓ does not expose file lifecycle or export helpers 661ms
@master/css-tooling:test:      ✓ can reset scanner state without source discovery 1236ms
@master/css-tooling:test:      ✓ inserts safelist during init and reset 1186ms
@master/css-tooling:test: [success] foo.tsx 3 classes inserted in 0.6ms 
@master/css-compiler:test: Built /Users/aron/master/css/packages/binding-wasm-compiler/artifacts
@master/css-binding-wasm-compiler:test: 
@master/css-binding-wasm-compiler:test:  RUN  v5.0.0 /Users/aron/master/css/packages/binding-wasm-compiler
@master/css-binding-wasm-compiler:test: 
@master/css-tooling:test:  ✓ tests/scanner/adapters.test.ts (4 tests) 3180ms
@master/css-tooling:test:    ✓ scanner source adapters (4)
@master/css-tooling:test:      ✓ does not restore the removed custom source adapter registry 396ms
@master/css-tooling:test:      ✓ uses built-in source adapters from @master/css-source by default 647ms
@master/css-tooling:test:      ✓ uses the built-in source extraction pipeline by default 398ms
@master/css-tooling:test:      ✓ auto extracts framework source files by extension 1737ms
@master/css-binding-wasm-compiler:test:  ✓ tests/provider-node.test.ts (1 test) 184ms
@master/css-binding-wasm-compiler:test:  ❯ tests/compiler.test.ts (3 tests | 1 failed) 224ms
@master/css-binding-wasm-compiler:test:    ✓ keys explicit compiler modules by their initialization input 4ms
@master/css-binding-wasm-compiler:test:    ✓ normalizes compiler Wasm initialization failures 1ms
@master/css-binding-wasm-compiler:test:    × loads the isolated compiler Wasm surface 218ms
@master/css-binding-wasm-compiler:test: 
@master/css-binding-wasm-compiler:test: ⎯⎯⎯⎯⎯⎯⎯ Failed Tests 1 ⎯⎯⎯⎯⎯⎯⎯
@master/css-binding-wasm-compiler:test: 
@master/css-binding-wasm-compiler:test:  FAIL  tests/compiler.test.ts > loads the isolated compiler Wasm surface
@master/css-binding-wasm-compiler:test: AssertionError: expected { …(3) } to deeply equal { …(2) }
@master/css-binding-wasm-compiler:test: 
@master/css-binding-wasm-compiler:test: - Expected
@master/css-binding-wasm-compiler:test: + Received
@master/css-binding-wasm-compiler:test: 
@master/css-binding-wasm-compiler:test: @@ -2,6 +2,30 @@
@master/css-binding-wasm-compiler:test:     "dependencies": [
@master/css-binding-wasm-compiler:test:       "/entry.css",
@master/css-binding-wasm-compiler:test:       "/theme.css",
@master/css-binding-wasm-compiler:test:     ],
@master/css-binding-wasm-compiler:test:     "source": "@theme{--color-brand:red}.entry{display:block}",
@master/css-binding-wasm-compiler:test: +   "sourceMappings": [
@master/css-binding-wasm-compiler:test: +     {
@master/css-binding-wasm-compiler:test: +       "generatedEnd": 25,
@master/css-binding-wasm-compiler:test: +       "generatedStart": 0,
@master/css-binding-wasm-compiler:test: +       "source": {
@master/css-binding-wasm-compiler:test: +         "file": "/theme.css",
@master/css-binding-wasm-compiler:test: +         "range": {
@master/css-binding-wasm-compiler:test: +           "end": 25,
@master/css-binding-wasm-compiler:test: +           "start": 0,
@master/css-binding-wasm-compiler:test: +         },
@master/css-binding-wasm-compiler:test: +       },
@master/css-binding-wasm-compiler:test: +     },
@master/css-binding-wasm-compiler:test: +     {
@master/css-binding-wasm-compiler:test: +       "generatedEnd": 46,
@master/css-binding-wasm-compiler:test: +       "generatedStart": 25,
@master/css-binding-wasm-compiler:test: +       "source": {
@master/css-binding-wasm-compiler:test: +         "file": "/entry.css",
@master/css-binding-wasm-compiler:test: +         "range": {
@master/css-binding-wasm-compiler:test: +           "end": 43,
@master/css-binding-wasm-compiler:test: +           "start": 22,
@master/css-binding-wasm-compiler:test: +         },
@master/css-binding-wasm-compiler:test: +       },
@master/css-binding-wasm-compiler:test: +     },
@master/css-binding-wasm-compiler:test: +   ],
@master/css-binding-wasm-compiler:test:   }
@master/css-binding-wasm-compiler:test: 
@master/css-binding-wasm-compiler:test:  ❯ tests/compiler.test.ts:139:7
@master/css-binding-wasm-compiler:test:     137|     },
@master/css-binding-wasm-compiler:test: 
@master/css-binding-wasm-compiler:test:  Test Files  1 failed | 1 passed (2)
@master/css-binding-wasm-compiler:test:     138|     edges: [{ from: '/entry.css', specifier: './theme.css', resolved: …
@master/css-binding-wasm-compiler:test:       Tests  1 failed | 3 passed (4)
@master/css-binding-wasm-compiler:test:    Start at  12:43:43
@master/css-binding-wasm-compiler:test:    Duration  634ms (tests 53%, transform 40%, import 7%, worker 1%)
@master/css-binding-wasm-compiler:test:     139|   })).toEqual({
@master/css-binding-wasm-compiler:test:        |       ^
@master/css-binding-wasm-compiler:test:     140|     source: '@theme{--color-brand:red}.entry{display:block}',
@master/css-binding-wasm-compiler:test:     141|     dependencies: ['/entry.css', '/theme.css']
@master/css-binding-wasm-compiler:test: 
@master/css-binding-wasm-compiler:test: ⎯⎯⎯⎯⎯⎯⎯⎯⎯⎯⎯⎯⎯⎯⎯⎯⎯⎯⎯⎯⎯⎯⎯⎯[1/1]⎯
@master/css-binding-wasm-compiler:test: 
@master/css-binding-wasm-compiler:test: 
@master/css-tooling:test:  ✓ tests/lint/bug-hunt.test.ts (1 test) 3756ms
@master/css-tooling:test:    ✓ audit control: source fixes converge and preserve Unicode surrounding markup 3755ms
@master/css-tooling:test: [success] a.tsx 1 classes inserted in 0.2ms 
@master/css-binding-wasm-compiler:test: [ELIFECYCLE] Test failed. See above for more details.
@master/css-binding-wasm-compiler#test:  WARNING  command finished with error, but continuing...
@master/css-compiler:test: (!) Your Vite config uses features that are unsupported by `configLoader: 'native'`, which is planned to become the default in a future major version of Vite:
@master/css-compiler:test:   - import "../../shared/vitest.config" without a file extension (vitest.config.ts:3:20). Add the file extension
@master/css-compiler:test:   - import "./vitest-ci-config" without a file extension (../../shared/vitest.config.ts:2:58). Add the file extension
@master/css-compiler:test: Set `VITE_CONFIG_NATIVE_IGNORE_WARNING=true` to suppress this warning.
@master/css-compiler:test: 
@master/css-compiler:test:  RUN  v5.0.0 /Users/aron/master/css/packages/compiler
@master/css-compiler:test: 
@master/css-tooling:test: [success] ../../syntax.html 41 classes inserted in 18.3ms 
@master/css-tooling:test: [success] a.tsx 1 classes inserted in 0.2ms 
@master/css-vscode:test:  ✓ tests/release-scripts.test.js (6 tests) 2493ms
@master/css-vscode:test:    ✓ release dry run reports Azure credential authentication 2488ms
@master/css-tooling:test:  ✓ tests/scanner/bug-hunt-binding.test.ts (3 tests) 1020ms
@master/css-tooling:test:    ✓ BH-0026 real Wasm scanner survives reset and can deliberately switch to native 968ms
@master/css-tooling:test:  ✓ tests/source/rc87-adapters.test.ts (9 tests) 1284ms
@master/css-tooling:test:    ✓ source adapters (9)
@master/css-tooling:test:      ✓ exports class candidate extraction 341ms
@master/css-tooling:test:      ✓ extracts markup, module script, instance script, and class directive classes from Svelte files 827ms
@master/css-vscode:test:  ✓ tests/textmate-grammar.test.js (9 tests) 1562ms
@master/css-vscode:test:    ✓ does not change native CSS TextMate scopes when injected 1056ms
@master/css-tooling:test:  ✓ tests/lexer/session.test.ts (1 test) 1219ms
@master/css-tooling:test:    ✓ batches class lists, CSS inspection, and identifier escaping in Rust 1218ms
@master/css-tooling:test:  ✓ tests/scanner/source/sources.test.ts (2 tests) 861ms
@master/css-tooling:test:    ✓ rejects excluded modules 345ms
@master/css-tooling:test:    ✓ accepts source-like modules that are not excluded 516ms
@master/css-tooling:test: [success] ../../validation.html 1 classes inserted in 0.3ms 
@master/css-tooling:test:  ✓ tests/scanner/syntax.test.ts (2 tests) 1776ms
@master/css-tooling:test:    ✓ syntax 1140ms
@master/css-tooling:test:    ✓ keeps CSS grammar validation in the host batch handshake 635ms
@master/css-tooling:test:  ✓ tests/source/bug-hunt-html-references.test.ts (2 tests) 1091ms
@master/css-tooling:test:    ✓ BH-0010 native HTML references reach scanner CSS without splitting nonbreaking space 503ms
@master/css-tooling:test:    ✓ BH-0010 wasm HTML references reach scanner CSS without splitting nonbreaking space 587ms
@master/css-nuxt:test:  ❯ tests/pre-render.test.ts (3 tests | 1 failed) 23825ms
@master/css-nuxt:test:    × matches generated CSS 50ms
@master/css-nuxt:test:    ✓ externalizes Nitro prerender hydration manifests 3ms
@master/css-nuxt:test:    ✓ registers hydration externalization on Nitro prerender generation 2ms
@master/css-tooling:test:  ✓ tests/scanner/bug-hunt-source-result.test.ts (8 tests) 4738ms
@master/css-tooling:test:    ✓ scanSource retains full input candidates on cache hits and repeated files (native) 604ms
@master/css-tooling:test:    ✓ existing boolean scan and module filters keep behavior (native) 378ms
@master/css-tooling:test:    ✓ candidate ownership stays distinct from native, safelist and blocklist classification (native) 721ms
@master/css-tooling:test:    ✓ asynchronous adapters and reset preserve each source result (native) 1826ms
@master/css-tooling:test:    ✓ scanSource retains full input candidates on cache hits and repeated files (wasm) 690ms
@master/css-tooling:test:  ✓ tests/language/removed-css-data.test.ts (1 test) 5ms
@master/css-tooling:test:  ✓ tests/source/html-attribute-mapping.test.ts (3 tests) 1659ms
@master/css-tooling:test:    ✓ public tooling session returns frozen HTML mappings and enforces disposal 1473ms
@master/css-tooling:test: [success] App.tsx 2 classes inserted in 0.3ms 
@master/css-tooling:test:  ✓ tests/language/bug-hunt-host-offsets.test.ts (2 tests) 731ms
@master/css-tooling:test:    ✓ native: BH-0013/0014 Unicode boundaries and escaped semantic ranges 470ms
@master/css-tooling:test: [success] foo.tsx 1 classes inserted in 0.2ms 
@master/css-tooling:test:  ✓ tests/source/rc87-extract-class-candidates.test.ts (3 tests) 5ms
@master/css-tooling:test:  ✓ tests/scanner/rust-state-parity.test.ts (1 test) 213ms
@master/css-tooling:test:  ✓ tests/scanner/bug-hunt.test.ts (8 tests) 5542ms
@master/css-tooling:test:    ✓ BH-0012 scans native ESM module class strings 710ms
@master/css-tooling:test:    ✓ audit control: accumulated sources are cleared by reset and can be rescanned 903ms
@master/css-tooling:test:    ✓ BH-0012 module filtering for component.mjs?import yields supported=true 545ms
@master/css-tooling:test:    ✓ BH-0012 module filtering for component.mjs?type=script yields supported=true 673ms
@master/css-tooling:test:    ✓ BH-0012 module filtering for component.mjs?type=style yields supported=false 719ms
@master/css-tooling:test:    ✓ BH-0012 module filtering for component.css yields supported=false 542ms
@master/css-tooling:test:    ✓ BH-0012 module filtering for component.json yields supported=false 671ms
@master/css-tooling:test:    ✓ BH-0012 module filtering for component.wasm yields supported=false 777ms
@master/css-tooling:test:  ✓ tests/source/bug-hunt.test.ts (2 tests) 789ms
@master/css-tooling:test:    ✓ BH-0011 extracts classes in both Svelte conditional branches 782ms
@master/css-tooling:test:  ✓ tests/scanner/lifecycle.test.ts (2 tests) 7ms
@master/css-tooling:test:  ✓ tests/validator/css.test.ts (3 tests) 13ms
@master/css-tooling:test:  ✓ tests/language/rc87-mdn-css-data.test.ts (1 test) 25ms
@master/css-tooling:test: [success] excluded.tsx 1 classes inserted in 0.1ms 
@master/css-tooling:test: [success] included.tsx 1 classes inserted in 0.3ms 
@master/css-vite:test:  ✓ tests/plugins/bug-hunt-manifest-startup-recovery.test.ts (13 tests) 33081ms
@master/css-vite:test:    ✓ BH-0004 manifest bootstrap reports HTTP errors and recovers without module requests or watcher events in static 1759ms
@master/css-vite:test:    ✓ BH-0004 manifest bootstrap reports HTTP errors and recovers without module requests or watcher events in runtime 1584ms
@master/css-vite:test:    ✓ BH-0004 manifest bootstrap reports HTTP errors and recovers without module requests or watcher events in pre-render 2980ms
@master/css-vite:test:    ✓ BH-0004 manifest bootstrap reports HTTP errors and recovers without module requests or watcher events in progressive 4853ms
@master/css-vite:test:    ✓ BH-0004 production still fails for missing project manifest dependencies in static 588ms
@master/css-vite:test:    ✓ BH-0004 production still fails for missing project manifest dependencies in runtime 480ms
@master/css-vite:test:    ✓ BH-0004 manifest bootstrap recovery respects client close 799ms
@master/css-vite:test:    ✓ BH-0004 manifest bootstrap recovery respects ssr close 2693ms
@master/css-vite:test:    ✓ BH-0004 manifest bootstrap recovery respects server close 776ms
@master/css-vite:test:    ✓ BH-0004 invalid manifest after good render never serves the old renderer in pre-render 6631ms
@master/css-vite:test:    ✓ BH-0004 invalid manifest after good render never serves the old renderer in progressive 9383ms
@master/css-vscode:test:  ✓ tests/server-bundle.test.js (16 tests) 3739ms
@master/css-vscode:test:    ✓ extension bundle reuses one Master CSS output channel for the language client 1597ms
@master/css-vscode:test:    ✓ staged extension includes runtime packages for the current target 313ms
@master/css-vscode:test:    ✓ staged language server starts without workspace node_modules and shuts down 433ms
@master/css-vscode:test:    ✓ proves the rc.87 staged language server lifecycle without workspace node_modules 459ms
@master/css-vscode:test: 
@master/css-vscode:test:  Test Files  3 passed (3)
@master/css-vscode:test:       Tests  31 passed (31)
@master/css-vscode:test:    Start at  12:43:41
@master/css-vscode:test:    Duration  5.05s (tests 73%, transform 18%, import 9%)
@master/css-vscode:test: 
@master/css-tooling:test:  ✓ tests/source/bug-hunt-svelte-branches.test.ts (8 tests) 616ms
@master/css-tooling:test:    ✓ BH-0011 scanner emits classes from nested Svelte alternatives 474ms
@master/css-tooling:test: [success] component.tsx 1 classes inserted in 0.2ms 
@master/css-nuxt:test:  ✓ tests/runtime.test.ts (3 tests) 25752ms
@master/css-nuxt:test:    ✓ lets runtime utilities override global component layer CSS  1043ms
@master/css-tooling:test:  ✓ tests/validator/rc87-validator.test.ts (5 tests) 138ms
@master/css-tooling:test:  ✓ tests/scanner/extract-html.test.ts (1 test) 11ms
@master/css-nuxt:test:  ❯ tests/bug-hunt-theme.test.ts (1 test | 1 failed) 26246ms
@master/css-nuxt:test:    × BH-0036 compiles theme variables before runtime uses emitted globals 1140ms
@master/css-tooling:test:  ✓ tests/scanner/diff.test.ts (14 tests) 4ms
@master/css-tooling:test:  ✓ tests/scanner/extract.test.ts (17 tests) 26ms
@master/css-tooling:test:  ✓ tests/scanner/issues/337.test.ts (3 tests) 5ms
@master/css-compiler:test: [success] index.html 5 classes inserted in 0.6ms 
@master/css-compiler:test: [success] index.html 6 classes inserted in 10.9ms 
@master/css-compiler:test: [success] app/page.tsx 4 classes inserted in 0.7ms 
@master/css-nuxt:test:  ❯ tests/progressive.test.ts (1 test | 1 failed) 27858ms
@master/css-nuxt:test:    × matches generated CSS snapshot 136ms
@master/eslint-plugin-css:test:  ✓ tests/prefer-canonical-classes.test.ts (66 tests) 76808ms
@master/eslint-plugin-css:test:    ✓ prefer canonical classes (39)
@master/eslint-plugin-css:test:      ✓ valid (13)
@master/eslint-plugin-css:test:        ✓ <div class="text-center font:md m:md r:md fg:red-60">Recommended classes</div> 2663ms
@master/eslint-plugin-css:test:        ✓ <div class="btn width:error unknown-class">Unknown classes are ignored</div> 2010ms
@master/eslint-plugin-css:test:        ✓ <div class="text:muted grid-col-span:4">Manifest aliases are preserved</div> 2230ms
@master/eslint-plugin-css:test:        ✓ <div class="font:16px">Theme tokens disabled</div> 1391ms
@master/eslint-plugin-css:test:        ✓ <div class="margin:md">Property aliases disabled</div> 1751ms
@master/eslint-plugin-css:test:        ✓ <div class="display:block">Static utilities disabled</div> 1751ms
@master/eslint-plugin-css:test:        ✓ <div class="m:var(--spacing-md)">Variable references disabled</div> 1786ms
@master/eslint-plugin-css:test:        ✓ <div class="m:1rem|1.5rem">Multi-value tokens disabled</div> 1803ms
@master/eslint-plugin-css:test:        ✓ <div class="w:md h:md">Composition utilities disabled</div> 1621ms
@master/eslint-plugin-css:test:        ✓ <div class="mt:md mb:md">Axis composition utilities disabled</div> 1175ms
@master/eslint-plugin-css:test:        ✓ <div class="block@dark@sm">Condition order disabled</div> 1484ms
@master/eslint-plugin-css:test:        ✓ <div class="font:16px@dark@sm">Theme tokens and condition order disabled</div> 1267ms
@master/eslint-plugin-css:test:        ✓ <div class="block@sm:hover block:focus:hover block@start@sm block@print@sm block@supports(display:grid)@sm">Unsafe suffix order</div> 1228ms
@master/eslint-plugin-css:test:      ✓ invalid (26)
@master/eslint-plugin-css:test:        ✓ <div class="text-align:center:hover@sm">Static pattern utility with variants</div> 1652ms
@master/eslint-plugin-css:test:        ✓ <div class="display:block align-items:center">Static utilities</div> 1351ms
@master/eslint-plugin-css:test:        ✓ <div class="font:16px font:1rem r:.375rem">Variables</div> 1607ms
@master/eslint-plugin-css:test:        ✓ <div class="m:4x margin:md padding-inline:md color:red-60">Aliases</div> 1953ms
@master/eslint-plugin-css:test:        ✓ <div class="font-size:md background-color:red-60">Named token keys</div> 1384ms
@master/eslint-plugin-css:test:        ✓ <div class="m:1rem|1.5rem p:.5rem|1rem r:.25rem|.375rem">Multi-value tokens</div> 1314ms
@master/eslint-plugin-css:test:        ✓ <div class="m:var(--spacing-md) r:var(--radius-md) fg:var(--color-red-60)">Variable references</div> 1551ms
@master/eslint-plugin-css:test:        ✓ <div class="block@dark@sm block:hover@dark@sm block!@dark@sm">Condition order</div> 1101ms
@master/eslint-plugin-css:test:        ✓ <div class="font:16px@dark@sm text-align:center@dark@sm">Condition order with canonical classes</div> 926ms
@master/eslint-plugin-css:test:        ✓ <div class="font:16px@dark@sm">Condition order disabled keeps theme token fix</div> 881ms
@master/eslint-plugin-css:test:        ✓ <div class="font:16px@dark@sm">Theme tokens disabled keeps condition order fix</div> 771ms
@master/eslint-plugin-css:test:        ✓ <div class="margin:md@dark@sm">Property aliases disabled keeps condition order fix</div> 690ms
@master/eslint-plugin-css:test:        ✓ <div class="m:var(--spacing-md)@dark@sm">Variable references disabled keeps condition order fix</div> 605ms
@master/eslint-plugin-css:test:        ✓ <div class="m:1rem|1.5rem@dark@sm">Multi-value tokens disabled keeps condition order fix</div> 702ms
@master/eslint-plugin-css:test:        ✓ <div class="w:md h:md min-w:md min-h:md max-w:md max-h:md">Composition utilities</div> 679ms
@master/eslint-plugin-css:test:        ✓ <div class="mt:md mb:md ml:md mr:md pt:md pb:md pl:md pr:md">Axis composition utilities</div> 709ms
@master/eslint-plugin-css:test:        ✓ <div class="mt:md@dark@sm mb:md@dark@sm">Axis composition with condition order</div> 730ms
@master/eslint-plugin-css:test:        ✓ <div class="width:md height:md w:1rem h:1rem w:md:hover h:md:hover margin-top:md margin-bottom:md padding-left:1rem padding-right:1rem">Composition after canonicalization</div> 954ms
@master/eslint-plugin-css:test:        ✓ clsx('display:block font:16px') 575ms
@master/eslint-plugin-css:test:        ✓ clsx('block@dark@sm font:16px@dark@sm') 729ms
@master/eslint-plugin-css:test:        ✓ clsx('width:md height:md') 782ms
@master/eslint-plugin-css:test:        ✓ clsx('margin-top:md margin-bottom:md') 750ms
@master/eslint-plugin-css:test:        ✓ ctl(`font:1rem r:.375rem`) 685ms
@master/eslint-plugin-css:test:        ✓ ctl(`block:hover@dark@sm`) 635ms
@master/eslint-plugin-css:test:        ✓ ctl(`w:1rem h:1rem`) 626ms
@master/eslint-plugin-css:test:        ✓ ctl(`padding-left:1rem padding-right:1rem`) 742ms
@master/eslint-plugin-css:test:    ✓ prefer canonical classes custom components (1)
@master/eslint-plugin-css:test:      ✓ valid (1)
@master/eslint-plugin-css:test:        ✓ <button class="btn">Component class</button> 680ms
@master/eslint-plugin-css:test:    ✓ prefer canonical classes custom manifest (2)
@master/eslint-plugin-css:test:      ✓ valid (1)
@master/eslint-plugin-css:test:        ✓ <div class="block@midnight@wide btn@midnight@tablet">Custom variants and components</div> 962ms
@master/eslint-plugin-css:test:      ✓ invalid (1)
@master/eslint-plugin-css:test:        ✓ <div class="m:1.25rem@midnight@tablet content-visibility:auto">Custom manifest</div> 743ms
@master/eslint-plugin-css:test:    ✓ prefer canonical classes parser smoke tests (8)
@master/eslint-plugin-css:test:      ✓ invalid (8)
@master/eslint-plugin-css:test:        ✓ <template><div class="mt:md mb:md">Vue</div></template> 805ms
@master/eslint-plugin-css:test:        ✓ <template><div class="block@dark@sm">Vue condition</div></template> 788ms
@master/eslint-plugin-css:test:        ✓ <div class="ml:md mr:md">Svelte</div> 827ms
@master/eslint-plugin-css:test:        ✓ <div class="block@dark@sm">Svelte condition</div> 646ms
@master/eslint-plugin-css:test:        ✓ <div class="pt:md pb:md">Angular</div> 1060ms
@master/eslint-plugin-css:test:        ✓ <div class="block@dark@sm">Angular condition</div> 708ms
@master/eslint-plugin-css:test:        ✓ 
@master/eslint-plugin-css:test:             # Test
@master/eslint-plugin-css:test:             <div class="pl:md pr:md">MDX</div> 1023ms
@master/eslint-plugin-css:test:        ✓ 
@master/eslint-plugin-css:test:             # Test
@master/eslint-plugin-css:test:             <div class="block@dark@sm">MDX condition</div> 1134ms
@master/eslint-plugin-css:test:    ✓ prefer canonical classes in compose directives (5)
@master/eslint-plugin-css:test:      ✓ valid (1)
@master/eslint-plugin-css:test:        ✓ .btn {
@master/eslint-plugin-css:test:     @compose text-center;
@master/eslint-plugin-css:test:     contain: content;
@master/eslint-plugin-css:test: } 772ms
@master/eslint-plugin-css:test:      ✓ invalid (4)
@master/eslint-plugin-css:test:        ✓ .btn {
@master/eslint-plugin-css:test:     @compose text-align:center contain:content;
@master/eslint-plugin-css:test: } 911ms
@master/eslint-plugin-css:test:        ✓ .btn { @compose contain:content; } 1003ms
@master/eslint-plugin-css:test:        ✓ @components {
@master/eslint-plugin-css:test:     btn {
@master/eslint-plugin-css:test:         @compose bg:blue-60:hover@sm block@dark;
@master/eslint-plugin-css:test:     }
@master/eslint-plugin-css:test: } 1172ms
@master/eslint-plugin-css:test:        ✓ .btn {
@master/eslint-plugin-css:test:     @compose contain:content contain:none;
@master/eslint-plugin-css:test: } 823ms
@master/eslint-plugin-css:test:    ✓ prefer canonical classes compose directives (11)
@master/eslint-plugin-css:test:      ✓ valid (5)
@master/eslint-plugin-css:test:        ✓ .btn { @compose "font:16px margin:md"; } 721ms
@master/eslint-plugin-css:test:        ✓ .btn { @compose { font:16px margin:md }; } 604ms
@master/eslint-plugin-css:test:        ✓ const css = '.btn { @compose font:16px margin:md; }' 1050ms
@master/eslint-plugin-css:test:        ✓ <template><p>@compose font:16px margin:md</p></template><style>.btn { @compose font:md m:md; }</style> 1303ms
@master/eslint-plugin-css:test:        ✓ <script>const css = '.btn { @compose font:16px margin:md; }'</script><style>.btn { @compose font:md m:md; }</style> 1281ms
@master/eslint-plugin-css:test:      ✓ invalid (6)
@master/eslint-plugin-css:test:        ✓ .btn { @compose font:16px margin:md; } 1539ms
@master/eslint-plugin-css:test:        ✓ .btn { @compose w:md h:md mt:md mb:md; } 1350ms
@master/eslint-plugin-css:test:        ✓ .btn { @compose block@dark@sm font:16px@dark@sm; } 1797ms
@master/eslint-plugin-css:test:        ✓ .btn {
@master/eslint-plugin-css:test:   @compose
@master/eslint-plugin-css:test:     font:16px
@master/eslint-plugin-css:test:     margin:md
@master/eslint-plugin-css:test:   ;
@master/eslint-plugin-css:test: } 2022ms
@master/eslint-plugin-css:test:        ✓ <template><button /></template><style>.btn { @compose font:16px margin:md; }</style> 2149ms
@master/eslint-plugin-css:test:        ✓ <script>const value = true</script><style>.btn { @compose w:md h:md; }</style> 1656ms
@master/eslint-plugin-css:test: 
@master/eslint-plugin-css:test:  Test Files  24 passed (24)
@master/eslint-plugin-css:test:       Tests  291 passed (291)
@master/eslint-plugin-css:test:    Start at  12:42:27
@master/eslint-plugin-css:test:    Duration  81.72s (tests 83%, setup 8%, transform 7%, import 3%)
@master/eslint-plugin-css:test: 
@master/css-nuxt:test:  ✓ tests/bug-hunt-progressive.test.ts (1 test) 28494ms
@master/css-nuxt:test:    ✓ loads its client manifest and handles new runtime classes  771ms
@master/css-nuxt:test: 
@master/css-nuxt:test: ⎯⎯⎯⎯⎯⎯⎯ Failed Tests 4 ⎯⎯⎯⎯⎯⎯⎯
@master/css-nuxt:test: 
@master/css-nuxt:test:  FAIL  tests/bug-hunt-theme.test.ts > BH-0036 compiles theme variables before runtime uses emitted globals
@master/css-nuxt:test: Error: page.goto: net::ERR_CONNECTION_REFUSED at http://127.0.0.1:49103/
@master/css-nuxt:test: Call log:
@master/css-nuxt:test:   - navigating to "http://127.0.0.1:49103/", waiting until "load"
@master/css-nuxt:test: 
@master/css-nuxt:test:  ❯ _Page.page.goto ../../node_modules/.pnpm/@nuxt+test-utils@4.2.0_@playwright+test@1.63.0_@rspack+core@2.2.2_@vue+test-utils@2.5.0_2fe7fd98547b5874860ecd84c151e2f1/node_modules/@nuxt/test-utils/dist/e2e-C3WWXFwG.mjs:37:21
@master/css-nuxt:test:  ❯ createPage ../../node_modules/.pnpm/@nuxt+test-utils@4.2.0_@playwright+test@1.63.0_@rspack+core@2.2.2_@vue+test-utils@2.5.0_2fe7fd98547b5874860ecd84c151e2f1/node_modules/@nuxt/test-utils/dist/e2e-C3WWXFwG.mjs:41:23
@master/css-nuxt:test:  ❯ tests/bug-hunt-theme.test.ts:12:18
@master/css-nuxt:test:      10|
@master/css-nuxt:test:      11| it('BH-0036 compiles theme variables before runtime uses emitted globa…
@master/css-nuxt:test:      12|     const page = await createPage('/')
@master/css-nuxt:test:        |                  ^
@master/css-nuxt:test:      13|     try {
@master/css-nuxt:test:      14|         await page.waitForFunction(() => getComputedStyle(document.que…
@master/css-nuxt:test: 
@master/css-nuxt:test: ⎯⎯⎯⎯⎯⎯⎯⎯⎯⎯⎯⎯⎯⎯⎯⎯⎯⎯⎯⎯⎯⎯⎯⎯[1/4]⎯
@master/css-nuxt:test: 
@master/css-nuxt:test:  FAIL  tests/pre-render.test.ts > matches generated CSS
@master/css-nuxt:test: AssertionError: expected '@import "./master-css-438efbe0355aa13…' to contain '.box'
@master/css-nuxt:test: 
@master/css-nuxt:test: Expected: ".box"
@master/css-nuxt:test: Received: "@import "./master-css-438efbe0355aa13d7cf2-1.css";"
@master/css-nuxt:test: 
@master/css-nuxt:test:  ❯ tests/pre-render.test.ts:35:15
@master/css-nuxt:test:      33|   expect(html).not.toContain('--color-host:')
@master/css-nuxt:test:      34|   const css = await $fetch(href) as string
@master/css-nuxt:test:      35|   expect(css).toContain('.box')
@master/css-nuxt:test:        |               ^
@master/css-nuxt:test:      36|   expect(css).toMatch(/\.box\s*{[^}]*display:\s*flex/)
@master/css-nuxt:test:      37|   expect(css).toMatch(/\.box\s*{[^}]*font-size:\s*1em/)
@master/css-nuxt:test: 
@master/css-nuxt:test: ⎯⎯⎯⎯⎯⎯⎯⎯⎯⎯⎯⎯⎯⎯⎯⎯⎯⎯⎯⎯⎯⎯⎯⎯[2/4]⎯
@master/css-nuxt:test: 
@master/css-nuxt:test:  FAIL  tests/progressive.test.ts > matches generated CSS snapshot
@master/css-nuxt:test: AssertionError: expected '@import "./master-css-801532c4e09f315…' to contain '.box'
@master/css-nuxt:test: 
@master/css-nuxt:test: Expected: ".box"
@master/css-nuxt:test: Received: "@import "./master-css-801532c4e09f31591be3-1.css";"
@master/css-nuxt:test: 
@master/css-nuxt:test:  ❯ tests/progressive.test.ts:30:15
@master/css-nuxt:test:      28|   expect(html).not.toContain('--color-host:')
@master/css-nuxt:test:      29|   const css = await $fetch(href) as string
@master/css-nuxt:test:      30|   expect(css).toContain('.box')
@master/css-nuxt:test:        |               ^
@master/css-nuxt:test:      31|   expect(css).toMatch(/\.box\s*{[^}]*display:\s*flex/)
@master/css-nuxt:test:      32|   expect(css).toMatch(/\.box\s*{[^}]*font-size:\s*1em/)
@master/css-nuxt:test: 
@master/css-nuxt:test: ⎯⎯⎯⎯⎯⎯⎯⎯⎯⎯⎯⎯⎯⎯⎯⎯⎯⎯⎯⎯⎯⎯⎯⎯[3/4]⎯
@master/css-nuxt:test: 
@master/css-nuxt:test:  FAIL  tests/static.test.ts > should contain stylesheet link and CSS with specific class
@master/css-nuxt:test: AssertionError: expected '@import "./master-css-8333ef41b0dde35…' to contain '.box'
@master/css-nuxt:test: 
@master/css-nuxt:test: Expected: ".box"
@master/css-nuxt:test: Received: "@import "./master-css-8333ef41b0dde35452bd-1.css";"
@master/css-nuxt:test: 
@master/css-nuxt:test:  ❯ tests/static.test.ts:23:15
@master/css-nuxt:test: 
@master/css-nuxt:test:  Test Files  4 failed | 2 passed (6)
@master/css-nuxt:test:       Tests  4 failed | 6 passed (10)
@master/css-nuxt:test:    Start at  12:43:21
@master/css-nuxt:test:      21|   const css = await $fetch(href) as string
@master/css-nuxt:test:      22|   expect(typeof css).toBe('string')
@master/css-nuxt:test:      23|   expect(css).toContain('.box')
@master/css-nuxt:test:        |               ^
@master/css-nuxt:test:      24|   expect(css).toMatch(/\.box\s*{[^}]*display:\s*flex/)
@master/css-nuxt:test:      25|   expect(css).toMatch(/\.box\s*{[^}]*font-size:\s*1em/)
@master/css-nuxt:test: 
@master/css-nuxt:test: ⎯⎯⎯⎯⎯⎯⎯⎯⎯⎯⎯⎯⎯⎯⎯⎯⎯⎯⎯⎯⎯⎯⎯⎯[4/4]⎯
@master/css-nuxt:test: 
@master/css-nuxt:test:    Duration  28.76s (transform 415ms, setup 0ms, import 760ms, tests 151.74s, environment 0ms)
@master/css-nuxt:test: 
@master/css-nuxt:test: [ELIFECYCLE] Test failed. See above for more details.
@master/css-nuxt#test:  WARNING  command finished with error, but continuing...
@master/css-tooling:test:  ✓ tests/language/rust-language.test.ts (2 tests) 9955ms
@master/css-tooling:test:    ✓ Rust language session (2)
@master/css-tooling:test:      ✓ discovers UTF-16 class contexts for markup, script, and CSS 1539ms
@master/css-tooling:test:      ✓ owns classification, inspection, completion metadata, and colors 8413ms
@master/css-tooling:test:  ✓ tests/lint/index.test.ts (7 tests) 10138ms
@master/css-tooling:test:    ✓ Rust lint session (7)
@master/css-tooling:test:      ✓ owns sort, conflict, validation, and edit policy 1513ms
@master/css-tooling:test:      ✓ owns canonical recommendations while the wrapper only maps host diagnostics 985ms
@master/css-tooling:test:      ✓ ignores token, static, invalid, unknown, and component classes 1859ms
@master/css-tooling:test:      ✓ suggests static utilities, theme tokens, and property aliases 1479ms
@master/css-tooling:test:      ✓ suggests static utility aliases from generated declarations 1702ms
@master/css-tooling:test:      ✓ lints and fixes source files without a TypeScript engine 2597ms
@master/css-compiler:test: [success] index.html 6 classes inserted in 0.5ms 
@master/css-compiler:test: [success] index.html 5 classes inserted in 0.4ms 
@master/css-tooling:test: [success] src/App.tsx 1 classes inserted in 0.1ms 
@master/css-tooling:test:  ✓ tests/scanner/cache.test.ts (19 tests) 11314ms
@master/css-tooling:test:    ✓ content-hash cache (Phase A optimisation) (4)
@master/css-tooling:test:      ✓ scan(source, content) returns false on identical re-call 746ms
@master/css-tooling:test:      ✓ cache key is per-source — same content from a different source still inserts 824ms
@master/css-tooling:test:      ✓ cache invalidates on content change 392ms
@master/css-tooling:test:      ✓ reset() clears the content-hash cache 1126ms
@master/css-tooling:test:    ✓ Rust scanner validity cache (2)
@master/css-tooling:test:      ✓ same class across many files remains a single generated rule 841ms
@master/css-tooling:test:      ✓ same class across many files is processed once 314ms
@master/css-tooling:test:    ✓ class exclusion matcher (2)
@master/css-tooling:test:      ✓ resets stateful regular expressions while filtering repeated classes 890ms
@master/css-tooling:test:      ✓ rebuilds when blocklist is reassigned 870ms
@master/css-tooling:test:    ✓ module source matcher cache (11)
@master/css-tooling:test:      ✓ scan() accepts trusted content without module filtering 578ms
@master/css-tooling:test:      ✓ normalizes query suffixes before matching module paths 630ms
@master/css-tooling:test:      ✓ rejects non-source extensions with Vite query suffixes 498ms
@master/css-tooling:test:      ✓ rejects framework style module requests 476ms
@master/css-tooling:test:      ✓ rejects generated and cache dot directories by default 413ms
@master/css-tooling:test:      ✓ allows framework source files in dot directories by default 568ms
@master/css-tooling:test:      ✓ matches absolute module ids against relative exclude globs within cwd 429ms
@master/css-tooling:test:      ✓ rebuilds module excludes when exclude is reassigned 513ms
@master/css-tooling:test:      ✓ strips query suffixes before matching absolute module ids against relative excludes 402ms
@master/css-tooling:test:      ✓ rejects absolute framework style module requests before exclude matching 505ms
@master/css-compiler:test: [success] app/page.html 1 classes inserted in 0.2ms 
@master/css-compiler:test: [success] index.html 6 classes inserted in 0.5ms 
@master/css-tooling:test:  ✓ tests/language/format-directives.test.ts (8 tests) 12292ms
@master/css-tooling:test:    ✓ repairs detached important suffixes in class lists 1477ms
@master/css-tooling:test:    ✓ formats @compose class-list preludes 1858ms
@master/css-tooling:test:    ✓ leaves quoted and grouped @compose syntax unchanged 2754ms
@master/css-tooling:test:    ✓ formats @safelist quoted class lists while preserving quote style 1667ms
@master/css-tooling:test:    ✓ leaves internal styles dogfood directives unchanged 1174ms
@master/css-tooling:test:    ✓ normalizes directive spacing without changing block contents 1365ms
@master/css-tooling:test:    ✓ ignores directives inside comments and strings 1098ms
@master/css-tooling:test:    ✓ can limit edits to a source range 896ms
@master/css-compiler:test: [success] index.html 5 classes inserted in 0.5ms 
@master/css-vite:test:  ✓ tests/plugins/bug-hunt-manifest-lifecycle.test.ts (17 tests) 83392ms
@master/css-vite:test:    ✓ BH-0004 SSR close preserves the live client renderer after pending manifest response in pre-render (failure=false) 13924ms
@master/css-vite:test:    ✓ BH-0004 SSR close preserves the live client renderer after pending manifest response in progressive (failure=false) 10903ms
@master/css-vite:test:    ✓ BH-0004 SSR close preserves the live client renderer after pending manifest response in pre-render (failure=true) 9090ms
@master/css-vite:test:    ✓ BH-0004 SSR close preserves the live client renderer after pending manifest response in progressive (failure=true) 6065ms
@master/css-vite:test:    ✓ BH-0004 restarting a failed manifest server transfers recovery to the new environment in static 979ms
@master/css-vite:test:    ✓ BH-0004 restarting a failed manifest server transfers recovery to the new environment in runtime 953ms
@master/css-vite:test:    ✓ BH-0004 restarting a failed manifest server transfers recovery to the new environment in pre-render 2150ms
@master/css-vite:test:    ✓ BH-0004 restarting a failed manifest server transfers recovery to the new environment in progressive 2218ms
@master/css-vite:test:    ✓ BH-0004 an in-flight HMR manifest operation cannot notify or report errors after close in pre-render (failure=false) 3936ms
@master/css-vite:test:    ✓ BH-0004 an in-flight HMR manifest operation cannot notify or report errors after close in progressive (failure=false) 5005ms
@master/css-vite:test:    ✓ BH-0004 an in-flight HMR manifest operation cannot notify or report errors after close in pre-render (failure=true) 6078ms
@master/css-vite:test:    ✓ BH-0004 an in-flight HMR manifest operation cannot notify or report errors after close in progressive (failure=true) 5655ms
@master/css-vite:test:    ✓ BH-0004 reconciliation updates an already loaded manifest through its HMR boundary 4529ms
@master/css-vite:test:    ✓ BH-0004 closing client during manifest recovery prevents late notifications (failure=false) 3203ms
@master/css-vite:test:    ✓ BH-0004 closing server during manifest recovery prevents late notifications (failure=false) 3797ms
@master/css-vite:test:    ✓ BH-0004 closing client during manifest recovery prevents late notifications (failure=true) 2706ms
@master/css-vite:test:    ✓ BH-0004 closing server during manifest recovery prevents late notifications (failure=true) 2198ms
@master/css-compiler:test:  ✓ tests/bug-hunt-preserved-source.test.ts (6 tests) 7411ms
@master/css-compiler:test:    ✓ wasm graph preparation preserves native input and rejects per-file pruning 3199ms
@master/css-compiler:test:    ✓ Wasm stylesheet preparation retains untouched bytes 3879ms
@master/css-compiler:test:  ✓ tests/bug-hunt-stylesheet-diagnostics.test.ts (9 tests) 7475ms
@master/css-compiler:test:    ✓ BH-0004 wasm original graph diagnostic: /*😀*/.image{background:url(a.png)}
@master/css-compiler:test: .x{@compose unknown-utility;} 311ms
@master/css-compiler:test:    ✓ BH-0004 wasm original graph diagnostic: /*😀*/.image{background:url(a.png)} @utilities invalid {paint{color:red}} 3110ms
@master/css-compiler:test:    ✓ BH-0004 wasm original graph diagnostic: .a{background:image-set("a.png" 1x,url(b.png) 2x)}
@master/css-compiler:test: /*😀*/.b{background:url(b.png)}.x{@compose unknown-utility;} 2134ms
@master/css-compiler:test:    ✓ BH-0004 wasm original graph diagnostic: /*😀*/.a{background:image-set(
@master/css-compiler:test: "a.png" 1x,
@master/css-compiler:test: url(b.png) 2x)}
@master/css-compiler:test: .x{@compose unknown-utility;} 1842ms
@master/css-compiler:test:  ✓ tests/bug-hunt-rendered-resource-context.test.ts (4 tests) 7821ms
@master/css-compiler:test:    ✓ wasm rendered resource context emits the new transitive closure without overwriting processed globals 7652ms
@master/css-compiler:test: [success] index.html 6 classes inserted in 0.5ms 
@master/css-compiler:test: [success] index.html 5 classes inserted in 0.4ms 
@master/css-mcp:test:  ✓ tests/core.test.ts (17 tests) 24158ms
@master/css-mcp:test:    ✓ @master/css-mcp (17)
@master/css-mcp:test:      ✓ registers tools, resources, prompts, and renders CSS through MCP 5479ms
@master/css-mcp:test:      ✓ audits setup and inspects CSS-first directives through MCP 429ms
@master/css-mcp:test:      ✓ traces, extracts, queries, and compares Master CSS classes through MCP 8647ms
@master/css-mcp:test:      ✓ previews directive formatting without writing until the preview is applied 3398ms
@master/css-mcp:test:      ✓ previews and applies lint fixes only with a confirmation token 3117ms
@master/css-mcp:test:      ✓ lints cjs files with the shared script language mapping 1120ms
@master/css-mcp:test:      ✓ scans project sources with missing CSS classification 402ms
@master/css-mcp:test:      ✓ lints in-memory content without requiring a file on disk 887ms
@master/css-mcp:test: 
@master/css-mcp:test:  Test Files  5 passed (5)
@master/css-mcp:test:       Tests  43 passed (43)
@master/css-mcp:test:    Start at  12:43:28
@master/css-mcp:test:    Duration  26.24s (tests 87%, transform 11%, import 2%)
@master/css-mcp:test: 
@master/css-vite:test:  ✓ tests/plugins/style-entry.test.ts (12 tests) 17860ms
@master/css-vite:test:    ✓ StyleEntryPlugin (12)
@master/css-vite:test:      ✓ serve load inlines current extracted CSS and tracks the virtual CSS module for HMR 372ms
@master/css-vite:test:      ✓ treats @master/css import stylesheets as managed native CSS pruning entries 1245ms
@master/css-vite:test:      ✓ build transform retains native imports in the source graph when @master/css comes first 1820ms
@master/css-vite:test:      ✓ serve transform emits current CSS and reloads the managed stylesheet for HMR 3463ms
@master/css-vite:test:      ✓ keeps managed style dependencies registered after invalid CSS 975ms
@master/css-vite:test:      ✓ serve transform keeps native imports before generated CSS when @master/css comes first 4137ms
@master/css-vite:test:      ✓ non-generated modes emit package base CSS for Master imports without generated utilities 2861ms
@master/css-vite:test:      ✓ non-generated modes preserve native imports when consuming empty Master entries 2532ms
@master/css-compiler:test:  ✓ tests/bug-hunt-emitted-globals-graphs.test.ts (5 tests) 9276ms
@master/css-compiler:test:    ✓ BH-0004 emitted globals traverse unqualified imports with external descendants 3000ms
@master/css-compiler:test:    ✓ BH-0004 emitted globals traverse layer(shared) imports with external descendants 2496ms
@master/css-compiler:test:    ✓ BH-0004 emitted globals traverse layer imports with external descendants 2007ms
@master/css-compiler:test:    ✓ BH-0004 emitted globals traverse supports(display:grid) screen imports with external descendants 1767ms
@master/css-compiler:test: [success] index.html 6 classes inserted in 27.7ms 
@master/css-compiler:test: [success] index.html 5 classes inserted in 0.5ms 
@master/css-compiler:test:  ✓ tests/css-first-core-execution.test.ts (23 tests) 10692ms
@master/css-compiler:test:    ✓ CSS-first lowering for migrated core tests (23)
@master/css-compiler:test:      ✓ keeps nested selectors aligned with native CSS descendant and compound behavior 3978ms
@master/css-compiler:test:      ✓ replaces old JS merging intent with ordered CSS imports through baseManifest lowering 3977ms
@master/css-compiler:test:      ✓ lowers managed animations and removes them when no class references remain 3977ms
@master/css-compiler:test:      ✓ lowers class mode defaults without the old JS Config API 3977ms
@master/css-compiler:test:      ✓ lowers color variables, mode values, aliases, and alpha references 3977ms
@master/css-compiler:test:      ✓ lowers stylesheet --alpha() in theme, managed declarations, and native CSS 2398ms
@master/css-compiler:test:      ✓ rejects stylesheet token alias syntax and invalid --alpha() alpha values 2398ms
@master/css-compiler:test:      ✓ ignores quoted variable references while collecting theme dependencies 2398ms
@master/css-compiler:test:      ✓ resolves built-in and utility-owned theme namespaces before lowering composed definitions 2398ms
@master/css-compiler:test:      ✓ lowers unquoted compose class lists from raw source 2398ms
@master/css-compiler:test:      ✓ batches independent managed style refreshes before native compose 2905ms
@master/css-compiler:test:      ✓ refreshes once before a managed compose dependency 2904ms
@master/css-compiler:test:      ✓ refreshes once for a multi-dependency managed compose group 2904ms
@master/css-compiler:test:      ✓ refreshes pending managed definitions before native compose 2904ms
@master/css-compiler:test:      ✓ rejects quoted and grouped compose class lists 2903ms
@master/css-compiler:test:      ✓ executes CSS-first number variables and native value functions through engine semantics 1113ms
@master/css-compiler:test:      ✓ executes CSS-first unitful numeric variables without double conversion 1113ms
@master/css-compiler:test:      ✓ lowers inline theme variables without emitting their own theme rules 1113ms
@master/css-compiler:test:      ✓ lowers static theme variables and keyframes into initial resources 1113ms
@master/css-compiler:test:      ✓ rejects invalid static theme modifier combinations 1113ms
@master/css-compiler:test: [success] app/page.html 2 classes inserted in 0.2ms 
@master/css-compiler:test:  ✓ tests/bug-hunt-imported-policy-output.test.ts (10 tests) 10373ms
@master/css-compiler:test:    ✓ BH-0004 consumed policy must not remain in layer CSS output 2808ms
@master/css-compiler:test:    ✓ BH-0004 consumed policy must not remain in layer(scope) CSS output 2127ms
@master/css-compiler:test:    ✓ BH-0004 consumed policy must not remain in supports(display:grid) CSS output 1903ms
@master/css-compiler:test:    ✓ BH-0004 consumed policy must not remain in screen CSS output 1616ms
@master/css-compiler:test:    ✓ BH-0004 consumed policy must not remain in layer(scope) supports(display:grid) screen CSS output 1806ms
@master/css-compiler:test: [success] index.html 6 classes inserted in 0.5ms 
@master/css-compiler:test: [success] index.html 5 classes inserted in 0.5ms 
@master/css-compiler:test:  ✓ tests/bug-hunt-legacy-compose-position.test.ts (9 tests) 4021ms
@master/css-compiler:test:    ✓ legacy source wasm preserves compose after native 2063ms
@master/css-compiler:test:    ✓ legacy source wasm preserves one anonymous layer 1695ms
@master/css-compiler:test:  ✓ tests/bug-hunt-graph-output-mappings.test.ts (5 tests) 4206ms
@master/css-compiler:test:    ✓ graph wasm preserves quoted compose marker text and renders the actual rule 2038ms
@master/css-compiler:test:    ✓ graph wasm native suppression preserves composed conditions and their source anchors 1944ms
@master/css-compiler:test:  ✓ tests/bug-hunt-resource-urls.test.ts (4 tests) 2169ms
@master/css-compiler:test:    ✓ BH-0004 wasm: relocation retains definition origin across files 2102ms
@master/css-compiler:test:  ✓ tests/stylesheet/directives.test.ts (7 tests) 12738ms
@master/css-compiler:test:    ✓ stylesheet CSS directives (7)
@master/css-compiler:test:      ✓ loads scanner directives from a managed CSS entry graph 2633ms
@master/css-compiler:test:      ✓ loads source directives from server template extensions 2117ms
@master/css-compiler:test:      ✓ unions source directives and subtracts source not directives 1885ms
@master/css-compiler:test:      ✓ uses stylesheet-local source directives for a pruned CSS root 3454ms
@master/css-compiler:test:      ✓ merges imported stylesheet class directives into the parent root scope 2643ms
@master/css-compiler:test: [success] index.html 6 classes inserted in 0.5ms 
@master/css-compiler:test: [success] index.html 5 classes inserted in 0.5ms 
@master/css-compiler:test:  ✓ tests/css-first-core-migration.test.ts (11 tests) 6790ms
@master/css-compiler:test:    ✓ CSS-first lowering for migrated core tests (11)
@master/css-compiler:test:      ✓ lowers theme variables, modes, semantic components, utilities, and variants into one manifest 1419ms
@master/css-compiler:test:      ✓ lowers managed enum patterns as semantic utilities without replacing exact utility precedence 1418ms
@master/css-compiler:test:      ✓ lowers managed dynamic colon entries without restoring fixed keyword aliases 1418ms
@master/css-compiler:test:      ✓ rejects unsupported managed enum pattern syntax 1418ms
@master/css-compiler:test:      ✓ rejects unsupported managed dynamic colon syntax 1418ms
@master/css-compiler:test:      ✓ does not consume @utility as a Master CSS directive 4838ms
@master/css-compiler:test:      ✓ lowers dark and light shorthand variant blocks like explicit variant blocks 4838ms
@master/css-compiler:test:      ✓ keeps compose canonicalization rewrites output-equivalent 4838ms
@master/css-compiler:test:      ✓ keeps base declarations before matching responsive declarations 4837ms
@master/css-compiler:test:      ✓ keeps custom modes explicit behind @variant 4837ms
@master/css-compiler:test:      ✓ rejects legacy at-prefixed and selector variant directive syntax 532ms
@master/css-tooling:test:  ✓ tests/lint/rc87-index.test.ts (62 tests) 15041ms
@master/css-tooling:test:    ✓ class sorting (4)
@master/css-tooling:test:      ✓ sorts known classes and keeps unknown classes last 3064ms
@master/css-tooling:test:      ✓ sorts generated classes into readable property groups 6180ms
@master/css-tooling:test:      ✓ deduplicates repeated classes 373ms
@master/css-tooling:test:    ✓ class list edits (3)
@master/css-tooling:test:      ✓ sorts class-list text while preserving useful whitespace and raw tokens 1313ms
@master/css-tooling:test:    ✓ source content linting (7)
@master/css-tooling:test:      ✓ maps class diagnostics and safe fixes onto source ranges 514ms
@master/css-tooling:test:      ✓ lints and fixes class lists inside mdx fenced html examples 984ms
@master/css-tooling:test:    ✓ canonical class suggestions (11)
@master/css-tooling:test:      ✓ does not suggest component-layer semantic utilities 859ms
@master/css-tooling:test: 
@master/css-tooling:test:  Test Files  36 passed (36)
@master/css-tooling:test:       Tests  223 passed (223)
@master/css-tooling:test:    Start at  12:43:39
@master/css-tooling:test:    Duration  22.29s (tests 75%, import 18%, transform 7%)
@master/css-tooling:test: 
@master/css-compiler:test:  ✓ tests/bug-hunt-project-dependency-observer.test.ts (6 tests) 4952ms
@master/css-compiler:test:    ✓ BH-0004 async project reports missing nested import before failure and recovers 560ms
@master/css-compiler:test:    ✓ BH-0004 async project reports missing nested reference before failure and recovers 527ms
@master/css-compiler:test:    ✓ BH-0004 async project dependency callback runs before reading and observes shared files once 1377ms
@master/css-compiler:test:    ✓ BH-0004 sync project reports missing nested import before failure and recovers 639ms
@master/css-compiler:test:    ✓ BH-0004 sync project reports missing nested reference before failure and recovers 650ms
@master/css-compiler:test:    ✓ BH-0004 sync project dependency callback runs before reading and observes shared files once 1198ms
@master/css-compiler:test: [success] index.html 6 classes inserted in 0.5ms 
@master/css-compiler:test:  ✓ tests/bug-hunt-ordered-direct-output.test.ts (6 tests) 2298ms
@master/css-compiler:test:    ✓ ordered output and mappings survive a native/Wasm JSON round trip, including invalid-slot errors 2013ms
@master/css-compiler:test: [success] index.html 5 classes inserted in 0.5ms 
@master/css-compiler:test:  ✓ tests/project/test.ts (18 tests) 4320ms
@master/css-compiler:test:    ✓ compiles explicit CSS project entries synchronously 488ms
@master/css-compiler:test:    ✓ loads package entry preset manifest from CSS imports 816ms
@master/css-compiler:test:    ✓ loads project-level CSS manifest entries 689ms
@master/css-compiler:test:    ✓ serializes project manifests through the schema codec 781ms
@master/css-compiler:test:    ✓ turns CSS manifest results into JSON sources 677ms
@master/css-compiler:test:  ✓ tests/bug-hunt-collection-source-ownership.test.ts (2 tests) 2891ms
@master/css-compiler:test:    ✓ collection source selection isolates native CSS and resource ownership: delivery=false 1358ms
@master/css-compiler:test:    ✓ collection source selection isolates native CSS and resource ownership: delivery=true 1532ms
@master/css-compiler:test:  ✓ tests/bug-hunt-local-transform-delivery.test.ts (4 tests) 4131ms
@master/css-compiler:test:    ✓ BH-0004 local transform delivers imported compose with host resolver=false 1041ms
@master/css-compiler:test:    ✓ BH-0004 local transform delivers imported compose with host resolver=true 1132ms
@master/css-compiler:test:    ✓ BH-0004 local graph keeps reference globals and deduplicates published globals=false 875ms
@master/css-compiler:test:    ✓ BH-0004 local graph keeps reference globals and deduplicates published globals=true 1072ms
@master/css-compiler:test: [success] index.html 6 classes inserted in 2.5ms 
@master/css-vite:test:  ❯ tests/plugins/bug-hunt-missing-directory-watch.test.ts (24 tests | 2 failed) 93074ms
@master/css-vite:test:    ✓ BH-0004 missing directory recovers reference-one in static via default 3134ms
@master/css-vite:test:    ✓ BH-0004 missing directory recovers reference-one in static via node 3687ms
@master/css-vite:test:    ✓ BH-0004 missing directory recovers reference-three in static via default 2811ms
@master/css-vite:test:    ✓ BH-0004 missing directory recovers reference-three in static via node 3595ms
@master/css-vite:test:    × BH-0004 missing directory recovers entry-resource-three in static via default 5677ms
@master/css-vite:test:    × BH-0004 missing directory recovers entry-resource-three in static via node 4943ms
@master/css-vite:test:    ✓ BH-0004 missing directory recovers reference-one in runtime via default 2480ms
@master/css-vite:test:    ✓ BH-0004 missing directory recovers reference-one in runtime via node 2223ms
@master/css-vite:test:    ✓ BH-0004 missing directory recovers reference-three in runtime via default 3564ms
@master/css-vite:test:    ✓ BH-0004 missing directory recovers reference-three in runtime via node 2072ms
@master/css-vite:test:    ✓ BH-0004 missing directory recovers entry-resource-three in runtime via default 4806ms
@master/css-vite:test:    ✓ BH-0004 missing directory recovers entry-resource-three in runtime via node 2165ms
@master/css-vite:test:    ✓ BH-0004 missing directory recovers reference-one in pre-render via default 2156ms
@master/css-vite:test:    ✓ BH-0004 missing directory recovers reference-one in pre-render via node 2247ms
@master/css-vite:test:    ✓ BH-0004 missing directory recovers reference-three in pre-render via default 2176ms
@master/css-vite:test:    ✓ BH-0004 missing directory recovers reference-three in pre-render via node 1403ms
@master/css-vite:test:    ✓ BH-0004 missing directory recovers entry-resource-three in pre-render via default 7355ms
@master/css-vite:test:    ✓ BH-0004 missing directory recovers entry-resource-three in pre-render via node 6328ms
@master/css-vite:test:    ✓ BH-0004 missing directory recovers reference-one in progressive via default 1595ms
@master/css-vite:test:    ✓ BH-0004 missing directory recovers reference-one in progressive via node 2329ms
@master/css-vite:test:    ✓ BH-0004 missing directory recovers reference-three in progressive via default 4269ms
@master/css-vite:test:    ✓ BH-0004 missing directory recovers reference-three in progressive via node 3893ms
@master/css-vite:test:    ✓ BH-0004 missing directory recovers entry-resource-three in progressive via default 11087ms
@master/css-vite:test:    ✓ BH-0004 missing directory recovers entry-resource-three in progressive via node 7077ms
@master/css-compiler:test: [success] index.html 5 classes inserted in 0.4ms 
@master/css-compiler:test:  ✓ tests/diagnostics/bug-hunt-source-attribution.test.ts (7 tests) 4457ms
@master/css-compiler:test:    ✓ inspection keeps source ownership: separate classes and invalid warning 401ms
@master/css-compiler:test:    ✓ inspection keeps source ownership: reverse source patterns 358ms
@master/css-compiler:test:    ✓ inspection keeps source ownership: repeated valid and invalid classes 375ms
@master/css-compiler:test:    ✓ inspection keeps source ownership: asynchronous Vue and Svelte adapters 838ms
@master/css-compiler:test:    ✓ inspection keeps source ownership: native classes and repeated usage 903ms
@master/css-compiler:test:    ✓ inspection keeps source ownership: safelist is not source ownership 778ms
@master/css-compiler:test:    ✓ inspection keeps source ownership: scoped blocklist keeps source ownership 803ms
@master/css-compiler:test:  ✓ tests/session.test.ts (2 tests) 2423ms
@master/css-compiler:test:    ✓ native and Wasm compiler sessions execute the semantic compiler corpus 2395ms
@master/css-compiler:test:  ✓ tests/diagnostics/index.test.ts (3 tests) 1555ms
@master/css-compiler:test:    ✓ @master/css-compiler/diagnostics (3)
@master/css-compiler:test:      ✓ reports scanner state, per-file discoveries, and missing CSS diagnostics 343ms
@master/css-compiler:test:      ✓ includes generated CSS and stylesheet entry metadata 779ms
@master/css-compiler:test:      ✓ reports stylesheet entry errors without hiding scanner diagnostics 432ms
@master/css-compiler:test: [success] app/page.html 2 classes inserted in 0.2ms 
@master/css-compiler:test:  ✓ tests/bug-hunt-graph-directive-metadata.test.ts (16 tests) 2210ms
@master/css-compiler:test:    ✓ BH-0004 registration scans the imported stylesheet source directory 1584ms
@master/css-compiler:test:    ✓ BH-0004 registration retains package-owned extraction policy 539ms
@master/css-compiler:test:  ✓ tests/bug-hunt-bundle-transport.test.ts (4 tests) 2142ms
@master/css-compiler:test:    ✓ BH-0004 wasm bundle errors retain original source and disposed guards 2010ms
@master/css-compiler:test:  ✓ tests/bug-hunt-imported-local-classification.test.ts (3 tests) 1238ms
@master/css-compiler:test:    ✓ imported local directives classify and transform a plain root with custom resolver=false 748ms
@master/css-compiler:test:    ✓ imported local directives classify and transform a plain root with custom resolver=true 488ms
@master/css-vite:test:  ✓ tests/bug-hunt-relative-hydration.test.ts (1 test) 10143ms
@master/css-vite:test:    ✓ BH-0016 nested HTML resolves its hydration asset when base is relative 10142ms
@master/css-vite:test:  ✓ tests/plugins/bug-hunt-local-sass-url-hmr.test.ts (8 tests) 30355ms
@master/css-vite:test:    ✓ local Sass URL reloads retained child and resource under //static 3797ms
@master/css-vite:test:    ✓ local Sass URL reloads retained child and resource under //runtime 3714ms
@master/css-vite:test:    ✓ local Sass URL reloads retained child and resource under //pre-render 6167ms
@master/css-vite:test:    ✓ local Sass URL reloads retained child and resource under //progressive 4376ms
@master/css-vite:test:    ✓ local Sass URL reloads retained child and resource under /nested//static 2928ms
@master/css-vite:test:    ✓ local Sass URL reloads retained child and resource under /nested//runtime 2768ms
@master/css-vite:test:    ✓ local Sass URL reloads retained child and resource under /nested//pre-render 3359ms
@master/css-vite:test:    ✓ local Sass URL reloads retained child and resource under /nested//progressive 3244ms
@master/css-compiler:test:  ✓ tests/diagnostics/bug-hunt-mjs-discovery.test.ts (3 tests) 1145ms
@master/css-compiler:test:    ✓ project inspection discovers ESM classes (default) 408ms
@master/css-compiler:test:    ✓ project inspection discovers ESM classes (explicit-js) 604ms
@master/css-compiler:test:  ✓ tests/browser.test.ts (3 tests) 588ms
@master/css-compiler:test:    ✓ universal compileManifest lowers directives with a base manifest 587ms
@master/css-compiler:test:    ✓ universal compileManifest rejects @reference directives 586ms
@master/css-compiler:test:    ✓ browser compileCSSManifest rejects @reference directives 586ms
@master/css-compiler:test:  ✓ tests/reference.test.ts (4 tests) 951ms
@master/css-compiler:test:    ✓ CSS @reference (4)
@master/css-compiler:test:      ✓ keeps ordinary package imports before expanded Master CSS entries 925ms
@master/css-compiler:test:  ✓ tests/bug-hunt-output-source-maps.test.ts (6 tests) 725ms
@master/css-compiler:test:    ✓ raw Sass output map chains imported partial sources through native printing and compose lowering 481ms
@master/css-compiler:test: [success] index.html 6 classes inserted in 0.5ms 
@master/css-compiler:test:  ✓ tests/bug-hunt-static-retention.test.ts (5 tests) 1157ms
@master/css-compiler:test:    ✓ BH-0003: shared static graph survives public compile and class lifetimes 304ms
@master/css-compiler:test: [success] index.html 5 classes inserted in 0.4ms 
@master/css-compiler:test:  ✓ tests/stylesheet/public.test.ts (3 tests) 1084ms
@master/css-compiler:test:    ✓ @master/css-compiler/stylesheet public contract (3)
@master/css-compiler:test:      ✓ encapsulates source state and disposes idempotently 923ms
@master/css-compiler:test:  ✓ tests/bug-hunt-rendered-delivery.test.ts (7 tests) 543ms
@master/css-compiler:test:    ✓ rendered delivery retains real Sass dependencies and original output maps 368ms
@master/css-compiler:test:  ✓ tests/bug-hunt-inline-graph-mappings.test.ts (3 tests) 404ms
@master/css-compiler:test:  ✓ tests/stylesheet/style.test.ts (23 tests) 18938ms
@master/css-compiler:test:    ✓ style CSS extraction helpers (23)
@master/css-compiler:test:      ✓ ignores native CSS variable references inside comments and strings while emitting real references 341ms
@master/css-compiler:test:      ✓ emits theme variables referenced by compiled stylesheet --alpha() values 323ms
@master/css-compiler:test:      ✓ renders native CSS and keyframes from expanded Master CSS entry graphs 2063ms
@master/css-compiler:test:      ✓ locally lowers @compose using the provided project context 1313ms
@master/css-compiler:test:      ✓ locally lowers explicit @reference styles without emitting referenced CSS 1097ms
@master/css-compiler:test:      ✓ emits referenced theme variables and keyframes used by local styles 1235ms
@master/css-compiler:test:      ✓ skips referenced theme variables and keyframes already emitted by global CSS 942ms
@master/css-compiler:test:      ✓ emits default preset variables used by local styles referencing a globals entry 1625ms
@master/css-compiler:test:      ✓ dedupes default preset variables already emitted by a globals entry snapshot 3095ms
@master/css-compiler:test:      ✓ strips reference-only local styles and still reports dependencies 539ms
@master/css-compiler:test:      ✓ derives package host CSS from the package entry graph 2895ms
@master/css-compiler:test:      ✓ does not load preset artifacts implicitly while registering stylesheets 1234ms
@master/css-compiler:test:      ✓ tracks default package artifacts as style dependencies 1545ms
@master/css-compiler:test:  ✓ tests/bug-hunt-native-conditionals.test.ts (3 tests) 314ms
@master/css-compiler:test:  ✓ tests/bug-hunt-native-host-transform.test.ts (1 test) 144ms
@master/css-compiler:test: [success] app/page.html 1 classes inserted in 0.1ms 
@master/css-compiler:test:  ✓ tests/bug-hunt-project-graphs.test.ts (5 tests) 256ms
@master/css-compiler:test:  ✓ tests/bug-hunt-node-import-discovery.test.ts (10 tests) 205ms
@master/css-compiler:test:  ✓ tests/bug-hunt-build-graph.test.ts (4 tests) 208ms
@master/css-compiler:test:  ✓ tests/bug-hunt-inline-bundle.test.ts (2 tests) 72ms
@master/css-compiler:test:  ✓ tests/bug-hunt-filesystem-project.test.ts (12 tests) 276ms
@master/css-vite:test: stderr | tests/dev-hmr.test.ts > Vite dev HMR > updates runtime CSS without full reload and recovers after invalid CSS
@master/css-vite:test: [browser] Failed to load resource: the server responded with a status of 500 (Internal Server Error)
@master/css-vite:test: 
@master/css-vite:test: stderr | tests/dev-hmr.test.ts > Vite dev HMR > updates runtime CSS without full reload and recovers after invalid CSS
@master/css-vite:test: [browser] [vite] Failed to reload /@id/__x00__virtual:master-css-manifest. This could be due to syntax errors or importing non-existent modules. (see errors above)
@master/css-vite:test: 
@master/css-compiler:test:  ✓ tests/bug-hunt-stylesheet-preparation.test.ts (8 tests) 302ms
@master/css-compiler:test:  ✓ tests/bug-hunt-directive-positions.test.ts (3 tests) 159ms
@master/css-compiler:test:  ✓ tests/bug-hunt-legacy-project-graphs.test.ts (13 tests) 125ms
@master/css-compiler:test:  ✓ tests/bug-hunt-import-conditions.test.ts (3 tests) 189ms
@master/css-compiler:test:  ✓ tests/diagnostics/bug-hunt-utf8-bytes.test.ts (1 test) 9ms
@master/css-vite:test:  ✓ tests/plugins/bug-hunt-dev-graph-environments.test.ts (16 tests) 95956ms
@master/css-vite:test:    ✓ retained graphs survive idle environment replacement mode=static perEnvironment=false 5150ms
@master/css-vite:test:    ✓ retained graphs survive idle environment replacement mode=static perEnvironment=true 6439ms
@master/css-vite:test:    ✓ retained graphs survive idle environment replacement mode=runtime perEnvironment=false 4276ms
@master/css-vite:test:    ✓ retained graphs survive idle environment replacement mode=runtime perEnvironment=true 4583ms
@master/css-vite:test:    ✓ retained graphs survive idle environment replacement mode=pre-render perEnvironment=false 6463ms
@master/css-vite:test:    ✓ retained graphs survive idle environment replacement mode=pre-render perEnvironment=true 9375ms
@master/css-vite:test:    ✓ retained graphs survive idle environment replacement mode=progressive perEnvironment=false 3848ms
@master/css-vite:test:    ✓ retained graphs survive idle environment replacement mode=progressive perEnvironment=true 4587ms
@master/css-vite:test:    ✓ retained graph restart mode=static middleware=false 2233ms
@master/css-vite:test:    ✓ retained graph restart mode=static middleware=true 2230ms
@master/css-vite:test:    ✓ retained graph restart mode=runtime middleware=false 2507ms
@master/css-vite:test:    ✓ retained graph restart mode=runtime middleware=true 2617ms
@master/css-vite:test:    ✓ retained graph restart mode=pre-render middleware=false 7773ms
@master/css-vite:test:    ✓ retained graph restart mode=pre-render middleware=true 12004ms
@master/css-vite:test:    ✓ retained graph restart mode=progressive middleware=false 10454ms
@master/css-vite:test:    ✓ retained graph restart mode=progressive middleware=true 11397ms
@master/css-compiler:test:  ✓ tests/entry.test.ts (4 tests) 16ms
@master/css-compiler:test:  ✓ tests/bug-hunt-host-resolution.test.ts (6 tests) 155ms
@master/css-compiler:test:  ✓ tests/bug-hunt-virtual-sources.test.ts (6 tests) 92ms
@master/css-compiler:test:  ✓ tests/bug-hunt-file-delivery.test.ts (6 tests) 150ms
@master/css-compiler:test:  ✓ tests/bug-hunt-rendered-compose.test.ts (6 tests) 85ms
@master/css-vite:test:  ✓ tests/dev-hmr.test.ts (2 tests) 9652ms
@master/css-vite:test:    ✓ Vite dev HMR (2)
@master/css-vite:test:      ✓ loads global CSS before the runtime stylesheet in runtime mode 6927ms
@master/css-vite:test:      ✓ updates runtime CSS without full reload and recovers after invalid CSS 2722ms
@master/css-vite:test:  ✓ tests/plugins/bug-hunt-local-graph-requests.test.ts (8 tests) 29100ms
@master/css-vite:test:    ✓ local graph keeps CSS Modules exports and inline output in serve/static 3851ms
@master/css-vite:test:    ✓ local graph keeps CSS Modules exports and inline output in serve/runtime 4373ms
@master/css-vite:test:    ✓ local graph keeps CSS Modules exports and inline output in serve/pre-render 4958ms
@master/css-vite:test:    ✓ local graph keeps CSS Modules exports and inline output in serve/progressive 3071ms
@master/css-vite:test:    ✓ local graph keeps CSS Modules exports and inline output in build/static 2739ms
@master/css-vite:test:    ✓ local graph keeps CSS Modules exports and inline output in build/runtime 3222ms
@master/css-vite:test:    ✓ local graph keeps CSS Modules exports and inline output in build/pre-render 2929ms
@master/css-vite:test:    ✓ local graph keeps CSS Modules exports and inline output in build/progressive 3954ms
@master/css-compiler:test:  ✓ tests/bug-hunt-prepared-source-context.test.ts (4 tests) 110ms
@master/css-compiler:test:  ✓ tests/bug-hunt-prepared-diagnostic-columns.test.ts (4 tests) 84ms
@master/css-vite:test:  ✓ tests/plugins/bug-hunt-retained-sass-references.test.ts (16 tests) 96394ms
@master/css-vite:test:    ✓ BH-0004 retained scss references keep child owners in static/build 5682ms
@master/css-vite:test:    ✓ BH-0004 retained scss references keep child owners in static/serve 13742ms
@master/css-vite:test:    ✓ BH-0004 retained sass references keep child owners in static/build 3634ms
@master/css-vite:test:    ✓ BH-0004 retained sass references keep child owners in static/serve 10753ms
@master/css-vite:test:    ✓ BH-0004 retained scss references keep child owners in runtime/build 3076ms
@master/css-vite:test:    ✓ BH-0004 retained scss references keep child owners in runtime/serve 5427ms
@master/css-vite:test:    ✓ BH-0004 retained sass references keep child owners in runtime/build 1817ms
@master/css-vite:test:    ✓ BH-0004 retained sass references keep child owners in runtime/serve 5262ms
@master/css-vite:test:    ✓ BH-0004 retained scss references keep child owners in pre-render/build 2486ms
@master/css-vite:test:    ✓ BH-0004 retained scss references keep child owners in pre-render/serve 7024ms
@master/css-vite:test:    ✓ BH-0004 retained sass references keep child owners in pre-render/build 3021ms
@master/css-vite:test:    ✓ BH-0004 retained sass references keep child owners in pre-render/serve 8120ms
@master/css-vite:test:    ✓ BH-0004 retained scss references keep child owners in progressive/build 5106ms
@master/css-vite:test:    ✓ BH-0004 retained scss references keep child owners in progressive/serve 10324ms
@master/css-vite:test:    ✓ BH-0004 retained sass references keep child owners in progressive/build 3206ms
@master/css-vite:test:    ✓ BH-0004 retained sass references keep child owners in progressive/serve 7710ms
@master/css-compiler:test: [success] index.html 6 classes inserted in 0.5ms 
@master/css-compiler:test:  ✓ tests/bug-hunt-virtual-reference-ownership.test.ts (10 tests) 20220ms
@master/css-compiler:test:    ✓ BH-0004 missing virtual reference reports its attempted path and registration recovers without partial state 3732ms
@master/css-compiler:test:    ✓ BH-0004 original virtual diagnostic identity survives filesystem reference rebasing 1162ms
@master/css-compiler:test:    ✓ BH-0004 physical references use filesystem owners during transform 1847ms
@master/css-compiler:test:    ✓ BH-0004 physical references use filesystem owners during collection 3126ms
@master/css-compiler:test:    ✓ BH-0004 virtual-entry references use filesystem owners during transform 2138ms
@master/css-compiler:test:    ✓ BH-0004 virtual-entry references use filesystem owners during collection 3153ms
@master/css-compiler:test:    ✓ BH-0004 virtual-child references use filesystem owners during transform 1682ms
@master/css-compiler:test:    ✓ BH-0004 virtual-child references use filesystem owners during collection 3370ms
@master/css-compiler:test: [success] app/page.html 1 classes inserted in 0.1ms 
@master/css-compiler:test: [success] index.html 5 classes inserted in 0.4ms 
@master/css-compiler:test:  ✓ tests/stylesheet/style-output.test.ts (15 tests) 20259ms
@master/css-compiler:test:    ✓ style CSS extraction helpers (15)
@master/css-compiler:test:      ✓ uses the managed CSS entry config and native CSS sources 3920ms
@master/css-compiler:test:      ✓ keeps non-expandable native imports out of generated managed CSS 2778ms
@master/css-compiler:test:      ✓ reports emittedGlobals variables and animations emitted by the Master CSS entry 948ms
@master/css-compiler:test:      ✓ does not preload inline theme tokens 782ms
@master/css-compiler:test:      ✓ emits static theme tokens and keyframes without class references 686ms
@master/css-compiler:test:      ✓ prunes local CSS imports from Master CSS import roots by default 2554ms
@master/css-compiler:test:      ✓ preserves native CSS when a Master CSS import root opts out of pruning 2590ms
@master/css-compiler:test:      ✓ preserves imported native CSS when a root graph opts out of pruning 2615ms
@master/css-compiler:test:      ✓ can emit pruned native CSS without generated Master CSS 572ms
@master/css-compiler:test:      ✓ keeps package base CSS without generated utilities for Master CSS imports 2596ms
@master/css-vite:test:  ❯ tests/plugins/bug-hunt-module-import-contexts.test.ts (4 tests | 1 failed) 32858ms
@master/css-vite:test:    × shared imported CSS keeps two root module scopes, resources and HMR in static 9253ms
@master/css-vite:test:    ✓ shared imported CSS keeps two root module scopes, resources and HMR in runtime 9484ms
@master/css-vite:test:    ✓ shared imported CSS keeps two root module scopes, resources and HMR in pre-render 7296ms
@master/css-vite:test:    ✓ shared imported CSS keeps two root module scopes, resources and HMR in progressive 6823ms
@master/css-compiler:test: [success] index.html 6 classes inserted in 0.6ms 
@master/css-vite:test:  ✓ tests/plugins/bug-hunt-local-query-graphs.test.ts (16 tests) 35267ms
@master/css-vite:test:    ✓ local imported directives survive serve/?url/static 1216ms
@master/css-vite:test:    ✓ local imported directives survive serve/?url/runtime 1071ms
@master/css-vite:test:    ✓ local imported directives survive serve/?url/pre-render 2066ms
@master/css-vite:test:    ✓ local imported directives survive serve/?url/progressive 1720ms
@master/css-vite:test:    ✓ local imported directives survive serve/?theme=dark/static 3616ms
@master/css-vite:test:    ✓ local imported directives survive serve/?theme=dark/runtime 3751ms
@master/css-vite:test:    ✓ local imported directives survive serve/?theme=dark/pre-render 3822ms
@master/css-vite:test:    ✓ local imported directives survive serve/?theme=dark/progressive 2717ms
@master/css-vite:test:    ✓ local imported directives survive build/?url/static 1628ms
@master/css-vite:test:    ✓ local imported directives survive build/?url/runtime 2143ms
@master/css-vite:test:    ✓ local imported directives survive build/?url/pre-render 1855ms
@master/css-vite:test:    ✓ local imported directives survive build/?url/progressive 2265ms
@master/css-vite:test:    ✓ local imported directives survive build/?theme=dark/static 1561ms
@master/css-vite:test:    ✓ local imported directives survive build/?theme=dark/runtime 2063ms
@master/css-vite:test:    ✓ local imported directives survive build/?theme=dark/pre-render 2108ms
@master/css-vite:test:    ✓ local imported directives survive build/?theme=dark/progressive 1660ms
@master/css-compiler:test: [success] index.html 5 classes inserted in 0.4ms 
@master/css-vite:test:  ✓ tests/plugins/bug-hunt-sass-partial-references.test.ts (22 tests) 39091ms
@master/css-vite:test:    ✓ pure Vite maps a partial reference to its original scss file 457ms
@master/css-vite:test:    ✓ BH-0004 partial scss reference with none additionalData retains original owner in plain-root 2430ms
@master/css-vite:test:    ✓ BH-0004 partial scss reference with none additionalData retains original owner in module-root 1616ms
@master/css-vite:test:    ✓ BH-0004 partial scss reference with none additionalData retains original owner in retained-module 1724ms
@master/css-vite:test:    ✓ BH-0004 partial sass reference with none additionalData retains original owner in plain-root 2574ms
@master/css-vite:test:    ✓ BH-0004 partial sass reference with none additionalData retains original owner in module-root 2843ms
@master/css-vite:test:    ✓ BH-0004 partial sass reference with none additionalData retains original owner in retained-module 2777ms
@master/css-vite:test:    ✓ BH-0004 partial scss reference with string additionalData retains original owner in plain-root 3360ms
@master/css-vite:test:    ✓ BH-0004 partial scss reference with string additionalData retains original owner in module-root 2747ms
@master/css-vite:test:    ✓ BH-0004 partial scss reference with string additionalData retains original owner in retained-module 2201ms
@master/css-vite:test:    ✓ BH-0004 partial sass reference with string additionalData retains original owner in plain-root 1881ms
@master/css-vite:test:    ✓ BH-0004 partial sass reference with string additionalData retains original owner in module-root 1861ms
@master/css-vite:test:    ✓ BH-0004 partial sass reference with string additionalData retains original owner in retained-module 1987ms
@master/css-vite:test:    ✓ BH-0004 partial scss reference with mapped additionalData retains original owner in plain-root 1946ms
@master/css-vite:test:    ✓ BH-0004 partial scss reference with mapped additionalData retains original owner in module-root 1916ms
@master/css-vite:test:    ✓ BH-0004 partial scss reference with mapped additionalData retains original owner in retained-module 1832ms
@master/css-vite:test:    ✓ BH-0004 partial sass reference with mapped additionalData retains original owner in plain-root 1965ms
@master/css-vite:test:    ✓ BH-0004 partial sass reference with mapped additionalData retains original owner in module-root 1577ms
@master/css-vite:test:    ✓ BH-0004 partial sass reference with mapped additionalData retains original owner in retained-module 1336ms
@master/css-compiler:test: [success] index.html 6 classes inserted in 0.5ms 
@master/css-compiler:test:  ✓ tests/bug-hunt-reference-source-maps.test.ts (16 tests) 22667ms
@master/css-compiler:test:    ✓ BH-0004 relative maps preserve distinct partial references, child=false, transform 2042ms
@master/css-compiler:test:    ✓ BH-0004 relative maps preserve distinct partial references, child=false, collection 3357ms
@master/css-compiler:test:    ✓ BH-0004 relative maps preserve distinct partial references, child=true, transform 1208ms
@master/css-compiler:test:    ✓ BH-0004 relative maps preserve distinct partial references, child=true, collection 2460ms
@master/css-compiler:test:    ✓ BH-0004 source-root maps preserve distinct partial references, child=false, transform 1235ms
@master/css-compiler:test:    ✓ BH-0004 source-root maps preserve distinct partial references, child=false, collection 2212ms
@master/css-compiler:test:    ✓ BH-0004 source-root maps preserve distinct partial references, child=true, transform 1339ms
@master/css-compiler:test:    ✓ BH-0004 source-root maps preserve distinct partial references, child=true, collection 2447ms
@master/css-compiler:test:    ✓ BH-0004 file-url maps preserve distinct partial references, child=false, transform 1223ms
@master/css-compiler:test:    ✓ BH-0004 file-url maps preserve distinct partial references, child=false, collection 2427ms
@master/css-compiler:test:    ✓ BH-0004 file-url maps preserve distinct partial references, child=true, transform 845ms
@master/css-compiler:test:    ✓ BH-0004 file-url maps preserve distinct partial references, child=true, collection 1856ms
@master/css-compiler:test: [success] index.html 5 classes inserted in 0.4ms 
@master/css-vite:test:  ✓ tests/plugins/bug-hunt-module-sass-import-contexts.test.ts (32 tests) 99466ms
@master/css-vite:test:    ✓ equal Sass outputs retain root scope and resource owners in static / css / scss / expanded 5416ms
@master/css-vite:test:    ✓ equal Sass outputs retain root scope and resource owners in static / css / scss / compressed 5836ms
@master/css-vite:test:    ✓ equal Sass outputs retain root scope and resource owners in static / css / sass / expanded 4561ms
@master/css-vite:test:    ✓ equal Sass outputs retain root scope and resource owners in static / css / sass / compressed 4411ms
@master/css-vite:test:    ✓ equal Sass outputs retain root scope and resource owners in static / scss / scss / expanded 3841ms
@master/css-vite:test:    ✓ equal Sass outputs retain root scope and resource owners in static / scss / scss / compressed 3647ms
@master/css-vite:test:    ✓ equal Sass outputs retain root scope and resource owners in static / scss / sass / expanded 3544ms
@master/css-vite:test:    ✓ equal Sass outputs retain root scope and resource owners in static / scss / sass / compressed 3343ms
@master/css-vite:test:    ✓ equal Sass outputs retain root scope and resource owners in runtime / css / scss / expanded 2720ms
@master/css-vite:test:    ✓ equal Sass outputs retain root scope and resource owners in runtime / css / scss / compressed 2096ms
@master/css-vite:test:    ✓ equal Sass outputs retain root scope and resource owners in runtime / css / sass / expanded 1784ms
@master/css-vite:test:    ✓ equal Sass outputs retain root scope and resource owners in runtime / css / sass / compressed 1687ms
@master/css-vite:test:    ✓ equal Sass outputs retain root scope and resource owners in runtime / scss / scss / expanded 1818ms
@master/css-vite:test:    ✓ equal Sass outputs retain root scope and resource owners in runtime / scss / scss / compressed 1837ms
@master/css-vite:test:    ✓ equal Sass outputs retain root scope and resource owners in runtime / scss / sass / expanded 1782ms
@master/css-vite:test:    ✓ equal Sass outputs retain root scope and resource owners in runtime / scss / sass / compressed 1847ms
@master/css-vite:test:    ✓ equal Sass outputs retain root scope and resource owners in pre-render / css / scss / expanded 2331ms
@master/css-vite:test:    ✓ equal Sass outputs retain root scope and resource owners in pre-render / css / scss / compressed 2553ms
@master/css-vite:test:    ✓ equal Sass outputs retain root scope and resource owners in pre-render / css / sass / expanded 2661ms
@master/css-vite:test:    ✓ equal Sass outputs retain root scope and resource owners in pre-render / css / sass / compressed 3096ms
@master/css-vite:test:    ✓ equal Sass outputs retain root scope and resource owners in pre-render / scss / scss / expanded 2605ms
@master/css-vite:test:    ✓ equal Sass outputs retain root scope and resource owners in pre-render / scss / scss / compressed 2781ms
@master/css-vite:test:    ✓ equal Sass outputs retain root scope and resource owners in pre-render / scss / sass / expanded 3866ms
@master/css-vite:test:    ✓ equal Sass outputs retain root scope and resource owners in pre-render / scss / sass / compressed 4465ms
@master/css-vite:test:    ✓ equal Sass outputs retain root scope and resource owners in progressive / css / scss / expanded 4980ms
@master/css-vite:test:    ✓ equal Sass outputs retain root scope and resource owners in progressive / css / scss / compressed 3461ms
@master/css-vite:test:    ✓ equal Sass outputs retain root scope and resource owners in progressive / css / sass / expanded 2902ms
@master/css-vite:test:    ✓ equal Sass outputs retain root scope and resource owners in progressive / css / sass / compressed 3073ms
@master/css-vite:test:    ✓ equal Sass outputs retain root scope and resource owners in progressive / scss / scss / expanded 3034ms
@master/css-vite:test:    ✓ equal Sass outputs retain root scope and resource owners in progressive / scss / scss / compressed 2911ms
@master/css-vite:test:    ✓ equal Sass outputs retain root scope and resource owners in progressive / scss / sass / expanded 2489ms
@master/css-vite:test:    ✓ equal Sass outputs retain root scope and resource owners in progressive / scss / sass / compressed 2085ms
@master/css-vite:test:  ✓ tests/plugins/bug-hunt-reference-host-recovery.test.ts (26 tests) 99609ms
@master/css-vite:test:    ✓ BH-0004 dev reference recovery scss/plain-root/startup=false 5992ms
@master/css-vite:test:    ✓ BH-0004 dev reference recovery scss/plain-root/startup=true 6111ms
@master/css-vite:test:    ✓ BH-0004 dev reference recovery scss/module-root/startup=false 6840ms
@master/css-vite:test:    ✓ BH-0004 dev reference recovery scss/module-root/startup=true 4392ms
@master/css-vite:test:    ✓ BH-0004 dev reference recovery scss/retained-module/startup=false 5811ms
@master/css-vite:test:    ✓ BH-0004 dev reference recovery scss/retained-module/startup=true 3730ms
@master/css-vite:test:    ✓ BH-0004 dev reference recovery sass/plain-root/startup=false 4417ms
@master/css-vite:test:    ✓ BH-0004 dev reference recovery sass/plain-root/startup=true 2189ms
@master/css-vite:test:    ✓ BH-0004 dev reference recovery sass/module-root/startup=false 2815ms
@master/css-vite:test:    ✓ BH-0004 dev reference recovery sass/module-root/startup=true 2028ms
@master/css-vite:test:    ✓ BH-0004 dev reference recovery sass/retained-module/startup=false 2758ms
@master/css-vite:test:    ✓ BH-0004 dev reference recovery sass/retained-module/startup=true 2005ms
@master/css-vite:test:    ✓ BH-0004 build-watch reference recovery scss/plain-root/startup=false 3452ms
@master/css-vite:test:    ✓ BH-0004 build-watch reference recovery scss/plain-root/startup=true 2156ms
@master/css-vite:test:    ✓ BH-0004 build-watch reference recovery scss/module-root/startup=false 4097ms
@master/css-vite:test:    ✓ BH-0004 build-watch reference recovery scss/module-root/startup=true 2329ms
@master/css-vite:test:    ✓ BH-0004 build-watch reference recovery scss/retained-module/startup=false 3853ms
@master/css-vite:test:    ✓ BH-0004 build-watch reference recovery scss/retained-module/startup=true 3008ms
@master/css-vite:test:    ✓ BH-0004 build-watch reference recovery sass/plain-root/startup=false 8441ms
@master/css-vite:test:    ✓ BH-0004 build-watch reference recovery sass/plain-root/startup=true 3784ms
@master/css-vite:test:    ✓ BH-0004 build-watch reference recovery sass/module-root/startup=false 4761ms
@master/css-vite:test:    ✓ BH-0004 build-watch reference recovery sass/module-root/startup=true 2514ms
@master/css-vite:test:    ✓ BH-0004 build-watch reference recovery sass/retained-module/startup=false 4519ms
@master/css-vite:test:    ✓ BH-0004 build-watch reference recovery sass/retained-module/startup=true 2798ms
@master/css-vite:test:    ✓ BH-0004 external missing reference survives SSR close; check obsolete edges=false 2321ms
@master/css-vite:test:    ✓ BH-0004 external missing reference survives SSR close; check obsolete edges=true 2484ms
@master/css-compiler:test: [success] index.html 6 classes inserted in 0.5ms 
@master/css-compiler:test: [success] index.html 5 classes inserted in 0.5ms 
@master/css-compiler:test:  ✓ tests/stylesheet/browser.test.ts (7 tests) 25310ms
@master/css-compiler:test:    ✓ @master/css-compiler/stylesheet/browser (7)
@master/css-compiler:test:      ✓ renders class names with the compiled manifest 4022ms
@master/css-compiler:test:      ✓ uses one explicit compiler artifact for compilation and rendering 4331ms
@master/css-compiler:test:      ✓ preserves native CSS while rendering class names 3876ms
@master/css-compiler:test:      ✓ emits variables referenced by native CSS without class names 3786ms
@master/css-compiler:test:      ✓ emits generated keyframes referenced by native CSS 3790ms
@master/css-compiler:test:      ✓ does not duplicate generated keyframes defined by native CSS 3179ms
@master/css-compiler:test:      ✓ propagates directive warnings 2324ms
@master/css-compiler:test: [success] index.html 6 classes inserted in 0.5ms 
@master/css-vite:test:  ✓ tests/plugins/bug-hunt-dev-resource-paths.test.ts (14 tests) 23917ms
@master/css-vite:test:    ✓ development resource path mode=static name=pixel.svg 2048ms
@master/css-vite:test:    ✓ development resource path mode=static name=pixel space.svg 1596ms
@master/css-vite:test:    ✓ development resource path mode=static name=pixel#part.svg 1220ms
@master/css-vite:test:    ✓ development resource path mode=static name=pixel?query.svg 1212ms
@master/css-vite:test:    ✓ development resource path mode=static name=pixel%value.svg 1063ms
@master/css-vite:test:    ✓ development resource path mode=static name=圖像.svg 1189ms
@master/css-vite:test:    ✓ development resource path mode=static name=private.svg 1227ms
@master/css-vite:test:    ✓ development resource path mode=progressive name=pixel.svg 2574ms
@master/css-vite:test:    ✓ development resource path mode=progressive name=pixel space.svg 2510ms
@master/css-vite:test:    ✓ development resource path mode=progressive name=pixel#part.svg 2218ms
@master/css-vite:test:    ✓ development resource path mode=progressive name=pixel?query.svg 2309ms
@master/css-vite:test:    ✓ development resource path mode=progressive name=pixel%value.svg 1479ms
@master/css-vite:test:    ✓ development resource path mode=progressive name=圖像.svg 1733ms
@master/css-vite:test:    ✓ development resource path mode=progressive name=private.svg 1535ms
@master/css-next:test:  ✓ tests/static.test.ts (9 tests) 105883ms
@master/css-next:test:    ✓ Next static mode (9)
@master/css-next:test:      ✓ writes extracted CSS from source files including imported modules 13494ms
@master/css-next:test:      ✓ replaces @master/css imports for dev CSS chunks and preserves ordinary CSS 22861ms
@master/css-next:test:      ✓ prunes dev CSS chunks that import @master/css 13057ms
@master/css-next:test:      ✓ adds output and managed CSS entry files as CSS loader dependencies for dev updates 5353ms
@master/css-next:test:      ✓ ignores app stylesheets with @theme when they do not import @master/css 3508ms
@master/css-next:test:      ✓ lets the scanner loader feed an imported module into the scanner incrementally 8517ms
@master/css-next:test:      ✓ does not scan excluded node_modules modules from the static loader 11388ms
@master/css-next:test:      ✓ updates static CSS when Turbopack reruns the source loader 17061ms
@master/css-next:test:      ✓ updates static CSS when Turbopack reruns the CSS loader 10643ms
@master/css-next:test: 
@master/css-next:test:  Test Files  24 passed (24)
@master/css-next:test:       Tests  152 passed (152)
@master/css-next:test:    Start at  12:42:25
@master/css-next:test:    Duration  106.56s (tests 96%, import 2%, transform 2%)
@master/css-next:test: 
@master/css-compiler:test: [success] index.html 5 classes inserted in 0.4ms 
@master/css-compiler:test: [success] index.html 6 classes inserted in 0.5ms 
@master/css-compiler:test: [success] index.html 5 classes inserted in 0.5ms 
@master/css-vite:test:  ✓ tests/plugins/local-compose.test.ts (7 tests) 8035ms
@master/css-vite:test:    ✓ LocalComposePlugin (7)
@master/css-vite:test:      ✓ lowers @compose in CSS Modules without emitting a Master CSS slot 1567ms
@master/css-vite:test:      ✓ dedupes theme variables already emitted by global style entries 2255ms
@master/css-vite:test:      ✓ lowers @compose in SFC style requests 954ms
@master/css-vite:test:      ✓ lowers explicit @reference styles and watches the reference file 1240ms
@master/css-vite:test:      ✓ keeps local style dependencies registered after invalid @compose and recovers on the next run 998ms
@master/css-vite:test:      ✓ reloads local compose modules without forcing a full reload when project manifest dependencies change 927ms
@master/css-vite:test:  ✓ tests/plugins/bug-hunt-custom-environment-close.test.ts (6 tests) 10219ms
@master/css-vite:test:    ✓ BH-0004 remaining environments load fresh styles after closing edge (managed=false) 872ms
@master/css-vite:test:    ✓ BH-0004 remaining environments load fresh styles after closing edge (managed=true) 3630ms
@master/css-vite:test:    ✓ BH-0004 remaining environments load fresh styles after closing ssr (managed=true) 2763ms
@master/css-vite:test:    ✓ BH-0004 remaining environments load fresh styles after closing client (managed=true) 2613ms
@master/css-vite:test:  ✓ tests/plugins/bug-hunt-sass-diagnostics.test.ts (15 tests) 9068ms
@master/css-vite:test:    ✓ BH-0004 Sass diagnostic original partial and token: ./style.scss 1360ms
@master/css-vite:test:    ✓ BH-0004 Sass diagnostic original partial and token: ./style.scss?inline 569ms
@master/css-vite:test:    ✓ BH-0004 Sass diagnostic original partial and token: ./entry.css 628ms
@master/css-vite:test:    ✓ BH-0004 Sass diagnostic original partial and token: ./style.module.scss 762ms
@master/css-vite:test:    ✓ BH-0004 Sass diagnostic preserves original CRLF and UTF-16 positions 621ms
@master/css-vite:test:    ✓ BH-0004 Sass directive parse error points at the original directive 338ms
@master/css-vite:test:    ✓ BH-0004 Sass interpolation reports a mapped segment without inventing a token span 541ms
@master/css-vite:test:    ✓ BH-0004 plain CSS compiler diagnostics retain their original positions 626ms
@master/css-vite:test:    ✓ BH-0004 consumed directives before a Sass error do not shift its position 578ms
@master/css-vite:test:    ✓ BH-0004 indented Sass maps original partial diagnostics 468ms
@master/css-vite:test:    ✓ BH-0004 string additionalData preserves authored root positions 485ms
@master/css-vite:test:    ✓ BH-0004 unmapped additionalData keeps an explicit generated location: string 564ms
@master/css-vite:test:    ✓ BH-0004 unmapped additionalData keeps an explicit generated location: function 497ms
@master/css-vite:test:    ✓ BH-0004 additionalData callbacks can supply original source maps 505ms
@master/css-vite:test:    ✓ BH-0004 local Sass compose diagnostics also point to the original partial 523ms
@master/css-compiler:test:  ✓ tests/bug-hunt-delivery-output-modes.test.ts (17 tests) 27852ms
@master/css-compiler:test:    ✓ BH-0004 standalone output preserve=false/native=false/base=false/generated=false 2957ms
@master/css-compiler:test:    ✓ BH-0004 standalone output preserve=false/native=false/base=false/generated=true 2203ms
@master/css-compiler:test:    ✓ BH-0004 standalone output preserve=false/native=false/base=true/generated=false 1781ms
@master/css-compiler:test:    ✓ BH-0004 standalone output preserve=false/native=false/base=true/generated=true 1685ms
@master/css-compiler:test:    ✓ BH-0004 standalone output preserve=false/native=true/base=false/generated=false 1900ms
@master/css-compiler:test:    ✓ BH-0004 standalone output preserve=false/native=true/base=false/generated=true 1783ms
@master/css-compiler:test:    ✓ BH-0004 standalone output preserve=false/native=true/base=true/generated=false 1707ms
@master/css-compiler:test:    ✓ BH-0004 standalone output preserve=false/native=true/base=true/generated=true 1682ms
@master/css-compiler:test:    ✓ BH-0004 standalone output preserve=true/native=false/base=false/generated=false 1804ms
@master/css-compiler:test:    ✓ BH-0004 standalone output preserve=true/native=false/base=false/generated=true 1923ms
@master/css-compiler:test:    ✓ BH-0004 standalone output preserve=true/native=false/base=true/generated=false 1200ms
@master/css-compiler:test:    ✓ BH-0004 standalone output preserve=true/native=false/base=true/generated=true 1313ms
@master/css-compiler:test:    ✓ BH-0004 standalone output preserve=true/native=true/base=false/generated=false 1259ms
@master/css-compiler:test:    ✓ BH-0004 standalone output preserve=true/native=true/base=false/generated=true 1108ms
@master/css-compiler:test:    ✓ BH-0004 standalone output preserve=true/native=true/base=true/generated=false 911ms
@master/css-compiler:test:    ✓ BH-0004 standalone output preserve=true/native=true/base=true/generated=true 999ms
@master/css-compiler:test:    ✓ BH-0004 native/Wasm select native output without losing manifest definitions or local links 1634ms
@master/css-vite:test:  ✓ tests/plugins/bug-hunt-runtime-dev-base.test.ts (12 tests) 7951ms
@master/css-vite:test:    ✓ dev runtime is served with mode=runtime base=/ 673ms
@master/css-vite:test:    ✓ dev runtime is served with mode=runtime base=/base/ 514ms
@master/css-vite:test:    ✓ dev runtime is served with mode=runtime base=/deep/base/ 664ms
@master/css-vite:test:    ✓ dev runtime is served with mode=runtime base= 570ms
@master/css-vite:test:    ✓ dev runtime is served with mode=runtime base=./ 519ms
@master/css-vite:test:    ✓ dev runtime is served with mode=runtime base=https://cdn.example.test/base/ 470ms
@master/css-vite:test:    ✓ dev runtime is served with mode=progressive base=/ 964ms
@master/css-vite:test:    ✓ dev runtime is served with mode=progressive base=/base/ 665ms
@master/css-vite:test:    ✓ dev runtime is served with mode=progressive base=/deep/base/ 697ms
@master/css-vite:test:    ✓ dev runtime is served with mode=progressive base= 768ms
@master/css-vite:test:    ✓ dev runtime is served with mode=progressive base=./ 772ms
@master/css-vite:test:    ✓ dev runtime is served with mode=progressive base=https://cdn.example.test/base/ 672ms
@master/css-vite:test:  ✓ tests/plugins/bug-hunt-inline-stylesheet.test.ts (7 tests) 7852ms
@master/css-vite:test:    ✓ BH-0004 inline imports export completed CSS without automatic stylesheet injection 932ms
@master/css-vite:test:    ✓ BH-0004 changing inline CSS changes the JS hash and repeated output stays stable 2645ms
@master/css-vite:test:    ✓ BH-0004 retained external imports and resources publish beside the inline URL base 867ms
@master/css-vite:test:    ✓ BH-0004 URL delivery preserves opaque author strings containing the internal URL prefix 799ms
@master/css-vite:test:    ✓ BH-0004 fully inlined descendants are not emitted as unused CSS files 705ms
@master/css-vite:test:    ✓ BH-0004 a removed inline import does not publish plugin-owned assets 794ms
@master/css-vite:test:    ✓ BH-0004 unused inline assets are removed without deleting another string URL base 1108ms
@master/css-vite:test:  ✓ tests/plugins/bug-hunt-css-modules.test.ts (9 tests) 5960ms
@master/css-vite:test:    ✓ BH-0004 managed CSS Modules preserve named/default exports and global selectors 807ms
@master/css-vite:test:    ✓ BH-0004 managed CSS Modules keep cross-file composed exports and CSS 682ms
@master/css-vite:test:    ✓ BH-0004 css Modules retain referenced scoped CSS under default pruning 684ms
@master/css-vite:test:    ✓ BH-0004 scss Modules retain referenced scoped CSS under default pruning 811ms
@master/css-vite:test:    ✓ BH-0004 CSS Modules localsConvention applies to exported names 709ms
@master/css-vite:test:    ✓ BH-0004 disabling CSS Modules keeps the native CSS entry path 511ms
@master/css-vite:test:    ✓ BH-0004 managed CSS Modules inline requests keep the scoped stylesheet string 793ms
@master/css-vite:test:    ✓ BH-0004 CSS Modules compiler errors retain authored directive locations 487ms
@master/css-vite:test:    ✓ BH-0004 unattributed composed Module content does not invent an original filename 473ms
@master/css-vite:test:  ✓ tests/plugins/bug-hunt-sass-url-build.test.ts (18 tests) 7130ms
@master/css-vite:test:    ✓ Sass URL build retains stylesheet identity with plugin=false/static 426ms
@master/css-vite:test:    ✓ Sass URL build retains stylesheet identity with plugin=true/static 1140ms
@master/css-vite:test:    ✓ Sass URL build retains stylesheet identity with plugin=true/runtime 1436ms
@master/css-vite:test:    ✓ Sass URL build retains stylesheet identity with plugin=true/pre-render 1128ms
@master/css-vite:test:    ✓ Sass URL build retains stylesheet identity with plugin=true/progressive 1256ms
@master/css-vite:test:    ✓ Sass raw URL module retains authored source with plugin=true 483ms
@master/css-vite:test:  ✓ tests/plugins/bug-hunt-inline-built-urls.test.ts (6 tests) 7860ms
@master/css-vite:test:    ✓ BH-0004 es inline applies static URL hooks to JS and retained CSS 1071ms
@master/css-vite:test:    ✓ BH-0004 es inline applies runtime URL hooks to JS and retained CSS 1063ms
@master/css-vite:test:    ✓ BH-0004 cjs inline applies static URL hooks to JS and retained CSS 844ms
@master/css-vite:test:    ✓ BH-0004 cjs inline applies runtime URL hooks to JS and retained CSS 932ms
@master/css-vite:test:    ✓ BH-0004 changing the URL hook does not reuse a filename for different CSS bytes 2337ms
@master/css-vite:test:    ✓ BH-0004 relative-base server and client builds agree on retained CSS assets 1612ms
@master/css-vite:test:  ✓ tests/plugins/bug-hunt-environment-replacement.test.ts (8 tests) 8478ms
@master/css-vite:test:    ✓ BH-0004 idle replacement survives old environments closing (managed=false, perEnvironment=false) 412ms
@master/css-vite:test:    ✓ BH-0004 idle replacement survives old environments closing (managed=true, perEnvironment=false) 1645ms
@master/css-vite:test:    ✓ BH-0004 idle replacement survives old environments closing (managed=true, perEnvironment=true) 1388ms
@master/css-vite:test:    ✓ BH-0004 environment startup attaches HMR listeners once (perEnvironment=false) 1075ms
@master/css-vite:test:    ✓ BH-0004 environment startup attaches HMR listeners once (perEnvironment=true) 1045ms
@master/css-vite:test:    ✓ BH-0004 late server environment startup preserves client Sass dependencies (perEnvironment=false) 1350ms
@master/css-vite:test:    ✓ BH-0004 late server environment startup preserves client Sass dependencies (perEnvironment=true) 1430ms
@master/css-vite:test:  ✓ tests/plugins/bug-hunt-module-duplicate-inputs.test.ts (4 tests) 6834ms
@master/css-vite:test:    ✓ identical imported files retain module scope and distinct resource owners in static 1863ms
@master/css-vite:test:    ✓ identical imported files retain module scope and distinct resource owners in runtime 1431ms
@master/css-vite:test:    ✓ identical imported files retain module scope and distinct resource owners in pre-render 1815ms
@master/css-vite:test:    ✓ identical imported files retain module scope and distinct resource owners in progressive 1723ms
@master/css-vite:test:  ✓ tests/plugins/bug-hunt-dev-stylesheet-graphs.test.ts (4 tests) 5700ms
@master/css-vite:test:    ✓ BH-0004 dev delivers qualified child CSS and resources in static 1243ms
@master/css-vite:test:    ✓ BH-0004 dev delivers qualified child CSS and resources in runtime 987ms
@master/css-vite:test:    ✓ BH-0004 dev delivers qualified child CSS and resources in pre-render 1728ms
@master/css-vite:test:    ✓ BH-0004 dev delivers qualified child CSS and resources in progressive 1741ms
@master/css-vite:test:  ✓ tests/plugins/bug-hunt-dev-resource-recovery.test.ts (4 tests) 5976ms
@master/css-vite:test:    ✓ resource deletion and restoration recover development CSS in static 1369ms
@master/css-vite:test:    ✓ resource deletion and restoration recover development CSS in runtime 1117ms
@master/css-vite:test:    ✓ resource deletion and restoration recover development CSS in pre-render 1773ms
@master/css-vite:test:    ✓ resource deletion and restoration recover development CSS in progressive 1716ms
@master/css-vite:test: stdout | tests/plugins/bug-hunt-module-import-diagnostics.test.ts > imported Module diagnostics identify their real source css / css
@master/css-vite:test: {"rootExtension":"css","childExtension":"css","diagnostics":[{"version":2,"code":"invalid-compose-class","domain":"compiler","severity":"error","message":"Invalid @compose class: unknown-utility","source":"/private/tmp/master-css-sass-location-2BzwFW/nested/child.css","range":{"start":{"line":2,"character":11},"end":{"line":2,"character":26}}}],"loc":{"file":"/private/tmp/master-css-sass-location-2BzwFW/nested/child.css","line":3,"column":11}}
@master/css-vite:test: 
@master/css-compiler:test:  ✓ tests/bug-hunt-default-collection-graphs.test.ts (19 tests) 29372ms
@master/css-compiler:test:    ✓ BH-0004 default graph output preserve=false/native=false/base=false/generated=false 2736ms
@master/css-compiler:test:    ✓ BH-0004 default graph output preserve=false/native=false/base=false/generated=true 2389ms
@master/css-compiler:test:    ✓ BH-0004 default graph output preserve=false/native=false/base=true/generated=false 1721ms
@master/css-compiler:test:    ✓ BH-0004 default graph output preserve=false/native=false/base=true/generated=true 1914ms
@master/css-compiler:test:    ✓ BH-0004 default graph output preserve=false/native=true/base=false/generated=false 1722ms
@master/css-compiler:test:    ✓ BH-0004 default graph output preserve=false/native=true/base=false/generated=true 1807ms
@master/css-compiler:test:    ✓ BH-0004 default graph output preserve=false/native=true/base=true/generated=false 1749ms
@master/css-compiler:test:    ✓ BH-0004 default graph output preserve=false/native=true/base=true/generated=true 1769ms
@master/css-compiler:test:    ✓ BH-0004 default graph output preserve=true/native=false/base=false/generated=false 1669ms
@master/css-compiler:test:    ✓ BH-0004 default graph output preserve=true/native=false/base=false/generated=true 1920ms
@master/css-compiler:test:    ✓ BH-0004 default graph output preserve=true/native=false/base=true/generated=false 1330ms
@master/css-compiler:test:    ✓ BH-0004 default graph output preserve=true/native=false/base=true/generated=true 1322ms
@master/css-compiler:test:    ✓ BH-0004 default graph output preserve=true/native=true/base=false/generated=false 1237ms
@master/css-compiler:test:    ✓ BH-0004 default graph output preserve=true/native=true/base=false/generated=true 972ms
@master/css-compiler:test:    ✓ BH-0004 default graph output preserve=true/native=true/base=true/generated=false 1097ms
@master/css-compiler:test:    ✓ BH-0004 default graph output preserve=true/native=true/base=true/generated=true 1020ms
@master/css-compiler:test:    ✓ BH-0004 default graph composes separate entries with child-owned references and definitions 2132ms
@master/css-compiler:test:    ✓ BH-0004 default graph preserves unpruned native rules plain stylesheet 464ms
@master/css-compiler:test:    ✓ BH-0004 default graph preserves unpruned native rules @master entry;@preserve native; 395ms
@master/css-vite:test: stdout | tests/plugins/bug-hunt-imported-module-exports.test.ts > local Modules import exports match pure Vite with childModule=false
@master/css-vite:test: {"relation":"import","childModule":false,"results":[{"names":{"child":"style_module_css_child","local":"style_module_css_local"},"css":"@layer guard{\n.style_module_css_child{padding:2rem}}\n.style_module_css_local{display:inline-flex}"},{"names":{"child":"style_module_css_child","local":"style_module_css_local"},"css":"@layer guard{.style_module_css_child {\n  padding: 2rem;\n}}\n\n.style_module_css_local {\n  display: inline-flex;\n}"}]}
@master/css-vite:test: 
@master/css-vite:test: stdout | tests/plugins/bug-hunt-module-import-diagnostics.test.ts > imported Module diagnostics identify their real source css / scss
@master/css-vite:test: {"rootExtension":"css","childExtension":"scss","diagnostics":[{"version":2,"code":"invalid-compose-class","domain":"compiler","severity":"error","message":"Invalid @compose class: unknown-utility","source":"/private/tmp/master-css-sass-location-ABTrsw/nested/child.scss","range":{"start":{"line":3,"character":11},"end":{"line":3,"character":26}}}],"loc":{"file":"/private/tmp/master-css-sass-location-ABTrsw/nested/child.scss","line":4,"column":11}}
@master/css-vite:test: 
@master/css-vite:test:  ✓ tests/plugins/bug-hunt-prerender-manifest-hmr.test.ts (2 tests) 5288ms
@master/css-vite:test:    ✓ manifest HMR refreshes server-rendered rules in pre-render 2807ms
@master/css-vite:test:    ✓ manifest HMR refreshes server-rendered rules in progressive 2480ms
@master/css-vite:test:  ✓ tests/plugins/manifest-loader.test.ts (7 tests) 1897ms
@master/css-vite:test:    ✓ ManifestLoaderPlugin (7)
@master/css-vite:test:      ✓ resolves and loads per-file CSS manifests with ?master-css-manifest 346ms
@master/css-vite:test:      ✓ keeps per-file manifest dependencies registered after invalid CSS and recovers on the next run 460ms
@master/css-vite:test:      ✓ emits per-file CSS manifests through a universal facade in SSR production build 321ms
@master/css-vite:test: stdout | tests/plugins/bug-hunt-imported-module-exports.test.ts > local Modules import exports match pure Vite with childModule=true
@master/css-vite:test: {"relation":"import","childModule":true,"results":[{"names":{"child":"style_module_css_child","local":"style_module_css_local"},"css":"@layer guard{\n.style_module_css_child{padding:2rem}}\n.style_module_css_local{display:inline-flex}"},{"names":{"child":"style_module_css_child","local":"style_module_css_local"},"css":"@layer guard{.style_module_css_child {\n  padding: 2rem;\n}}\n\n.style_module_css_local {\n  display: inline-flex;\n}"}]}
@master/css-vite:test: 
@master/css-vite:test: stdout | tests/plugins/bug-hunt-module-import-diagnostics.test.ts > imported Module diagnostics identify their real source scss / css
@master/css-vite:test: {"rootExtension":"scss","childExtension":"css","diagnostics":[{"version":2,"code":"invalid-compose-class","domain":"compiler","severity":"error","message":"Invalid @compose class: unknown-utility","source":"/private/tmp/master-css-sass-location-8pHvtj/nested/child.css","range":{"start":{"line":2,"character":11},"end":{"line":2,"character":26}}}],"loc":{"file":"/private/tmp/master-css-sass-location-8pHvtj/nested/child.css","line":3,"column":11}}
@master/css-vite:test: 
@master/css-vite:test:  ✓ tests/plugins/bug-hunt-sass-proxy-direct.test.ts (19 tests) 107047ms
@master/css-vite:test:    ✓ internal scss CSS proxy serves direct requests in static at / 12548ms
@master/css-vite:test:    ✓ internal scss CSS proxy serves direct requests in static at /base/ 9657ms
@master/css-vite:test:    ✓ internal sass CSS proxy serves direct requests in static at / 8788ms
@master/css-vite:test:    ✓ internal sass CSS proxy serves direct requests in static at /base/ 7164ms
@master/css-vite:test:    ✓ internal scss CSS proxy serves direct requests in runtime at / 4038ms
@master/css-vite:test:    ✓ internal scss CSS proxy serves direct requests in runtime at /base/ 4265ms
@master/css-vite:test:    ✓ internal sass CSS proxy serves direct requests in runtime at / 4204ms
@master/css-vite:test:    ✓ internal sass CSS proxy serves direct requests in runtime at /base/ 5008ms
@master/css-vite:test:    ✓ internal scss CSS proxy serves direct requests in pre-render at / 6232ms
@master/css-vite:test:    ✓ internal scss CSS proxy serves direct requests in pre-render at /base/ 6142ms
@master/css-vite:test:    ✓ internal sass CSS proxy serves direct requests in pre-render at / 11043ms
@master/css-vite:test:    ✓ internal sass CSS proxy serves direct requests in pre-render at /base/ 7267ms
@master/css-vite:test:    ✓ internal scss CSS proxy serves direct requests in progressive at / 6525ms
@master/css-vite:test:    ✓ internal scss CSS proxy serves direct requests in progressive at /base/ 5819ms
@master/css-vite:test:    ✓ internal sass CSS proxy serves direct requests in progressive at / 3974ms
@master/css-vite:test:    ✓ internal sass CSS proxy serves direct requests in progressive at /base/ 3514ms
@master/css-vite:test:    ✓ proxy requests retain host file access policy: allowed 367ms
@master/css-vite:test:  ✓ tests/plugins/bug-hunt-sass-url-hmr.test.ts (2 tests) 1795ms
@master/css-vite:test:    ✓ BH-0004 Sass direct CSS HMR uses the served stylesheet URL under / 1018ms
@master/css-vite:test:    ✓ BH-0004 Sass direct CSS HMR uses the served stylesheet URL under /nested/ 776ms
@master/css-vite:test: stdout | tests/plugins/bug-hunt-module-import-diagnostics.test.ts > imported Module diagnostics identify their real source scss / scss
@master/css-vite:test: {"rootExtension":"scss","childExtension":"scss","diagnostics":[{"version":2,"code":"invalid-compose-class","domain":"compiler","severity":"error","message":"Invalid @compose class: unknown-utility","source":"/private/tmp/master-css-sass-location-UevEsv/nested/child.scss","range":{"start":{"line":3,"character":11},"end":{"line":3,"character":26}}}],"loc":{"file":"/private/tmp/master-css-sass-location-UevEsv/nested/child.scss","line":4,"column":11}}
@master/css-vite:test: 
@master/css-vite:test:  ✓ tests/plugins/bug-hunt-module-import-diagnostics.test.ts (4 tests) 1998ms
@master/css-vite:test:    ✓ imported Module diagnostics identify their real source css / css 560ms
@master/css-vite:test:    ✓ imported Module diagnostics identify their real source css / scss 607ms
@master/css-vite:test:    ✓ imported Module diagnostics identify their real source scss / css 428ms
@master/css-vite:test:    ✓ imported Module diagnostics identify their real source scss / scss 400ms
@master/css-vite:test: stdout | tests/plugins/bug-hunt-imported-module-exports.test.ts > local Modules composes exports match pure Vite with childModule=false
@master/css-vite:test: {"relation":"composes","childModule":false,"results":[{"names":{"local":"style_module_css_local child_css_child"},"css":".child_css_child{padding:2rem}\n.style_module_css_local{display:inline-flex}"},{"names":{"local":"style_module_css_local child_css_child"},"css":".child_css_child{padding:2rem}\n.style_module_css_local{display:inline-flex}"}]}
@master/css-vite:test: 
@master/css-vite:test:  ✓ tests/plugins/bug-hunt-module-development.test.ts (2 tests) 1266ms
@master/css-vite:test:    ✓ BH-0004 development css Modules preserve exports before native pruning 565ms
@master/css-vite:test:    ✓ BH-0004 development scss Modules preserve exports before native pruning 699ms
@master/css-compiler:test:  ✓ tests/bug-hunt-compiled-stylesheets.test.ts (22 tests) 32430ms
@master/css-compiler:test:    ✓ BH-0004 compiled stylesheet boundaries: external-first 432ms
@master/css-compiler:test:    ✓ BH-0004 compiled stylesheet boundaries: external-last 3257ms
@master/css-compiler:test:    ✓ BH-0004 compiled stylesheet boundaries: same-layer 2657ms
@master/css-compiler:test:    ✓ BH-0004 compiled stylesheet boundaries: different-layers 1834ms
@master/css-compiler:test:    ✓ BH-0004 compiled stylesheet boundaries: predeclared-layers 1798ms
@master/css-compiler:test:    ✓ BH-0004 compiled stylesheet boundaries: conditional-local 1928ms
@master/css-compiler:test:    ✓ BH-0004 compiled stylesheet boundaries: nested-plain 1900ms
@master/css-compiler:test:    ✓ BH-0004 compiled stylesheet boundaries: nested-named 1742ms
@master/css-compiler:test:    ✓ BH-0004 compiled stylesheet boundaries: nested-anonymous 1683ms
@master/css-compiler:test:    ✓ BH-0004 compiled stylesheet boundaries: nested-supports-media 1658ms
@master/css-compiler:test:    ✓ BH-0004 compiled stylesheet boundaries: external-last-important 2099ms
@master/css-compiler:test:    ✓ BH-0004 compiled stylesheet boundaries: different-layers-important 1234ms
@master/css-compiler:test:    ✓ BH-0004 compiled stylesheet boundaries: nested-shared-anonymous-important 1311ms
@master/css-compiler:test:    ✓ BH-0004 compiled stylesheet boundaries: repeated-anonymous 1119ms
@master/css-compiler:test:    ✓ BH-0004 compiled stylesheet boundaries: nested-negated-media 1094ms
@master/css-compiler:test:    ✓ BH-0004 compiled stylesheet boundaries: nested-media-lists 930ms
@master/css-compiler:test:    ✓ BH-0004 compiled stylesheet boundaries: false-supports-layer 967ms
@master/css-compiler:test:    ✓ BH-0004 compiled stylesheet boundaries: anonymous-before-named 1052ms
@master/css-compiler:test:    ✓ BH-0004 shared finalized manifest resolves child compose and revives extraction patterns 1048ms
@master/css-compiler:test:    ✓ BH-0004 graph compilation reports missing delivery URLs and disposed sessions 915ms
@master/css-compiler:test:    ✓ BH-0004 reference context is explicit and is not merged into the emitted manifest 829ms
@master/css-compiler:test:    ✓ BH-0004 native/Wasm agree on explicitly scoped sibling resource delivery 938ms
@master/css-compiler:test: 
@master/css-compiler:test:  Test Files  57 passed (57)
@master/css-compiler:test:       Tests  428 passed (428)
@master/css-compiler:test:    Start at  12:43:44
@master/css-compiler:test:    Duration  33.76s (tests 89%, transform 7%, import 3%)
@master/css-compiler:test: 
@master/css-vite:test:  ✓ tests/plugins/bug-hunt-inline-ssr.test.ts (4 tests) 2760ms
@master/css-vite:test:    ✓ BH-0004 es SSR inline uses public URLs and respects asset emission false 797ms
@master/css-vite:test:    ✓ BH-0004 es SSR inline uses public URLs and respects asset emission true 635ms
@master/css-vite:test:    ✓ BH-0004 cjs SSR inline uses public URLs and respects asset emission false 642ms
@master/css-vite:test:    ✓ BH-0004 cjs SSR inline uses public URLs and respects asset emission true 684ms
@master/css-vite:test:  ✓ tests/plugins/bug-hunt-sass-environment.test.ts (3 tests) 3230ms
@master/css-vite:test:    ✓ BH-0004 Sass updates invalidate SSR imports without sending browser CSS updates to the server channel 1558ms
@master/css-vite:test:    ✓ BH-0004 server restart discards stylesheet URLs served by the previous server 995ms
@master/css-vite:test:    ✓ BH-0004 HMR waits for pending stylesheet URL registration after the HTTP response 676ms
@master/css-vite:test:  ✓ tests/plugins/bug-hunt-dev-resource-lifecycle.test.ts (2 tests) 2712ms
@master/css-vite:test:    ✓ shared plugin roots retain resource delivery as another root or SSR environment closes 1806ms
@master/css-vite:test:    ✓ published CSS and resource versions remain readable after a new graph is composed 906ms
@master/css-vite:test:  ✓ tests/plugins/bug-hunt-middleware-restart.test.ts (2 tests) 1737ms
@master/css-vite:test:    ✓ BH-0004 middleware restart serves HTML and styles (managed=false) 378ms
@master/css-vite:test:    ✓ BH-0004 middleware restart serves HTML and styles (managed=true) 1358ms
@master/css-vite:test: stdout | tests/plugins/bug-hunt-imported-module-exports.test.ts > local Modules composes exports match pure Vite with childModule=true
@master/css-vite:test: {"relation":"composes","childModule":true,"results":[{"names":{"local":"style_module_css_local child_module_css_child"},"css":".child_module_css_child{padding:2rem}\n.style_module_css_local{display:inline-flex}"},{"names":{"local":"style_module_css_local child_module_css_child"},"css":".child_module_css_child{padding:2rem}\n.style_module_css_local{display:inline-flex}"}]}
@master/css-vite:test: 
@master/css-vite:test:  ✓ tests/plugins/bug-hunt-imported-module-exports.test.ts (4 tests) 2885ms
@master/css-vite:test:    ✓ local Modules import exports match pure Vite with childModule=false 1093ms
@master/css-vite:test:    ✓ local Modules import exports match pure Vite with childModule=true 816ms
@master/css-vite:test:    ✓ local Modules composes exports match pure Vite with childModule=false 471ms
@master/css-vite:test:    ✓ local Modules composes exports match pure Vite with childModule=true 503ms
@master/css-vite:test:  ✓ tests/plugins/bug-hunt-sass-source.test.ts (4 tests) 2932ms
@master/css-vite:test:    ✓ BH-0004 managed and plain Sass invoke additionalData once per source 1189ms
@master/css-vite:test:    ✓ BH-0004 Sass preserves qualified CSS imports and nested external import positions 639ms
@master/css-vite:test:    ✓ BH-0004 raw Sass bypasses stylesheet parsing and preprocessing 505ms
@master/css-vite:test:    ✓ BH-0004 managed Sass modules retain Vite scoped names and named/default exports 598ms
@master/css-vite:test:  ✓ tests/utils/bug-hunt-preprocessor-dependencies.test.ts (3 tests) 258ms
@master/css-vite:test:  ✓ tests/plugins/emitted-globals-virtual-module.test.ts (1 test) 348ms
@master/css-vite:test:    ✓ EmittedGlobalsVirtualModulePlugin (1)
@master/css-vite:test:      ✓ loads emittedGlobals counts from the managed CSS entry output 347ms
@master/css-vite:test:  ✓ tests/utils/bug-hunt-sass-missing-dependency.test.ts (1 test) 231ms
@master/css-vite:test:  ✓ tests/plugins/style-entry-hmr.test.ts (7 tests) 171ms
@master/css-vite:test:  ✓ tests/plugins/pre-render.test.ts (5 tests) 3776ms
@master/css-vite:test:    ✓ PreRenderPlugin (5)
@master/css-vite:test:      ✓ renders HTML classes with the managed CSS manifest entry 825ms
@master/css-vite:test:      ✓ disposes production renderers after successful builds 689ms
@master/css-vite:test:      ✓ disposes production renderers after failed builds 601ms
@master/css-vite:test:      ✓ reloads CSS entry dependencies for pre-rendered HTML 1243ms
@master/css-vite:test:      ✓ does not duplicate globals already emitted by managed CSS entries 417ms
@master/css-vite:test:  ✓ tests/plugins/bug-hunt-hmr-server-lifecycle.test.ts (1 test) 54ms
@master/css-vite:test:  ✓ tests/plugins/bug-hunt-shared-plugin-roots.test.ts (2 tests) 4832ms
@master/css-vite:test:    ✓ BH-0004 concurrent roots isolate styles when sharing plugins=false 2689ms
@master/css-vite:test:    ✓ BH-0004 concurrent roots isolate styles when sharing plugins=true 2142ms
@master/css-vite:test:  ✓ tests/utils/bug-hunt-dev-resource-snapshots.test.ts (2 tests) 9ms
@master/css-vite:test:  ✓ tests/utils/bug-hunt-sass-import-preparation.test.ts (1 test) 196ms
@master/css-vite:test:  ✓ tests/modes/scanner.test.ts (8 tests) 8ms
@master/css-vite:test:  ✓ tests/plugins/style-entry-build.test.ts (9 tests) 82ms
@master/css-vite:test:  ✓ tests/utils/bug-hunt-scanner-lifecycle.test.ts (4 tests) 6ms
@master/css-vite:test:  ✓ tests/utils/bug-hunt-local-slot-numbers.test.ts (1 test) 1120ms
@master/css-vite:test:    ✓ local entry survives CSS optimization when its hash begins with an exponent 1119ms
@master/css-vite:test:  ✓ tests/plugins/manifest-virtual-module.test.ts (7 tests) 1042ms
@master/css-vite:test:  ✓ tests/plugins/avoid-fouc.test.ts (8 tests) 5ms
@master/css-vite:test:  ✓ tests/plugins/runtime-preload.test.ts (5 tests) 3ms
@master/css-vite:test:  ✓ tests/plugins/inject-runtime.test.ts (4 tests) 766ms
@master/css-vite:test:    ✓ InjectRuntimePlugin (4)
@master/css-vite:test:      ✓ bundles the injected runtime module in production builds 763ms
@master/css-vite:test:  ✓ tests/plugins/manifest-preload.test.ts (4 tests) 3ms
@master/css-vite:test:  ✓ tests/core.test.ts (7 tests) 6ms
@master/css-vite:test:  ✓ tests/bug-hunt-final-css-hash.test.ts (4 tests) 3ms
@master/css-vite:test:  ✓ tests/utils/bug-hunt-local-build-order.test.ts (2 tests) 1025ms
@master/css-vite:test:    ✓ Vite CSS optimization cannot merge two local entry placeholders 1003ms
@master/css-vite:test:  ✓ tests/plugins/bug-hunt-startup-dependencies.test.ts (28 tests) 118619ms
@master/css-vite:test:    ✓ BH-0004 startup reference-directory recovers local in static 5786ms
@master/css-vite:test:    ✓ BH-0004 startup resource-file recovers local in static 3277ms
@master/css-vite:test:    ✓ BH-0004 startup resource-directory recovers local in static 2646ms
@master/css-vite:test:    ✓ BH-0004 startup reference-directory recovers entry in static 8419ms
@master/css-vite:test:    ✓ BH-0004 startup resource-file recovers entry in static 7358ms
@master/css-vite:test:    ✓ BH-0004 startup resource-directory recovers entry in static 6406ms
@master/css-vite:test:    ✓ BH-0004 startup reference-directory recovers local in runtime 1748ms
@master/css-vite:test:    ✓ BH-0004 startup resource-file recovers local in runtime 1614ms
@master/css-vite:test:    ✓ BH-0004 startup resource-directory recovers local in runtime 2274ms
@master/css-vite:test:    ✓ BH-0004 startup reference-directory recovers entry in runtime 3488ms
@master/css-vite:test:    ✓ BH-0004 startup resource-file recovers entry in runtime 3437ms
@master/css-vite:test:    ✓ BH-0004 startup resource-directory recovers entry in runtime 3471ms
@master/css-vite:test:    ✓ BH-0004 startup reference-directory recovers local in pre-render 2739ms
@master/css-vite:test:    ✓ BH-0004 startup resource-file recovers local in pre-render 2886ms
@master/css-vite:test:    ✓ BH-0004 startup resource-directory recovers local in pre-render 3180ms
@master/css-vite:test:    ✓ BH-0004 startup reference-directory recovers entry in pre-render 8757ms
@master/css-vite:test:    ✓ BH-0004 startup resource-file recovers entry in pre-render 15680ms
@master/css-vite:test:    ✓ BH-0004 startup resource-directory recovers entry in pre-render 10643ms
@master/css-vite:test:    ✓ BH-0004 startup reference-directory recovers local in progressive 2972ms
@master/css-vite:test:    ✓ BH-0004 startup resource-file recovers local in progressive 1554ms
@master/css-vite:test:    ✓ BH-0004 startup resource-directory recovers local in progressive 2210ms
@master/css-vite:test:    ✓ BH-0004 startup reference-directory recovers entry in progressive 4878ms
@master/css-vite:test:    ✓ BH-0004 startup resource-file recovers entry in progressive 4236ms
@master/css-vite:test:    ✓ BH-0004 startup resource-directory recovers entry in progressive 3219ms
@master/css-vite:test:    ✓ BH-0004 failed servers recover independently with shared plugins=false 1145ms
@master/css-vite:test:    ✓ BH-0004 failed servers recover independently with shared plugins=true 1130ms
@master/css-vite:test:    ✓ BH-0004 resource-failing servers recover independently with shared plugins=false 1720ms
@master/css-vite:test:    ✓ BH-0004 resource-failing servers recover independently with shared plugins=true 1738ms
@master/css-vite:test: 
@master/css-vite:test: ⎯⎯⎯⎯⎯⎯ Failed Tests 26 ⎯⎯⎯⎯⎯⎯⎯
@master/css-vite:test: 
@master/css-vite:test:  FAIL  tests/plugins/bug-hunt-build-config-recovery.test.ts > failed config-sync releases unstarted recovery material (static)
@master/css-vite:test: AssertionError: expected [ Array(1) ] to deeply equal []
@master/css-vite:test: 
@master/css-vite:test: - Expected
@master/css-vite:test: + Received
@master/css-vite:test: 
@master/css-vite:test: - []
@master/css-vite:test: + [
@master/css-vite:test: +   "master-css-watch-LTE4OW/invalidate",
@master/css-vite:test: + ]
@master/css-vite:test: 
@master/css-vite:test:  ❯ tests/plugins/bug-hunt-build-config-recovery.test.ts:28:33
@master/css-vite:test:      26|           }
@master/css-vite:test:      27|         })).rejects.toThrow(error.message)
@master/css-vite:test:      28|         expect(files(cacheDir)).toEqual([])
@master/css-vite:test:        |                                 ^
@master/css-vite:test:      29|       } finally { rmSync(root, { recursive: true, force: true }) }
@master/css-vite:test:      30|     })
@master/css-vite:test: 
@master/css-vite:test: ⎯⎯⎯⎯⎯⎯⎯⎯⎯⎯⎯⎯⎯⎯⎯⎯⎯⎯⎯⎯⎯⎯⎯[1/26]⎯
@master/css-vite:test: 
@master/css-vite:test:  FAIL  tests/plugins/bug-hunt-build-config-recovery.test.ts > failed config-async releases unstarted recovery material (static)
@master/css-vite:test: AssertionError: expected [ Array(1) ] to deeply equal []
@master/css-vite:test: 
@master/css-vite:test: - Expected
@master/css-vite:test: + Received
@master/css-vite:test: 
@master/css-vite:test: - []
@master/css-vite:test: + [
@master/css-vite:test: +   "master-css-watch-T6dEqc/invalidate",
@master/css-vite:test: + ]
@master/css-vite:test: 
@master/css-vite:test:  ❯ tests/plugins/bug-hunt-build-config-recovery.test.ts:28:33
@master/css-vite:test:      26|           }
@master/css-vite:test:      27|         })).rejects.toThrow(error.message)
@master/css-vite:test:      28|         expect(files(cacheDir)).toEqual([])
@master/css-vite:test:        |                                 ^
@master/css-vite:test:      29|       } finally { rmSync(root, { recursive: true, force: true }) }
@master/css-vite:test:      30|     })
@master/css-vite:test: 
@master/css-vite:test: ⎯⎯⎯⎯⎯⎯⎯⎯⎯⎯⎯⎯⎯⎯⎯⎯⎯⎯⎯⎯⎯⎯⎯[2/26]⎯
@master/css-vite:test: 
@master/css-vite:test:  FAIL  tests/plugins/bug-hunt-build-config-recovery.test.ts > failed factory releases unstarted recovery material (static)
@master/css-vite:test: AssertionError: expected [ Array(1) ] to deeply equal []
@master/css-vite:test: 
@master/css-vite:test: - Expected
@master/css-vite:test: + Received
@master/css-vite:test: 
@master/css-vite:test: - []
@master/css-vite:test: + [
@master/css-vite:test: +   "master-css-watch-SblfPU/invalidate",
@master/css-vite:test: + ]
@master/css-vite:test: 
@master/css-vite:test:  ❯ tests/plugins/bug-hunt-build-config-recovery.test.ts:28:33
@master/css-vite:test:      26|           }
@master/css-vite:test:      27|         })).rejects.toThrow(error.message)
@master/css-vite:test:      28|         expect(files(cacheDir)).toEqual([])
@master/css-vite:test:        |                                 ^
@master/css-vite:test:      29|       } finally { rmSync(root, { recursive: true, force: true }) }
@master/css-vite:test:      30|     })
@master/css-vite:test: 
@master/css-vite:test: ⎯⎯⎯⎯⎯⎯⎯⎯⎯⎯⎯⎯⎯⎯⎯⎯⎯⎯⎯⎯⎯⎯⎯[3/26]⎯
@master/css-vite:test: 
@master/css-vite:test:  FAIL  tests/plugins/bug-hunt-build-config-recovery.test.ts > failed environment-init releases unstarted recovery material (static)
@master/css-vite:test: AssertionError: expected [ Array(1) ] to deeply equal []
@master/css-vite:test: 
@master/css-vite:test: - Expected
@master/css-vite:test: + Received
@master/css-vite:test: 
@master/css-vite:test: - []
@master/css-vite:test: + [
@master/css-vite:test: +   "master-css-watch-5aO3ht/invalidate",
@master/css-vite:test: + ]
@master/css-vite:test: 
@master/css-vite:test:  ❯ tests/plugins/bug-hunt-build-config-recovery.test.ts:28:33
@master/css-vite:test:      26|           }
@master/css-vite:test:      27|         })).rejects.toThrow(error.message)
@master/css-vite:test:      28|         expect(files(cacheDir)).toEqual([])
@master/css-vite:test:        |                                 ^
@master/css-vite:test:      29|       } finally { rmSync(root, { recursive: true, force: true }) }
@master/css-vite:test:      30|     })
@master/css-vite:test: 
@master/css-vite:test: ⎯⎯⎯⎯⎯⎯⎯⎯⎯⎯⎯⎯⎯⎯⎯⎯⎯⎯⎯⎯⎯⎯⎯[4/26]⎯
@master/css-vite:test: 
@master/css-vite:test:  FAIL  tests/plugins/bug-hunt-build-config-recovery.test.ts > failed config-sync releases unstarted recovery material (runtime)
@master/css-vite:test: AssertionError: expected [ Array(1) ] to deeply equal []
@master/css-vite:test: 
@master/css-vite:test: - Expected
@master/css-vite:test: + Received
@master/css-vite:test: 
@master/css-vite:test: - []
@master/css-vite:test: + [
@master/css-vite:test: +   "master-css-watch-vbLOzM/invalidate",
@master/css-vite:test: + ]
@master/css-vite:test: 
@master/css-vite:test:  ❯ tests/plugins/bug-hunt-build-config-recovery.test.ts:28:33
@master/css-vite:test:      26|           }
@master/css-vite:test:      27|         })).rejects.toThrow(error.message)
@master/css-vite:test:      28|         expect(files(cacheDir)).toEqual([])
@master/css-vite:test:        |                                 ^
@master/css-vite:test:      29|       } finally { rmSync(root, { recursive: true, force: true }) }
@master/css-vite:test:      30|     })
@master/css-vite:test: 
@master/css-vite:test: ⎯⎯⎯⎯⎯⎯⎯⎯⎯⎯⎯⎯⎯⎯⎯⎯⎯⎯⎯⎯⎯⎯⎯[5/26]⎯
@master/css-vite:test: 
@master/css-vite:test:  FAIL  tests/plugins/bug-hunt-build-config-recovery.test.ts > failed config-async releases unstarted recovery material (runtime)
@master/css-vite:test: AssertionError: expected [ Array(1) ] to deeply equal []
@master/css-vite:test: 
@master/css-vite:test: - Expected
@master/css-vite:test: + Received
@master/css-vite:test: 
@master/css-vite:test: - []
@master/css-vite:test: + [
@master/css-vite:test: +   "master-css-watch-l8JMlV/invalidate",
@master/css-vite:test: + ]
@master/css-vite:test: 
@master/css-vite:test:  ❯ tests/plugins/bug-hunt-build-config-recovery.test.ts:28:33
@master/css-vite:test:      26|           }
@master/css-vite:test:      27|         })).rejects.toThrow(error.message)
@master/css-vite:test:      28|         expect(files(cacheDir)).toEqual([])
@master/css-vite:test:        |                                 ^
@master/css-vite:test:      29|       } finally { rmSync(root, { recursive: true, force: true }) }
@master/css-vite:test:      30|     })
@master/css-vite:test: 
@master/css-vite:test: ⎯⎯⎯⎯⎯⎯⎯⎯⎯⎯⎯⎯⎯⎯⎯⎯⎯⎯⎯⎯⎯⎯⎯[6/26]⎯
@master/css-vite:test: 
@master/css-vite:test:  FAIL  tests/plugins/bug-hunt-build-config-recovery.test.ts > failed factory releases unstarted recovery material (runtime)
@master/css-vite:test: AssertionError: expected [ Array(1) ] to deeply equal []
@master/css-vite:test: 
@master/css-vite:test: - Expected
@master/css-vite:test: + Received
@master/css-vite:test: 
@master/css-vite:test: - []
@master/css-vite:test: + [
@master/css-vite:test: +   "master-css-watch-YUBJeq/invalidate",
@master/css-vite:test: + ]
@master/css-vite:test: 
@master/css-vite:test:  ❯ tests/plugins/bug-hunt-build-config-recovery.test.ts:28:33
@master/css-vite:test:      26|           }
@master/css-vite:test:      27|         })).rejects.toThrow(error.message)
@master/css-vite:test:      28|         expect(files(cacheDir)).toEqual([])
@master/css-vite:test:        |                                 ^
@master/css-vite:test:      29|       } finally { rmSync(root, { recursive: true, force: true }) }
@master/css-vite:test:      30|     })
@master/css-vite:test: 
@master/css-vite:test: ⎯⎯⎯⎯⎯⎯⎯⎯⎯⎯⎯⎯⎯⎯⎯⎯⎯⎯⎯⎯⎯⎯⎯[7/26]⎯
@master/css-vite:test: 
@master/css-vite:test:  FAIL  tests/plugins/bug-hunt-build-config-recovery.test.ts > failed environment-init releases unstarted recovery material (runtime)
@master/css-vite:test: AssertionError: expected [ Array(1) ] to deeply equal []
@master/css-vite:test: 
@master/css-vite:test: - Expected
@master/css-vite:test: + Received
@master/css-vite:test: 
@master/css-vite:test: - []
@master/css-vite:test: + [
@master/css-vite:test: +   "master-css-watch-tzFuwk/invalidate",
@master/css-vite:test: + ]
@master/css-vite:test: 
@master/css-vite:test:  ❯ tests/plugins/bug-hunt-build-config-recovery.test.ts:28:33
@master/css-vite:test:      26|           }
@master/css-vite:test:      27|         })).rejects.toThrow(error.message)
@master/css-vite:test:      28|         expect(files(cacheDir)).toEqual([])
@master/css-vite:test:        |                                 ^
@master/css-vite:test:      29|       } finally { rmSync(root, { recursive: true, force: true }) }
@master/css-vite:test:      30|     })
@master/css-vite:test: 
@master/css-vite:test: ⎯⎯⎯⎯⎯⎯⎯⎯⎯⎯⎯⎯⎯⎯⎯⎯⎯⎯⎯⎯⎯⎯⎯[8/26]⎯
@master/css-vite:test: 
@master/css-vite:test:  FAIL  tests/plugins/bug-hunt-build-config-recovery.test.ts > failed config-sync releases unstarted recovery material (pre-render)
@master/css-vite:test: AssertionError: expected [ Array(1) ] to deeply equal []
@master/css-vite:test: 
@master/css-vite:test: - Expected
@master/css-vite:test: + Received
@master/css-vite:test: 
@master/css-vite:test: - []
@master/css-vite:test: + [
@master/css-vite:test: +   "master-css-watch-hBeyN3/invalidate",
@master/css-vite:test: + ]
@master/css-vite:test: 
@master/css-vite:test:  ❯ tests/plugins/bug-hunt-build-config-recovery.test.ts:28:33
@master/css-vite:test:      26|           }
@master/css-vite:test:      27|         })).rejects.toThrow(error.message)
@master/css-vite:test:      28|         expect(files(cacheDir)).toEqual([])
@master/css-vite:test:        |                                 ^
@master/css-vite:test:      29|       } finally { rmSync(root, { recursive: true, force: true }) }
@master/css-vite:test:      30|     })
@master/css-vite:test: 
@master/css-vite:test: ⎯⎯⎯⎯⎯⎯⎯⎯⎯⎯⎯⎯⎯⎯⎯⎯⎯⎯⎯⎯⎯⎯⎯[9/26]⎯
@master/css-vite:test: 
@master/css-vite:test:  FAIL  tests/plugins/bug-hunt-build-config-recovery.test.ts > failed config-async releases unstarted recovery material (pre-render)
@master/css-vite:test: AssertionError: expected [ Array(1) ] to deeply equal []
@master/css-vite:test: 
@master/css-vite:test: - Expected
@master/css-vite:test: + Received
@master/css-vite:test: 
@master/css-vite:test: - []
@master/css-vite:test: + [
@master/css-vite:test: +   "master-css-watch-tjAern/invalidate",
@master/css-vite:test: + ]
@master/css-vite:test: 
@master/css-vite:test:  ❯ tests/plugins/bug-hunt-build-config-recovery.test.ts:28:33
@master/css-vite:test:      26|           }
@master/css-vite:test:      27|         })).rejects.toThrow(error.message)
@master/css-vite:test:      28|         expect(files(cacheDir)).toEqual([])
@master/css-vite:test:        |                                 ^
@master/css-vite:test:      29|       } finally { rmSync(root, { recursive: true, force: true }) }
@master/css-vite:test:      30|     })
@master/css-vite:test: 
@master/css-vite:test: ⎯⎯⎯⎯⎯⎯⎯⎯⎯⎯⎯⎯⎯⎯⎯⎯⎯⎯⎯⎯⎯⎯[10/26]⎯
@master/css-vite:test: 
@master/css-vite:test:  FAIL  tests/plugins/bug-hunt-build-config-recovery.test.ts > failed factory releases unstarted recovery material (pre-render)
@master/css-vite:test: AssertionError: expected [ Array(1) ] to deeply equal []
@master/css-vite:test: 
@master/css-vite:test: - Expected
@master/css-vite:test: + Received
@master/css-vite:test: 
@master/css-vite:test: - []
@master/css-vite:test: + [
@master/css-vite:test: +   "master-css-watch-gCv8US/invalidate",
@master/css-vite:test: + ]
@master/css-vite:test: 
@master/css-vite:test:  ❯ tests/plugins/bug-hunt-build-config-recovery.test.ts:28:33
@master/css-vite:test:      26|           }
@master/css-vite:test:      27|         })).rejects.toThrow(error.message)
@master/css-vite:test:      28|         expect(files(cacheDir)).toEqual([])
@master/css-vite:test:        |                                 ^
@master/css-vite:test:      29|       } finally { rmSync(root, { recursive: true, force: true }) }
@master/css-vite:test:      30|     })
@master/css-vite:test: 
@master/css-vite:test: ⎯⎯⎯⎯⎯⎯⎯⎯⎯⎯⎯⎯⎯⎯⎯⎯⎯⎯⎯⎯⎯⎯[11/26]⎯
@master/css-vite:test: 
@master/css-vite:test:  FAIL  tests/plugins/bug-hunt-build-config-recovery.test.ts > failed environment-init releases unstarted recovery material (pre-render)
@master/css-vite:test: AssertionError: expected [ Array(1) ] to deeply equal []
@master/css-vite:test: 
@master/css-vite:test: - Expected
@master/css-vite:test: + Received
@master/css-vite:test: 
@master/css-vite:test: - []
@master/css-vite:test: + [
@master/css-vite:test: +   "master-css-watch-UwMMGT/invalidate",
@master/css-vite:test: + ]
@master/css-vite:test: 
@master/css-vite:test:  ❯ tests/plugins/bug-hunt-build-config-recovery.test.ts:28:33
@master/css-vite:test:      26|           }
@master/css-vite:test:      27|         })).rejects.toThrow(error.message)
@master/css-vite:test:      28|         expect(files(cacheDir)).toEqual([])
@master/css-vite:test:        |                                 ^
@master/css-vite:test:      29|       } finally { rmSync(root, { recursive: true, force: true }) }
@master/css-vite:test:      30|     })
@master/css-vite:test: 
@master/css-vite:test: ⎯⎯⎯⎯⎯⎯⎯⎯⎯⎯⎯⎯⎯⎯⎯⎯⎯⎯⎯⎯⎯⎯[12/26]⎯
@master/css-vite:test: 
@master/css-vite:test:  FAIL  tests/plugins/bug-hunt-build-config-recovery.test.ts > failed config-sync releases unstarted recovery material (progressive)
@master/css-vite:test: AssertionError: expected [ Array(1) ] to deeply equal []
@master/css-vite:test: 
@master/css-vite:test: - Expected
@master/css-vite:test: + Received
@master/css-vite:test: 
@master/css-vite:test: - []
@master/css-vite:test: + [
@master/css-vite:test: +   "master-css-watch-PRp92c/invalidate",
@master/css-vite:test: + ]
@master/css-vite:test: 
@master/css-vite:test:  ❯ tests/plugins/bug-hunt-build-config-recovery.test.ts:28:33
@master/css-vite:test:      26|           }
@master/css-vite:test:      27|         })).rejects.toThrow(error.message)
@master/css-vite:test:      28|         expect(files(cacheDir)).toEqual([])
@master/css-vite:test:        |                                 ^
@master/css-vite:test:      29|       } finally { rmSync(root, { recursive: true, force: true }) }
@master/css-vite:test:      30|     })
@master/css-vite:test: 
@master/css-vite:test: ⎯⎯⎯⎯⎯⎯⎯⎯⎯⎯⎯⎯⎯⎯⎯⎯⎯⎯⎯⎯⎯⎯[13/26]⎯
@master/css-vite:test: 
@master/css-vite:test:  FAIL  tests/plugins/bug-hunt-build-config-recovery.test.ts > failed config-async releases unstarted recovery material (progressive)
@master/css-vite:test: AssertionError: expected [ Array(1) ] to deeply equal []
@master/css-vite:test: 
@master/css-vite:test: - Expected
@master/css-vite:test: + Received
@master/css-vite:test: 
@master/css-vite:test: - []
@master/css-vite:test: + [
@master/css-vite:test: +   "master-css-watch-q2zzJc/invalidate",
@master/css-vite:test: + ]
@master/css-vite:test: 
@master/css-vite:test:  ❯ tests/plugins/bug-hunt-build-config-recovery.test.ts:28:33
@master/css-vite:test:      26|           }
@master/css-vite:test:      27|         })).rejects.toThrow(error.message)
@master/css-vite:test:      28|         expect(files(cacheDir)).toEqual([])
@master/css-vite:test:        |                                 ^
@master/css-vite:test:      29|       } finally { rmSync(root, { recursive: true, force: true }) }
@master/css-vite:test:      30|     })
@master/css-vite:test: 
@master/css-vite:test: ⎯⎯⎯⎯⎯⎯⎯⎯⎯⎯⎯⎯⎯⎯⎯⎯⎯⎯⎯⎯⎯⎯[14/26]⎯
@master/css-vite:test: 
@master/css-vite:test:  FAIL  tests/plugins/bug-hunt-build-config-recovery.test.ts > failed factory releases unstarted recovery material (progressive)
@master/css-vite:test: AssertionError: expected [ Array(1) ] to deeply equal []
@master/css-vite:test: 
@master/css-vite:test: - Expected
@master/css-vite:test: + Received
@master/css-vite:test: 
@master/css-vite:test: - []
@master/css-vite:test: + [
@master/css-vite:test: +   "master-css-watch-iJSTW0/invalidate",
@master/css-vite:test: + ]
@master/css-vite:test: 
@master/css-vite:test:  ❯ tests/plugins/bug-hunt-build-config-recovery.test.ts:28:33
@master/css-vite:test:      26|           }
@master/css-vite:test:      27|         })).rejects.toThrow(error.message)
@master/css-vite:test:      28|         expect(files(cacheDir)).toEqual([])
@master/css-vite:test:        |                                 ^
@master/css-vite:test:      29|       } finally { rmSync(root, { recursive: true, force: true }) }
@master/css-vite:test:      30|     })
@master/css-vite:test: 
@master/css-vite:test: ⎯⎯⎯⎯⎯⎯⎯⎯⎯⎯⎯⎯⎯⎯⎯⎯⎯⎯⎯⎯⎯⎯[15/26]⎯
@master/css-vite:test: 
@master/css-vite:test:  FAIL  tests/plugins/bug-hunt-build-config-recovery.test.ts > failed environment-init releases unstarted recovery material (progressive)
@master/css-vite:test: AssertionError: expected [ Array(1) ] to deeply equal []
@master/css-vite:test: 
@master/css-vite:test: - Expected
@master/css-vite:test: + Received
@master/css-vite:test: 
@master/css-vite:test: - []
@master/css-vite:test: + [
@master/css-vite:test: +   "master-css-watch-3nadUc/invalidate",
@master/css-vite:test: + ]
@master/css-vite:test: 
@master/css-vite:test:  ❯ tests/plugins/bug-hunt-build-config-recovery.test.ts:28:33
@master/css-vite:test:      26|           }
@master/css-vite:test:      27|         })).rejects.toThrow(error.message)
@master/css-vite:test:      28|         expect(files(cacheDir)).toEqual([])
@master/css-vite:test:        |                                 ^
@master/css-vite:test:      29|       } finally { rmSync(root, { recursive: true, force: true }) }
@master/css-vite:test:      30|     })
@master/css-vite:test: 
@master/css-vite:test: ⎯⎯⎯⎯⎯⎯⎯⎯⎯⎯⎯⎯⎯⎯⎯⎯⎯⎯⎯⎯⎯⎯[16/26]⎯
@master/css-vite:test: 
@master/css-vite:test:  FAIL  tests/plugins/bug-hunt-build-config-recovery.test.ts > configuration releases unstarted environments when a peer factory fails (shared=true)
@master/css-vite:test: AssertionError: expected [ Array(1) ] to deeply equal []
@master/css-vite:test: 
@master/css-vite:test: - Expected
@master/css-vite:test: + Received
@master/css-vite:test: 
@master/css-vite:test: - []
@master/css-vite:test: + [
@master/css-vite:test: +   "master-css-watch-AEhG5x/invalidate",
@master/css-vite:test: + ]
@master/css-vite:test: 
@master/css-vite:test:  ❯ tests/plugins/bug-hunt-build-config-recovery.test.ts:81:31
@master/css-vite:test:      79|         build: { watch: {}, createEnvironment }
@master/css-vite:test:      80|       })).rejects.toThrow(error.message)
@master/css-vite:test:      81|       expect(files(cacheDir)).toEqual([])
@master/css-vite:test:        |                               ^
@master/css-vite:test:      82|     } finally { rmSync(root, { recursive: true, force: true }) }
@master/css-vite:test:      83|   })
@master/css-vite:test: 
@master/css-vite:test: ⎯⎯⎯⎯⎯⎯⎯⎯⎯⎯⎯⎯⎯⎯⎯⎯⎯⎯⎯⎯⎯⎯[17/26]⎯
@master/css-vite:test: 
@master/css-vite:test:  FAIL  tests/plugins/bug-hunt-build-config-recovery.test.ts > configuration releases unstarted environments when a peer init fails (shared=true)
@master/css-vite:test: AssertionError: expected [ Array(1) ] to deeply equal []
@master/css-vite:test: 
@master/css-vite:test: - Expected
@master/css-vite:test: + Received
@master/css-vite:test: 
@master/css-vite:test: - []
@master/css-vite:test: + [
@master/css-vite:test: +   "master-css-watch-auBmFs/invalidate",
@master/css-vite:test: + ]
@master/css-vite:test: 
@master/css-vite:test:  ❯ tests/plugins/bug-hunt-build-config-recovery.test.ts:81:31
@master/css-vite:test:      79|         build: { watch: {}, createEnvironment }
@master/css-vite:test:      80|       })).rejects.toThrow(error.message)
@master/css-vite:test:      81|       expect(files(cacheDir)).toEqual([])
@master/css-vite:test:        |                               ^
@master/css-vite:test:      82|     } finally { rmSync(root, { recursive: true, force: true }) }
@master/css-vite:test:      83|   })
@master/css-vite:test: 
@master/css-vite:test: ⎯⎯⎯⎯⎯⎯⎯⎯⎯⎯⎯⎯⎯⎯⎯⎯⎯⎯⎯⎯⎯⎯[18/26]⎯
@master/css-vite:test: 
@master/css-vite:test:  FAIL  tests/plugins/bug-hunt-build-config-recovery.test.ts > configuration releases unstarted environments when a peer factory fails (shared=false)
@master/css-vite:test: AssertionError: expected [ …(3) ] to deeply equal []
@master/css-vite:test: 
@master/css-vite:test: - Expected
@master/css-vite:test: + Received
@master/css-vite:test: 
@master/css-vite:test: - []
@master/css-vite:test: + [
@master/css-vite:test: +   "master-css-watch-2Lrhao/invalidate",
@master/css-vite:test: +   "master-css-watch-dY4oh7/invalidate",
@master/css-vite:test: +   "master-css-watch-o4EchO/invalidate",
@master/css-vite:test: + ]
@master/css-vite:test: 
@master/css-vite:test:  ❯ tests/plugins/bug-hunt-build-config-recovery.test.ts:81:31
@master/css-vite:test:      79|         build: { watch: {}, createEnvironment }
@master/css-vite:test:      80|       })).rejects.toThrow(error.message)
@master/css-vite:test:      81|       expect(files(cacheDir)).toEqual([])
@master/css-vite:test:        |                               ^
@master/css-vite:test:      82|     } finally { rmSync(root, { recursive: true, force: true }) }
@master/css-vite:test:      83|   })
@master/css-vite:test: 
@master/css-vite:test: ⎯⎯⎯⎯⎯⎯⎯⎯⎯⎯⎯⎯⎯⎯⎯⎯⎯⎯⎯⎯⎯⎯[19/26]⎯
@master/css-vite:test: 
@master/css-vite:test:  FAIL  tests/plugins/bug-hunt-build-config-recovery.test.ts > configuration releases unstarted environments when a peer init fails (shared=false)
@master/css-vite:test: AssertionError: expected [ …(3) ] to deeply equal []
@master/css-vite:test: 
@master/css-vite:test: - Expected
@master/css-vite:test: + Received
@master/css-vite:test: 
@master/css-vite:test: - []
@master/css-vite:test: + [
@master/css-vite:test: +   "master-css-watch-9s2C8J/invalidate",
@master/css-vite:test: +   "master-css-watch-B7LpNm/invalidate",
@master/css-vite:test: +   "master-css-watch-JqtMgK/invalidate",
@master/css-vite:test: + ]
@master/css-vite:test: 
@master/css-vite:test:  ❯ tests/plugins/bug-hunt-build-config-recovery.test.ts:81:31
@master/css-vite:test:      79|         build: { watch: {}, createEnvironment }
@master/css-vite:test:      80|       })).rejects.toThrow(error.message)
@master/css-vite:test:      81|       expect(files(cacheDir)).toEqual([])
@master/css-vite:test:        |                               ^
@master/css-vite:test:      82|     } finally { rmSync(root, { recursive: true, force: true }) }
@master/css-vite:test:      83|   })
@master/css-vite:test: 
@master/css-vite:test: ⎯⎯⎯⎯⎯⎯⎯⎯⎯⎯⎯⎯⎯⎯⎯⎯⎯⎯⎯⎯⎯⎯[20/26]⎯
@master/css-vite:test: 
@master/css-vite:test:  FAIL  tests/plugins/bug-hunt-build-failure-lifecycle.test.ts > watch filters allow reference recovery with authored-file include
@master/css-vite:test:  FAIL  tests/plugins/bug-hunt-build-failure-lifecycle.test.ts > watch filters allow reference recovery with cache-directory exclude
@master/css-vite:test: AssertionError: expected 0 to be greater than 0
@master/css-vite:test:  ❯ vi.waitFor.timeout tests/plugins/bug-hunt-build-failure-lifecycle.test.ts:34:65
@master/css-vite:test: 
@master/css-vite:test: 
@master/css-vite:test: ⎯⎯⎯⎯⎯⎯⎯⎯⎯⎯⎯⎯⎯⎯⎯⎯⎯⎯⎯⎯⎯⎯[21/26]⎯
@master/css-vite:test: 
@master/css-vite:test:  FAIL  tests/plugins/bug-hunt-build-recovery-ownership.test.ts > a configuration error does not allocate build recovery files
@master/css-vite:test: AssertionError: expected [ Array(1) ] to deeply equal []
@master/css-vite:test: 
@master/css-vite:test: - Expected
@master/css-vite:test: + Received
@master/css-vite:test: 
@master/css-vite:test: - []
@master/css-vite:test: + [
@master/css-vite:test: +   "master-css-watch-Xx8PJr/invalidate",
@master/css-vite:test: + ]
@master/css-vite:test: 
@master/css-vite:test:  ❯ tests/plugins/bug-hunt-build-recovery-ownership.test.ts:24:31
@master/css-vite:test:      22|       plugins: [masterCSS({ mode: 'static', runtime: false }), { name:…
@master/css-vite:test:      23|     })).rejects.toThrow('intentional config error')
@master/css-vite:test:      24|     expect(files(f.cacheDir)).toEqual([])
@master/css-vite:test:        |                               ^
@master/css-vite:test:      25|   } finally { f.close() }
@master/css-vite:test:      26| })
@master/css-vite:test: 
@master/css-vite:test: ⎯⎯⎯⎯⎯⎯⎯⎯⎯⎯⎯⎯⎯⎯⎯⎯⎯⎯⎯⎯⎯⎯[22/26]⎯
@master/css-vite:test: 
@master/css-vite:test:  FAIL  tests/plugins/bug-hunt-missing-directory-watch.test.ts > BH-0004 missing directory recovers entry-resource-three in static via default
@master/css-vite:test:  FAIL  tests/plugins/bug-hunt-missing-directory-watch.test.ts > BH-0004 missing directory recovers entry-resource-three in static via node
@master/css-vite:test: AssertionError: {"observed":[]}: expected false to be true // Object.is equality
@master/css-vite:test: 
@master/css-vite:test: - Expected
@master/css-vite:test: + Received
@master/css-vite:test: 
@master/css-vite:test: - true
@master/css-vite:test: + false
@master/css-vite:test: 
@master/css-vite:test:  ❯ vi.waitFor.timeout tests/plugins/bug-hunt-missing-directory-watch.test.ts:39:92
@master/css-vite:test:      37|     writeFileSync(dependency, resource ? '<svg xmlns="http://www.w3.or…
@master/css-vite:test:      38|     // Automatic HMR is the contract; actual watcher events remain dia…
@master/css-vite:test:      39|     await vi.waitFor(() => expect(notified(send.mock.calls), JSON.stri…
@master/css-vite:test:        |                                                                                            ^
@master/css-vite:test:      40|     const result = await fetch(new URL('style.css', origin));expect(re…
@master/css-vite:test:      41|   } finally { await server?.environments.client.waitForRequestsIdle();…
@master/css-vite:test: 
@master/css-vite:test: ⎯⎯⎯⎯⎯⎯⎯⎯⎯⎯⎯⎯⎯⎯⎯⎯⎯⎯⎯⎯⎯⎯[23/26]⎯
@master/css-vite:test: 
@master/css-vite:test:  FAIL  tests/plugins/bug-hunt-module-import-contexts.test.ts > shared imported CSS keeps two root module scopes, resources and HMR in static
@master/css-vite:test: AssertionError: expected '@supports (display: grid){@layer guar…' to contain 'padding:3rem'
@master/css-vite:test: 
@master/css-vite:test: - Expected
@master/css-vite:test: + Received
@master/css-vite:test: 
@master/css-vite:test: - padding:3rem
@master/css-vite:test: + @supports (display: grid){@layer guard{.a_module_css_grand {
@master/css-vite:test: +   border-left: 1px solid red;
@master/css-vite:test: + }
@master/css-vite:test: +
@master/css-vite:test: + .a_module_css_child{padding:2rem;background:url("/_master-css/dev/6e75c8b4-f73f-48f4-b810-f6d953ce0ad5/resource/a6b8b68bb4d614bb8f3d/pixel.svg?v=1#part");animation:1s a_module_css_spin}
@master/css-vite:test: +
@master/css-vite:test: + .global {
@master/css-vite:test: +   color: #00f;
@master/css-vite:test: + }
@master/css-vite:test: +
@master/css-vite:test: + @keyframes a_module_css_spin {
@master/css-vite:test: +   to {
@master/css-vite:test: +     opacity: .5;
@master/css-vite:test: +   }
@master/css-vite:test: + }}}
@master/css-vite:test: +
@master/css-vite:test: + .a_module_css_local {
@master/css-vite:test: +   display: inline-flex;
@master/css-vite:test: + }
@master/css-vite:test: 
@master/css-vite:test:  ❯ vi.waitFor.timeout tests/plugins/bug-hunt-module-import-contexts.test.ts:49:43
@master/css-vite:test:      47|     await vi.waitFor(async () => {
@master/css-vite:test:      48|       const updated = await server!.ssrLoadModule('/entry.js')
@master/css-vite:test:      49|       expect(await collect(updated.cssA)).toContain('padding:3rem')
@master/css-vite:test:        |                                           ^
@master/css-vite:test:      50|       expect(await collect(updated.cssB)).toContain('padding:3rem')
@master/css-vite:test:      51|     }, { timeout: 5000 })
@master/css-vite:test: 
@master/css-vite:test: ⎯⎯⎯⎯⎯⎯⎯⎯⎯⎯⎯⎯⎯⎯⎯⎯⎯⎯⎯⎯⎯⎯[24/26]⎯
@master/css-vite:test: 
@master/css-vite:test: 
@master/css-vite:test:  Test Files  5 failed | 66 passed (71)
@master/css-vite:test:       Tests  26 failed | 641 passed (667)
@master/css-vite:test:    Start at  12:42:27
@master/css-vite:test:    Duration  122.23s (tests 96%, transform 2%, import 2%)
@master/css-vite:test: 
@master/css-vite:test: [ELIFECYCLE] Test failed. See above for more details.
@master/css-vite#test:  WARNING  command finished with error, but continuing...
@master/css-webpack#test:  ERROR  command (/Users/aron/master/css/packages/webpack) /Users/aron/Library/pnpm/bin/pnpm run test exited (1)
@master/css-binding-wasm-tooling#test:  ERROR  command (/Users/aron/master/css/packages/binding-wasm-tooling) /Users/aron/Library/pnpm/bin/pnpm run test exited (1)
@master/css-binding-wasm-compiler#test:  ERROR  command (/Users/aron/master/css/packages/binding-wasm-compiler) /Users/aron/Library/pnpm/bin/pnpm run test exited (1)
@master/css-nuxt#test:  ERROR  command (/Users/aron/master/css/packages/nuxt) /Users/aron/Library/pnpm/bin/pnpm run test exited (1)
@master/css-vite#test:  ERROR  command (/Users/aron/master/css/packages/vite) /Users/aron/Library/pnpm/bin/pnpm run test exited (1)

 Tasks:    102 successful, 107 total
Cached:    77 cached, 107 total
  Time:    2m4.359s 
Failed:    @master/css-binding-wasm-compiler#test, @master/css-binding-wasm-tooling#test, @master/css-nuxt#test, @master/css-vite#test, @master/css-webpack#test

 ERROR  run failed: command  exited (1)
exit=1
