• turbo 2.10.12

   • Packages in scope: @master/create-css, @master/css, @master/css-astro, @master/css-binding, @master/css-binding-darwin-arm64, @master/css-binding-darwin-x64, @master/css-binding-linux-arm64-gnu, @master/css-binding-linux-arm64-musl, @master/css-binding-linux-x64-gnu, @master/css-binding-linux-x64-musl, @master/css-binding-wasm-compiler, @master/css-binding-wasm-engine, @master/css-binding-wasm-tooling, @master/css-binding-win32-arm64-msvc, @master/css-binding-win32-x64-msvc, @master/css-cli, @master/css-compiler, @master/css-figma, @master/css-internal, @master/css-language-server, @master/css-language-service, @master/css-mcp, @master/css-next, @master/css-nuxt, @master/css-preset, @master/css-runtime, @master/css-schema, @master/css-server, @master/css-svelte, @master/css-svelte-addon, @master/css-tooling, @master/css-vite, @master/css-vscode, @master/css-webpack, @master/eslint-config-css, @master/eslint-plugin-css
   • Running test, lint, type-check in 36 packages
   • Remote caching disabled

@master/css-schema:build: cache bypass, force executing 8304884c32b43c69
@master/css-svelte-addon:build: cache bypass, force executing ba5e343fa569cb8c
@master/css-schema:type-check: cache bypass, force executing aee2233c30f8c775
@master/css-schema:type-check: $ tsc -b tsconfig.typecheck.json
@master/css-schema:build: $ tsdown --config ../../shared/tsdown-package.config.ts
@master/css-svelte-addon:build: $ tsdown
@master/css-schema:build: ℹ tsdown v0.23.0 powered by rolldown v1.2.7
@master/css-svelte-addon:build: ℹ tsdown v0.23.0 powered by rolldown v1.2.7
@master/css-svelte-addon:build: ℹ config file: /Users/aron/master/css/packages/css-sv/tsdown.config.ts 
@master/css-svelte-addon:build: ℹ entry: src/index.ts
@master/css-svelte-addon:build: ℹ target: node24.0.0
@master/css-svelte-addon:build: ℹ tsconfig: tsconfig.prod.json
@master/css-svelte-addon:build: ℹ Build start
@master/css-schema:build: ℹ config file: /Users/aron/master/css/shared/tsdown-package.config.ts 
@master/css-svelte-addon:build: ℹ Cleaning 2 files
@master/css-schema:build: ℹ entry: src/css-common.ts, src/css-directives.ts, src/css-syntax.ts, src/diagnostics.ts, src/emitted-globals.ts, src/hydration-manifest.ts, src/index.ts, src/integration.ts, src/manifest-json.ts, src/manifest.ts, src/native-css-shorthand.ts, src/runtime-style.ts, src/utility-type.ts
@master/css-schema:build: ℹ target: node24.0.0
@master/css-schema:build: ℹ tsconfig: tsconfig.prod.json
@master/css-schema:build: ℹ Build start
@master/css-schema:build: ℹ Cleaning 26 files
@master/css-svelte-addon:build: TypeScript 7.0 does not yet have a stable API and is experimental. Some options will be unavailable.
@master/css-schema:build: TypeScript 7.0 does not yet have a stable API and is experimental. Some options will be unavailable.
@master/css-schema:build: ℹ dist/manifest-json.js           2.19 kB │ gzip: 0.70 kB
@master/css-schema:build: ℹ dist/native-css-shorthand.js    1.60 kB │ gzip: 0.56 kB
@master/css-schema:build: ℹ dist/manifest.js                1.33 kB │ gzip: 0.50 kB
@master/css-schema:build: ℹ dist/diagnostics.js             1.06 kB │ gzip: 0.46 kB
@master/css-schema:build: ℹ dist/hydration-manifest.js      0.98 kB │ gzip: 0.34 kB
@master/css-schema:build: ℹ dist/css-directives.js          0.85 kB │ gzip: 0.41 kB
@master/css-schema:build: ℹ dist/index.js                   0.67 kB │ gzip: 0.24 kB
@master/css-schema:build: ℹ dist/integration.js             0.30 kB │ gzip: 0.20 kB
@master/css-schema:build: ℹ dist/utility-type.js            0.30 kB │ gzip: 0.20 kB
@master/css-schema:build: ℹ dist/runtime-style.js           0.13 kB │ gzip: 0.12 kB
@master/css-schema:build: ℹ dist/css-common.js              0.01 kB │ gzip: 0.03 kB
@master/css-schema:build: ℹ dist/css-syntax.js              0.01 kB │ gzip: 0.03 kB
@master/css-schema:build: ℹ dist/emitted-globals.js         0.01 kB │ gzip: 0.03 kB
@master/css-schema:build: ℹ dist/manifest.d.ts              9.72 kB │ gzip: 2.01 kB
@master/css-schema:build: ℹ dist/css-directives.d.ts        6.43 kB │ gzip: 1.53 kB
@master/css-schema:build: ℹ dist/css-syntax.d.ts            2.52 kB │ gzip: 0.71 kB
@master/css-schema:build: ℹ dist/hydration-manifest.d.ts    1.91 kB │ gzip: 0.55 kB
@master/css-schema:build: ℹ dist/diagnostics.d.ts           1.74 kB │ gzip: 0.53 kB
@master/css-schema:build: ℹ dist/index.d.ts                 1.26 kB │ gzip: 0.33 kB
@master/css-schema:build: ℹ dist/integration.d.ts           0.71 kB │ gzip: 0.31 kB
@master/css-schema:build: ℹ dist/utility-type.d.ts          0.42 kB │ gzip: 0.24 kB
@master/css-schema:build: ℹ dist/manifest-json.d.ts         0.34 kB │ gzip: 0.16 kB
@master/css-schema:build: ℹ dist/emitted-globals.d.ts       0.28 kB │ gzip: 0.19 kB
@master/css-schema:build: ℹ dist/native-css-shorthand.d.ts  0.17 kB │ gzip: 0.14 kB
@master/css-schema:build: ℹ dist/runtime-style.d.ts         0.14 kB │ gzip: 0.13 kB
@master/css-schema:build: ℹ dist/css-common.d.ts            0.11 kB │ gzip: 0.11 kB
@master/css-schema:build: ℹ 26 files, total: 35.19 kB
@master/css-schema:build: ✔ Build complete in 96ms
@master/css-binding-wasm-engine:type-check: cache bypass, force executing 702cbeb6007b2416
@master/create-css:build: cache bypass, force executing 20f096595f848907
@master/css-schema:test: cache bypass, force executing 50d7ad90f19cfb76
@master/css-binding-wasm-tooling:build: cache bypass, force executing caa95c176ba4b1b2
@master/css-binding-wasm-tooling:type-check: cache bypass, force executing f8a9f69266fb6b8d
@master/css-schema:lint: cache bypass, force executing e84acc9bf31cb0b5
@master/css-binding-wasm-compiler:build: cache bypass, force executing 8a0ddc52cab688f5
@master/css-binding-wasm-engine:build: cache bypass, force executing cdb85d02fc5590da
@master/css-binding-wasm-compiler:type-check: cache bypass, force executing 3fad92bf34395203
@master/create-css:build: $ tsdown --config ../../shared/tsdown-package.config.ts
@master/css-binding-wasm-engine:type-check: $ tsc -b tsconfig.typecheck.json
@master/css-binding-wasm-compiler:type-check: $ tsc -b tsconfig.typecheck.json
@master/css-binding-wasm-tooling:build: $ tsdown --config ../../shared/tsdown-package.config.ts
@master/css-schema:test: $ vitest
@master/css-binding-wasm-engine:build: $ tsdown --config ../../shared/tsdown-package.config.ts
@master/css-schema:lint: $ eslint
@master/css-binding-wasm-tooling:type-check: $ tsc -b tsconfig.typecheck.json
@master/css-binding-wasm-compiler:build: $ tsdown --config ../../shared/tsdown-package.config.ts
@master/css-svelte-addon:build: ℹ dist/index.js    1.29 MB
@master/css-svelte-addon:build: ℹ dist/index.d.ts  0.16 kB │ gzip: 0.15 kB
@master/css-svelte-addon:build: ℹ 2 files, total: 1.29 MB
@master/css-svelte-addon:build: ✔ Build complete in 144ms
@master/css-svelte-addon:test: cache bypass, force executing 8217eeb71d95763c
@master/css-svelte-addon:test: $ vitest
@master/css-svelte-addon:lint: cache bypass, force executing ffae4e7bb6365699
@master/create-css:build: ℹ tsdown v0.23.0 powered by rolldown v1.2.7
@master/css-binding-wasm-engine:build: ℹ tsdown v0.23.0 powered by rolldown v1.2.7
@master/css-binding-wasm-tooling:build: ℹ tsdown v0.23.0 powered by rolldown v1.2.7
@master/css-binding-wasm-compiler:build: ℹ tsdown v0.23.0 powered by rolldown v1.2.7
@master/css-svelte-addon:lint: $ eslint
@master/create-css:build: ℹ config file: /Users/aron/master/css/shared/tsdown-package.config.ts 
@master/css-binding-wasm-tooling:build: ℹ config file: /Users/aron/master/css/shared/tsdown-package.config.ts 
@master/css-binding-wasm-engine:build: ℹ config file: /Users/aron/master/css/shared/tsdown-package.config.ts 
@master/css-binding-wasm-tooling:build: ℹ entry: src/provider.ts, src/provider-node.ts
@master/css-binding-wasm-tooling:build: ℹ target: node24.0.0
@master/css-binding-wasm-tooling:build: ℹ tsconfig: tsconfig.prod.json
@master/css-binding-wasm-tooling:build: ℹ Build start
@master/css-binding-wasm-engine:build: ℹ entry: src/provider.ts, src/provider-node.ts
@master/css-binding-wasm-engine:build: ℹ target: node24.0.0
@master/css-binding-wasm-engine:build: ℹ tsconfig: tsconfig.prod.json
@master/css-binding-wasm-engine:build: ℹ Build start
@master/css-binding-wasm-compiler:build: ℹ config file: /Users/aron/master/css/shared/tsdown-package.config.ts 
@master/create-css:build: ℹ entry: src/constants.ts, src/core.ts, src/index.ts, src/modes.ts, src/transforms.ts, src/bin/index.ts
@master/create-css:build: ℹ target: node24.0.0
@master/create-css:build: ℹ tsconfig: tsconfig.prod.json
@master/create-css:build: ℹ Build start
@master/css-binding-wasm-compiler:build: ℹ entry: src/provider.ts, src/provider-node.ts
@master/css-binding-wasm-compiler:build: ℹ target: node24.0.0
@master/css-binding-wasm-compiler:build: ℹ tsconfig: tsconfig.prod.json
@master/css-binding-wasm-compiler:build: ℹ Build start
@master/css-binding-wasm-tooling:build: ℹ Cleaning 7 files
@master/create-css:build: ℹ Cleaning 13 files
@master/css-binding-wasm-engine:build: ℹ Cleaning 7 files
@master/css-binding-wasm-compiler:build: ℹ Cleaning 7 files
@master/create-css:build: TypeScript 7.0 does not yet have a stable API and is experimental. Some options will be unavailable.
@master/css-binding-wasm-tooling:build: TypeScript 7.0 does not yet have a stable API and is experimental. Some options will be unavailable.
@master/css-binding-wasm-engine:build: TypeScript 7.0 does not yet have a stable API and is experimental. Some options will be unavailable.
@master/css-binding-wasm-compiler:build: TypeScript 7.0 does not yet have a stable API and is experimental. Some options will be unavailable.
@master/css-svelte-addon:test: (!) Your Vite config uses features that are unsupported by `configLoader: 'native'`, which is planned to become the default in a future major version of Vite:
@master/css-svelte-addon:test:   - import "../../shared/vitest.config" without a file extension (vitest.config.ts:2:20). Add the file extension
@master/css-svelte-addon:test:   - import "./vitest-ci-config" without a file extension (../../shared/vitest.config.ts:2:58). Add the file extension
@master/css-svelte-addon:test: Set `VITE_CONFIG_NATIVE_IGNORE_WARNING=true` to suppress this warning.
@master/css-binding-wasm-tooling:build: ℹ dist/provider.js                                   1.89 kB │ gzip: 0.54 kB
@master/css-binding-wasm-tooling:build: ℹ dist/provider-node.js                              0.96 kB │ gzip: 0.46 kB
@master/css-binding-wasm-tooling:build: ℹ dist/artifacts/mastercss_binding_wasm_tooling.js  36.94 kB │ gzip: 5.95 kB
@master/css-binding-wasm-tooling:build: ℹ dist/index.js                                      5.97 kB │ gzip: 1.41 kB
@master/css-binding-wasm-tooling:build: ℹ dist/provider.d.ts                                 0.48 kB │ gzip: 0.26 kB
@master/css-binding-wasm-tooling:build: ℹ dist/provider-node.d.ts                            0.38 kB │ gzip: 0.19 kB
@master/css-binding-wasm-tooling:build: ℹ 6 files, total: 46.61 kB
@master/css-schema:test: 
@master/css-binding-wasm-tooling:build: ✔ Build complete in 114ms
@master/css-schema:test:  RUN  v5.0.0 /Users/aron/master/css/packages/schema
@master/css-schema:test: 
@master/css-binding-wasm-engine:build: ℹ dist/provider-node.js                             0.95 kB │ gzip: 0.46 kB
@master/css-binding-wasm-engine:build: ℹ dist/provider.js                                  0.76 kB │ gzip: 0.32 kB
@master/css-binding-wasm-engine:build: ℹ dist/artifacts/mastercss_binding_wasm_engine.js  20.86 kB │ gzip: 4.64 kB
@master/css-binding-wasm-engine:build: ℹ dist/index.js                                     5.12 kB │ gzip: 1.42 kB
@master/css-binding-wasm-engine:build: ℹ dist/provider.d.ts                                0.47 kB │ gzip: 0.26 kB
@master/css-binding-wasm-engine:build: ℹ dist/provider-node.d.ts                           0.37 kB │ gzip: 0.19 kB
@master/css-binding-wasm-engine:build: ℹ 6 files, total: 28.54 kB
@master/css-binding-wasm-engine:build: ✔ Build complete in 116ms
@master/create-css:build: ℹ Granting execute permission to dist/bin/index.js
@master/css-svelte-addon:test: 
@master/css-svelte-addon:test:  RUN  v5.0.0 /Users/aron/master/css/packages/css-sv
@master/css-svelte-addon:test: 
@master/css-binding-wasm-tooling:test: cache bypass, force executing aca628bc4baa6e9b
@master/css-binding-wasm-tooling:lint: cache bypass, force executing 1ecf17400f1b134a
@master/css-binding-wasm-compiler:build: ℹ dist/provider-node.js                               0.96 kB │ gzip: 0.46 kB
@master/css-binding-wasm-compiler:build: ℹ dist/provider.js                                    0.56 kB │ gzip: 0.29 kB
@master/css-binding-wasm-compiler:build: ℹ dist/artifacts/mastercss_binding_wasm_compiler.js  23.09 kB │ gzip: 5.18 kB
@master/css-binding-wasm-compiler:build: ℹ dist/index.js                                       4.49 kB │ gzip: 1.32 kB
@master/css-binding-wasm-compiler:build: ℹ dist/provider.d.ts                                  0.49 kB │ gzip: 0.26 kB
@master/css-binding-wasm-compiler:build: ℹ dist/provider-node.d.ts                             0.39 kB │ gzip: 0.19 kB
@master/css-binding-wasm-compiler:build: ℹ 6 files, total: 29.98 kB
@master/css-binding-wasm-engine:test: cache bypass, force executing f5fb9cd73e52d373
@master/css-binding-wasm-engine:lint: cache bypass, force executing 92813dc0b33a9752
@master/css-binding-wasm-compiler:build: ✔ Build complete in 121ms
@master/create-css:build: ℹ dist/index.js         21.76 kB │ gzip: 4.79 kB
@master/create-css:build: ℹ dist/transforms.js    13.40 kB │ gzip: 2.84 kB
@master/create-css:build: ℹ dist/core.js           7.02 kB │ gzip: 2.41 kB
@master/create-css:build: ℹ dist/constants.js      1.43 kB │ gzip: 0.70 kB
@master/create-css:build: ℹ dist/modes.js          0.60 kB │ gzip: 0.31 kB
@master/create-css:build: ℹ dist/bin/index.js      0.12 kB │ gzip: 0.12 kB
@master/create-css:build: ℹ dist/transforms.d.ts   2.73 kB │ gzip: 0.48 kB
@master/create-css:build: ℹ dist/index.d.ts        2.35 kB │ gzip: 0.72 kB
@master/create-css:build: ℹ dist/constants.d.ts    1.60 kB │ gzip: 0.72 kB
@master/create-css:build: ℹ dist/core.d.ts         1.29 kB │ gzip: 0.53 kB
@master/create-css:build: ℹ dist/modes.d.ts        0.41 kB │ gzip: 0.21 kB
@master/create-css:build: ℹ dist/bin/index.d.ts    0.01 kB │ gzip: 0.03 kB
@master/create-css:build: ℹ 12 files, total: 52.73 kB
@master/create-css:build: ✔ Build complete in 123ms
@master/css-binding-wasm-compiler:test: cache bypass, force executing 6a1b48988d4445e7
@master/css-binding:build: cache bypass, force executing fb0338af699addd5
@master/css-binding-wasm-engine:test: $ cargo xtask build-wasm && vitest
@master/css-binding-wasm-tooling:lint: $ eslint
@master/css-binding-wasm-engine:lint: $ eslint
@master/css-binding-wasm-tooling:test: $ cargo xtask build-wasm tooling && vitest
@master/css-binding-wasm-compiler:test: $ cargo xtask build-wasm compiler && vitest
@master/css-binding:build: $ tsdown --config ../../shared/tsdown-package.config.ts
@master/css-binding-wasm-tooling:test:     Blocking waiting for file lock on package cache
@master/css-binding-wasm-compiler:test:     Blocking waiting for file lock on package cache
@master/css-binding-wasm-engine:test:     Blocking waiting for file lock on package cache
@master/css-schema:test:  ✓ tests/diagnostics.test.ts (1 test) 2ms
@master/css-binding-wasm-tooling:test:     Blocking waiting for file lock on package cache
@master/css-schema:test:  ✓ tests/manifest.test.ts (2 tests) 3ms
@master/css-schema:test: 
@master/css-schema:test:  Test Files  2 passed (2)
@master/css-schema:test:       Tests  3 passed (3)
@master/css-schema:test:    Start at  13:53:56
@master/css-schema:test:    Duration  115ms (transform 61%, import 22%, worker 9%, tests 7%)
@master/css-schema:test: 
@master/css-binding:build: ℹ tsdown v0.23.0 powered by rolldown v1.2.7
@master/css-binding-wasm-compiler:test:     Blocking waiting for file lock on package cache
@master/css-binding-wasm-engine:test:     Blocking waiting for file lock on package cache
@master/css-binding-wasm-tooling:test:     Blocking waiting for file lock on package cache
@master/css-binding-wasm-compiler:test:     Blocking waiting for file lock on package cache
@master/css-binding-wasm-engine:test:     Blocking waiting for file lock on package cache
@master/css-binding:build: ℹ config file: /Users/aron/master/css/shared/tsdown-package.config.ts 
@master/css-binding:build: ℹ entry: src/index.ts, src/browser.ts, src/engine-binding.ts, src/engine-binding-browser.ts, src/engine-binding-node.ts, src/compiler-binding.ts, src/compiler-binding-browser.ts, src/compiler-binding-node.ts, src/tooling-binding.ts, src/tooling-binding-browser.ts, src/tooling-binding-node.ts
@master/css-binding:build: ℹ target: node24.0.0
@master/css-binding:build: ℹ tsconfig: tsconfig.prod.json
@master/css-binding:build: ℹ Build start
@master/css-binding:build: ℹ Cleaning 44 files
@master/css-binding:type-check: cache bypass, force executing e4d7b0e863063815
@master/css-binding-wasm-tooling:test:     Blocking waiting for file lock on package cache
@master/css-binding:build: TypeScript 7.0 does not yet have a stable API and is experimental. Some options will be unavailable.
@master/css-binding-wasm-compiler:test:     Blocking waiting for file lock on build directory
@master/css-binding-wasm-tooling:test:     Blocking waiting for file lock on build directory
@master/css-binding:type-check: $ tsc -b tsconfig.typecheck.json
@master/css-svelte-addon:test:  ✓ tests/transforms.test.ts (6 tests) 23ms
@master/css-binding-wasm-engine:test:     Finished `dev` profile [unoptimized + debuginfo] target(s) in 0.16s
@master/css-binding-wasm-engine:test:      Running `/Users/aron/master/css/target/debug/xtask build-wasm`
@master/css-binding-wasm-compiler:test:     Finished `dev` profile [unoptimized + debuginfo] target(s) in 0.18s
@master/css-binding-wasm-compiler:test:      Running `/Users/aron/master/css/target/debug/xtask build-wasm compiler`
@master/css-binding-wasm-compiler:lint: cache bypass, force executing e1268da3b82d07e6
@master/css-binding-wasm-tooling:test:     Finished `dev` profile [unoptimized + debuginfo] target(s) in 0.21s
@master/css-binding-wasm-tooling:test:      Running `/Users/aron/master/css/target/debug/xtask build-wasm tooling`
@master/css-binding-wasm-compiler:lint: $ eslint
@master/css-binding:build: ℹ dist/compiler-binding.js              1.99 kB │ gzip: 0.70 kB
@master/css-binding:build: ℹ dist/engine-binding.js                1.80 kB │ gzip: 0.49 kB
@master/css-binding:build: ℹ dist/compiler-binding-browser.js      1.56 kB │ gzip: 0.52 kB
@master/css-binding:build: ℹ dist/engine-binding-browser.js        1.38 kB │ gzip: 0.49 kB
@master/css-binding:build: ℹ dist/tooling-binding.js               1.32 kB │ gzip: 0.47 kB
@master/css-binding:build: ℹ dist/tooling-binding-browser.js       1.08 kB │ gzip: 0.44 kB
@master/css-binding:build: ℹ dist/engine-binding-node.js           0.97 kB │ gzip: 0.33 kB
@master/css-binding:build: ℹ dist/compiler-binding-node.js         0.72 kB │ gzip: 0.35 kB
@master/css-binding:build: ℹ dist/tooling-binding-node.js          0.41 kB │ gzip: 0.23 kB
@master/css-binding:build: ℹ dist/browser.js                       0.39 kB │ gzip: 0.17 kB
@master/css-binding:build: ℹ dist/index.js                         0.39 kB │ gzip: 0.17 kB
@master/css-binding:build: ℹ dist/tooling.js                       6.92 kB │ gzip: 1.40 kB
@master/css-binding:build: ℹ dist/tooling-binding-wasm.js          6.91 kB │ gzip: 1.38 kB
@master/css-binding:build: ℹ dist/native-loader.js                 5.05 kB │ gzip: 1.70 kB
@master/css-binding:build: ℹ dist/compiler-binding-adapter.js      4.13 kB │ gzip: 1.12 kB
@master/css-binding:build: ℹ dist/compiler.js                      3.87 kB │ gzip: 1.04 kB
@master/css-binding:build: ℹ dist/compiler-binding-wasm.js         3.31 kB │ gzip: 0.94 kB
@master/css-binding:build: ℹ dist/engine.js                        3.04 kB │ gzip: 0.86 kB
@master/css-binding:build: ℹ dist/normalize-error.js               2.81 kB │ gzip: 0.96 kB
@master/css-binding:build: ℹ dist/tooling-binding-native.js        2.67 kB │ gzip: 0.59 kB
@master/css-binding:build: ℹ dist/engine-binding-wasm.js           2.60 kB │ gzip: 0.77 kB
@master/css-binding:build: ℹ dist/engine-binding-adapter.js        2.18 kB │ gzip: 0.66 kB
@master/css-binding:build: ℹ dist/binding.js                       1.61 kB │ gzip: 0.67 kB
@master/css-binding:build: ℹ dist/tooling-binding-adapter.js       1.00 kB │ gzip: 0.47 kB
@master/css-binding:build: ℹ dist/protocol.js                      0.84 kB │ gzip: 0.24 kB
@master/css-binding:build: ℹ dist/binding-options.js               0.60 kB │ gzip: 0.36 kB
@master/css-binding:build: ℹ dist/errors.js                        0.25 kB │ gzip: 0.17 kB
@master/css-binding:build: ℹ dist/version.js                       0.12 kB │ gzip: 0.11 kB
@master/css-binding:build: ℹ dist/compiler-binding-browser.d.ts    3.01 kB │ gzip: 0.64 kB
@master/css-binding:build: ℹ dist/compiler-binding.d.ts            3.00 kB │ gzip: 0.63 kB
@master/css-binding:build: ℹ dist/tooling-binding-browser.d.ts     2.68 kB │ gzip: 0.61 kB
@master/css-binding:build: ℹ dist/tooling-binding.d.ts             2.67 kB │ gzip: 0.61 kB
@master/css-binding:build: ℹ dist/engine-binding.d.ts              2.38 kB │ gzip: 0.60 kB
@master/css-binding:build: ℹ dist/compiler-binding-node.d.ts       1.95 kB │ gzip: 0.50 kB
@master/css-binding:build: ℹ dist/engine-binding-browser.d.ts      0.97 kB │ gzip: 0.27 kB
@master/css-binding:build: ℹ dist/index.d.ts                       0.96 kB │ gzip: 0.28 kB
@master/css-binding:build: ℹ dist/tooling-binding-node.d.ts        0.91 kB │ gzip: 0.27 kB
@master/css-binding:build: ℹ dist/engine-binding-node.d.ts         0.84 kB │ gzip: 0.24 kB
@master/css-binding:build: ℹ dist/browser.d.ts                     0.71 kB │ gzip: 0.24 kB
@master/css-binding:build: ℹ dist/protocol.d.ts                   30.40 kB │ gzip: 5.70 kB
@master/css-binding:build: ℹ dist/tooling-binding-contract.d.ts    7.71 kB │ gzip: 1.32 kB
@master/css-binding:build: ℹ dist/compiler-binding-contract.d.ts   4.69 kB │ gzip: 1.07 kB
@master/css-binding:build: ℹ dist/binding.d.ts                     0.68 kB │ gzip: 0.33 kB
@master/css-binding:build: ℹ dist/binding-options.d.ts             0.63 kB │ gzip: 0.28 kB
@master/css-binding:build: ℹ 44 files, total: 124.16 kB
@master/css-binding:build: ✔ Build complete in 146ms
@master/create-css:lint: cache bypass, force executing 72ad7fc30250badc
@master/create-css:lint: $ eslint
@master/css-binding-wasm-compiler:test:     Blocking waiting for file lock on package cache
@master/css-binding-wasm-engine:test:     Blocking waiting for file lock on package cache
@master/css-binding-wasm-tooling:test:     Blocking waiting for file lock on package cache
@master/css-binding-wasm-compiler:test:     Blocking waiting for file lock on package cache
@master/css-binding-wasm-engine:test:     Blocking waiting for file lock on package cache
@master/css-binding-wasm-tooling:test:     Blocking waiting for file lock on package cache
@master/css-binding-wasm-compiler:test:     Blocking waiting for file lock on package cache
@master/css-binding-wasm-tooling:test:     Blocking waiting for file lock on package cache
@master/css-binding-wasm-tooling:test:     Blocking waiting for file lock on build directory
@master/css-binding-wasm-engine:test:     Blocking waiting for file lock on build directory
@master/css-binding-wasm-compiler:test:     Finished `release` profile [optimized] target(s) in 0.17s
@master/css-binding-wasm-tooling:test:     Finished `release` profile [optimized] target(s) in 0.23s
@master/css-binding-wasm-engine:test:     Finished `release` profile [optimized] target(s) in 0.23s
@master/css-binding-wasm-engine:test: Built /Users/aron/master/css/packages/binding-wasm-engine/artifacts
@master/create-css:test: cache bypass, force executing ebb56b4066805c02
@master/css-preset:build: cache bypass, force executing d33a20d707b4c11a
@master/css-binding:test: cache bypass, force executing 62fcb487c63bdc7d
@master/css-binding:lint: cache bypass, force executing 2b878315b7c83a1c
@master/create-css:test: $ vitest
@master/css-preset:build: $ pnpm generate
@master/css-binding:test: $ cargo xtask build-native && vitest
@master/css-binding:lint: $ eslint
@master/css-tooling:build: cache bypass, force executing 20f72b9df9456a46
@master/css-preset:build: $ cargo xtask build-native && node --import tsx scripts/generate-default-manifest.ts
@master/css-tooling:type-check: cache bypass, force executing 6474b3e06186eafb
@master/css-tooling:build: $ tsdown --config ../../shared/tsdown-package.config.ts
@master/css-tooling:type-check: $ tsc -b tsconfig.typecheck.json
@master/css-preset:build:     Blocking waiting for file lock on package cache
@master/css-binding:test:     Blocking waiting for file lock on package cache
@master/css-preset:build:     Blocking waiting for file lock on package cache
@master/css-binding:test:     Blocking waiting for file lock on package cache
@master/css-preset:build:     Blocking waiting for file lock on package cache
@master/css-binding:test:     Blocking waiting for file lock on package cache
@master/css-binding-wasm-engine:test: 
@master/css-binding-wasm-engine:test:  RUN  v5.0.0 /Users/aron/master/css/packages/binding-wasm-engine
@master/css-binding-wasm-engine:test: 
@master/css-binding:test:     Blocking waiting for file lock on build directory
@master/css-tooling:build: ℹ tsdown v0.23.0 powered by rolldown v1.2.7
@master/css-preset:type-check: cache bypass, force executing 8eda9a31c5a8540f
@master/css-preset:build:     Finished `dev` profile [unoptimized + debuginfo] target(s) in 0.09s
@master/css-preset:build:      Running `/Users/aron/master/css/target/debug/xtask build-native`
@master/create-css:test: (!) Your Vite config uses features that are unsupported by `configLoader: 'native'`, which is planned to become the default in a future major version of Vite:
@master/create-css:test:   - import "../../shared/vitest.config" without a file extension (vitest.config.ts:2:20). Add the file extension
@master/create-css:test:   - import "./vitest-ci-config" without a file extension (../../shared/vitest.config.ts:2:58). Add the file extension
@master/create-css:test: Set `VITE_CONFIG_NATIVE_IGNORE_WARNING=true` to suppress this warning.
@master/css-tooling:build: ℹ config file: /Users/aron/master/css/shared/tsdown-package.config.ts 
@master/css-binding:test:     Finished `dev` profile [unoptimized + debuginfo] target(s) in 0.14s
@master/css-binding:test:      Running `/Users/aron/master/css/target/debug/xtask build-native`
@master/css-tooling:build: ℹ entry: src/browser.ts, src/builtins.ts, src/css.ts, src/host.ts, src/immutable.ts, src/index.ts, src/node.ts, src/tooling-session.ts, src/language/binding-session.ts, src/language/browser.ts, src/language/common.ts, src/language/contracts.ts, src/language/index.ts, src/language/master-css.ts, src/language/node.ts, src/language/session.ts, src/language/settings.ts, src/lexer/browser.ts, src/lexer/contracts.ts, src/lexer/index.ts, src/lexer/node.ts, src/lexer/session.ts, src/lint/analysis.ts, src/lint/binding-session.ts, src/lint/constants.ts, src/lint/contracts.ts, src/lint/diagnostic-format.ts, src/lint/diagnostics.ts, src/lint/index.ts, src/lint/node.ts, src/lint/rule-signatures.ts, src/lint/source.ts, src/scanner/binding-session.ts, src/scanner/core.ts, src/scanner/index.ts, src/scanner/node.ts, src/source/browser.ts, src/source/contracts.ts, src/source/index.ts, src/source/native.ts, src/source/node.ts, src/source/session.ts, src/validator/binding-session.ts, src/validator/contracts.ts, src/validator/index.ts, src/validator/node.ts, src/language/semantic/scopes.ts, src/language/semantic/types.ts, src/language/utils/mdn-css-data.ts, src/scanner/options/index.ts, src/source/adapters/optional-peer.ts, src/source/adapters/oxc.ts, src/source/adapters/svelte.ts, src/source/adapters/types.ts, src/source/adapters/vue.ts, src/validator/types/syntax-error.ts
@master/css-tooling:build: ℹ target: node24.0.0
@master/css-tooling:build: ℹ tsconfig: tsconfig.prod.json
@master/css-tooling:build: ℹ Build start
@master/css-preset:type-check: $ tsc -b tsconfig.typecheck.json
@master/css-tooling:build: ℹ Cleaning 123 files
@master/create-css:test: 
@master/create-css:test:  RUN  v5.0.0 /Users/aron/master/css/packages/create
@master/create-css:test: 
@master/css-tooling:build: TypeScript 7.0 does not yet have a stable API and is experimental. Some options will be unavailable.
@master/css-binding-wasm-engine:test:  ✓ tests/provider-node.test.ts (1 test) 35ms
@master/create-css:test:  ✓ tests/setup-frameworks.test.ts (21 tests) 56ms
@master/css-tooling:build: ℹ dist/scanner/core.js                     11.86 kB │ gzip: 3.23 kB
@master/css-tooling:build: ℹ dist/lint/source.js                      10.16 kB │ gzip: 2.96 kB
@master/css-tooling:build: ℹ dist/builtins.js                          7.98 kB │ gzip: 1.61 kB
@master/css-tooling:build: ℹ dist/tooling-session.js                   6.37 kB │ gzip: 1.51 kB
@master/css-tooling:build: ℹ dist/language/semantic/scopes.js          4.16 kB │ gzip: 0.95 kB
@master/css-tooling:build: ℹ dist/lint/binding-session.js              3.82 kB │ gzip: 1.11 kB
@master/css-tooling:build: ℹ dist/css.js                               3.70 kB │ gzip: 0.92 kB
@master/css-tooling:build: ℹ dist/language/session.js                  2.94 kB │ gzip: 0.97 kB
@master/css-tooling:build: ℹ dist/source/adapters/svelte.js            2.75 kB │ gzip: 0.93 kB
@master/css-tooling:build: ℹ dist/scanner/binding-session.js           2.62 kB │ gzip: 0.81 kB
@master/css-tooling:build: ℹ dist/language/index.js                    2.45 kB │ gzip: 0.76 kB
@master/css-tooling:build: ℹ dist/language/utils/mdn-css-data.js       2.44 kB │ gzip: 0.91 kB
@master/css-tooling:build: ℹ dist/source/adapters/vue.js               1.63 kB │ gzip: 0.64 kB
@master/css-tooling:build: ℹ dist/language/common.js                   1.57 kB │ gzip: 0.61 kB
@master/css-tooling:build: ℹ dist/source/session.js                    1.53 kB │ gzip: 0.64 kB
@master/css-tooling:build: ℹ dist/node.js                              1.43 kB │ gzip: 0.43 kB
@master/css-tooling:build: ℹ dist/lint/rule-signatures.js              1.35 kB │ gzip: 0.54 kB
@master/css-tooling:build: ℹ dist/scanner/options/index.js             1.33 kB │ gzip: 0.46 kB
@master/css-tooling:build: ℹ dist/language/node.js                     1.21 kB │ gzip: 0.43 kB
@master/css-tooling:build: ℹ dist/source/adapters/optional-peer.js     1.12 kB │ gzip: 0.49 kB
@master/css-tooling:build: ℹ dist/lint/index.js                        1.08 kB │ gzip: 0.42 kB
@master/css-tooling:build: ℹ dist/language/master-css.js               0.97 kB │ gzip: 0.50 kB
@master/css-tooling:build: ℹ dist/validator/binding-session.js         0.89 kB │ gzip: 0.42 kB
@master/css-tooling:build: ℹ dist/lexer/session.js                     0.81 kB │ gzip: 0.43 kB
@master/css-tooling:build: ℹ dist/source/native.js                     0.75 kB │ gzip: 0.25 kB
@master/css-tooling:build: ℹ dist/host.js                              0.74 kB │ gzip: 0.40 kB
@master/css-tooling:build: ℹ dist/language/browser.js                  0.62 kB │ gzip: 0.30 kB
@master/css-tooling:build: ℹ dist/language/settings.js                 0.61 kB │ gzip: 0.30 kB
@master/css-tooling:build: ℹ dist/lint/diagnostic-format.js            0.56 kB │ gzip: 0.27 kB
@master/css-tooling:build: ℹ dist/lint/constants.js                    0.51 kB │ gzip: 0.29 kB
@master/css-tooling:build: ℹ dist/language/binding-session.js          0.46 kB │ gzip: 0.24 kB
@master/css-tooling:build: ℹ dist/lexer/browser.js                     0.45 kB │ gzip: 0.25 kB
@master/css-tooling:build: ℹ dist/lint/contracts.js                    0.44 kB │ gzip: 0.24 kB
@master/css-tooling:build: ℹ dist/source/browser.js                    0.42 kB │ gzip: 0.25 kB
@master/css-tooling:build: ℹ dist/validator/index.js                   0.34 kB │ gzip: 0.21 kB
@master/css-tooling:build: ℹ dist/validator/node.js                    0.34 kB │ gzip: 0.20 kB
@master/css-tooling:build: ℹ dist/lexer/index.js                       0.33 kB │ gzip: 0.21 kB
@master/css-tooling:build: ℹ dist/source/adapters/types.js             0.33 kB │ gzip: 0.18 kB
@master/css-tooling:build: ℹ dist/lexer/node.js                        0.32 kB │ gzip: 0.20 kB
@master/css-tooling:build: ℹ dist/source/index.js                      0.32 kB │ gzip: 0.20 kB
@master/css-tooling:build: ℹ dist/lint/node.js                         0.32 kB │ gzip: 0.20 kB
@master/css-tooling:build: ℹ dist/source/node.js                       0.31 kB │ gzip: 0.19 kB
@master/css-tooling:build: ℹ dist/immutable.js                         0.30 kB │ gzip: 0.20 kB
@master/css-tooling:build: ℹ dist/source/adapters/oxc.js               0.23 kB │ gzip: 0.15 kB
@master/css-tooling:build: ℹ dist/scanner/index.js                     0.19 kB │ gzip: 0.12 kB
@master/css-tooling:build: ℹ dist/scanner/node.js                      0.19 kB │ gzip: 0.12 kB
@master/css-tooling:build: ℹ dist/browser.js                           0.14 kB │ gzip: 0.09 kB
@master/css-tooling:build: ℹ dist/index.js                             0.14 kB │ gzip: 0.09 kB
@master/css-tooling:build: ℹ dist/language/contracts.js                0.01 kB │ gzip: 0.03 kB
@master/css-tooling:build: ℹ dist/language/semantic/types.js           0.01 kB │ gzip: 0.03 kB
@master/css-tooling:build: ℹ dist/lexer/contracts.js                   0.01 kB │ gzip: 0.03 kB
@master/css-tooling:build: ℹ dist/lint/analysis.js                     0.01 kB │ gzip: 0.03 kB
@master/css-tooling:build: ℹ dist/lint/diagnostics.js                  0.01 kB │ gzip: 0.03 kB
@master/css-tooling:build: ℹ dist/source/contracts.js                  0.01 kB │ gzip: 0.03 kB
@master/css-tooling:build: ℹ dist/validator/contracts.js               0.01 kB │ gzip: 0.03 kB
@master/css-tooling:build: ℹ dist/validator/types/syntax-error.js      0.01 kB │ gzip: 0.03 kB
@master/css-tooling:build: ℹ dist/language/semantic/scopes.d.ts        5.75 kB │ gzip: 1.11 kB
@master/css-tooling:build: ℹ dist/language/contracts.d.ts              5.54 kB │ gzip: 1.15 kB
@master/css-tooling:build: ℹ dist/tooling-session.d.ts                 4.50 kB │ gzip: 1.13 kB
@master/css-tooling:build: ℹ dist/scanner/core.d.ts                    4.41 kB │ gzip: 1.40 kB
@master/css-tooling:build: ℹ dist/language/index.d.ts                  4.19 kB │ gzip: 1.04 kB
@master/css-tooling:build: ℹ dist/lint/index.d.ts                      3.88 kB │ gzip: 0.83 kB
@master/css-tooling:build: ℹ dist/lint/source.d.ts                     3.68 kB │ gzip: 1.01 kB
@master/css-tooling:build: ℹ dist/lint/analysis.d.ts                   2.98 kB │ gzip: 0.68 kB
@master/css-tooling:build: ℹ dist/scanner/binding-session.d.ts         2.56 kB │ gzip: 0.74 kB
@master/css-tooling:build: ℹ dist/lint/diagnostics.d.ts                2.19 kB │ gzip: 0.63 kB
@master/css-tooling:build: ℹ dist/language/common.d.ts                 1.98 kB │ gzip: 0.66 kB
@master/css-tooling:build: ℹ dist/lint/binding-session.d.ts            1.93 kB │ gzip: 0.58 kB
@master/css-tooling:build: ℹ dist/language/session.d.ts                1.78 kB │ gzip: 0.51 kB
@master/css-tooling:build: ℹ dist/lexer/contracts.d.ts                 1.55 kB │ gzip: 0.41 kB
@master/css-tooling:build: ℹ dist/source/session.d.ts                  1.38 kB │ gzip: 0.51 kB
@master/css-tooling:build: ℹ dist/language/node.d.ts                   1.29 kB │ gzip: 0.44 kB
@master/css-tooling:build: ℹ dist/lint/contracts.d.ts                  1.23 kB │ gzip: 0.45 kB
@master/css-tooling:build: ℹ dist/css.d.ts                             1.17 kB │ gzip: 0.41 kB
@master/css-tooling:build: ℹ dist/source/contracts.d.ts                1.13 kB │ gzip: 0.38 kB
@master/css-tooling:build: ℹ dist/language/semantic/types.d.ts         0.94 kB │ gzip: 0.41 kB
@master/css-tooling:build: ℹ dist/lexer/index.d.ts                     0.91 kB │ gzip: 0.32 kB
@master/css-tooling:build: ℹ dist/validator/binding-session.d.ts       0.90 kB │ gzip: 0.39 kB
@master/css-tooling:build: ℹ dist/lexer/session.d.ts                   0.84 kB │ gzip: 0.38 kB
@master/css-tooling:build: ℹ dist/lint/rule-signatures.d.ts            0.82 kB │ gzip: 0.28 kB
@master/css-tooling:build: ℹ dist/source/index.d.ts                    0.80 kB │ gzip: 0.30 kB
@master/css-tooling:build: ℹ dist/language/browser.d.ts                0.76 kB │ gzip: 0.32 kB
@master/css-tooling:build: ℹ dist/language/master-css.d.ts             0.74 kB │ gzip: 0.31 kB
@master/css-tooling:build: ℹ dist/scanner/options/index.d.ts           0.69 kB │ gzip: 0.31 kB
@master/css-tooling:build: ℹ dist/index.d.ts                           0.67 kB │ gzip: 0.21 kB
@master/css-tooling:build: ℹ dist/builtins.d.ts                        0.65 kB │ gzip: 0.24 kB
@master/css-tooling:build: ℹ dist/language/settings.d.ts               0.59 kB │ gzip: 0.31 kB
@master/css-tooling:build: ℹ dist/validator/index.d.ts                 0.56 kB │ gzip: 0.26 kB
@master/css-tooling:build: ℹ dist/node.d.ts                            0.52 kB │ gzip: 0.24 kB
@master/css-tooling:build: ℹ dist/source/native.d.ts                   0.50 kB │ gzip: 0.17 kB
@master/css-tooling:build: ℹ dist/validator/contracts.d.ts             0.48 kB │ gzip: 0.24 kB
@master/css-tooling:build: ℹ dist/source/browser.d.ts                  0.47 kB │ gzip: 0.25 kB
@master/css-tooling:build: ℹ dist/source/adapters/optional-peer.d.ts   0.47 kB │ gzip: 0.23 kB
@master/css-tooling:build: ℹ dist/validator/types/syntax-error.d.ts    0.46 kB │ gzip: 0.23 kB
@master/css-tooling:build: ℹ dist/language/utils/mdn-css-data.d.ts     0.44 kB │ gzip: 0.19 kB
@master/css-tooling:build: ℹ dist/source/adapters/types.d.ts           0.43 kB │ gzip: 0.23 kB
@master/css-tooling:build: ℹ dist/language/binding-session.d.ts        0.43 kB │ gzip: 0.24 kB
@master/css-tooling:build: ℹ dist/lexer/node.d.ts                      0.42 kB │ gzip: 0.23 kB
@master/css-tooling:build: ℹ dist/source/node.d.ts                     0.41 kB │ gzip: 0.22 kB
@master/css-tooling:build: ℹ dist/lint/diagnostic-format.d.ts          0.39 kB │ gzip: 0.18 kB
@master/css-tooling:build: ℹ dist/lexer/browser.d.ts                   0.37 kB │ gzip: 0.22 kB
@master/css-tooling:build: ℹ dist/scanner/index.d.ts                   0.37 kB │ gzip: 0.16 kB
@master/css-tooling:build: ℹ dist/scanner/node.d.ts                    0.37 kB │ gzip: 0.16 kB
@master/css-tooling:build: ℹ dist/validator/node.d.ts                  0.37 kB │ gzip: 0.22 kB
@master/css-tooling:build: ℹ dist/source/adapters/svelte.d.ts          0.35 kB │ gzip: 0.22 kB
@master/css-tooling:build: ℹ dist/lint/node.d.ts                       0.34 kB │ gzip: 0.21 kB
@master/css-tooling:build: ℹ dist/host.d.ts                            0.33 kB │ gzip: 0.18 kB
@master/css-tooling:build: ℹ dist/source/adapters/vue.d.ts             0.33 kB │ gzip: 0.21 kB
@master/css-tooling:build: ℹ dist/lint/constants.d.ts                  0.29 kB │ gzip: 0.17 kB
@master/css-tooling:build: ℹ dist/browser.d.ts                         0.21 kB │ gzip: 0.11 kB
@master/css-tooling:build: ℹ dist/source/adapters/oxc.d.ts             0.16 kB │ gzip: 0.14 kB
@master/css-tooling:build: ℹ dist/immutable.d.ts                       0.14 kB │ gzip: 0.13 kB
@master/css-tooling:build: ℹ 112 files, total: 157.66 kB
@master/css-tooling:build: ✔ Build complete in 321ms
@master/css-tooling:test: cache bypass, force executing baff5431b0a16644
@master/css-tooling:lint: cache bypass, force executing dc8293430b6bcf57
@master/css-tooling:lint: $ eslint
@master/css-tooling:test: $ cargo xtask build-native && cargo xtask build-wasm tooling && vitest
@master/css-binding-wasm-engine:test:  ✓ tests/session.test.ts (6 tests) 231ms
@master/css-binding-wasm-tooling:test: Built /Users/aron/master/css/packages/binding-wasm-tooling/artifacts
@master/css-binding-wasm-engine:test: 
@master/css-binding-wasm-engine:test:  Test Files  2 passed (2)
@master/css-binding-wasm-engine:test:       Tests  7 passed (7)
@master/css-binding-wasm-engine:test:    Start at  13:53:58
@master/css-binding-wasm-engine:test:    Duration  453ms (tests 52%, transform 40%, import 6%, worker 1%)
@master/css-binding-wasm-engine:test: 
@master/create-css:test:  ✓ tests/bug-hunt-multiline-import.test.ts (8 tests) 31ms
@master/css-tooling:test:     Finished `dev` profile [unoptimized + debuginfo] target(s) in 0.07s
@master/css-tooling:test:      Running `/Users/aron/master/css/target/debug/xtask build-native`
@master/css-binding-wasm-tooling:test: 
@master/css-binding-wasm-tooling:test:  RUN  v5.0.0 /Users/aron/master/css/packages/binding-wasm-tooling
@master/css-binding-wasm-tooling:test: 
@master/css-preset:build:    Compiling mastercss-cli v0.0.0 (/Users/aron/master/css/crates/mastercss-cli)
@master/css-binding-wasm-tooling:test:  ✓ tests/provider-node.test.ts (1 test) 72ms
@master/css-binding-wasm-tooling:test:  ❯ tests/source.test.ts (3 tests | 1 failed) 105ms
@master/css-binding-wasm-tooling:test:    ✓ keys explicit tooling modules by their initialization input 4ms
@master/css-binding-wasm-tooling:test:    ✓ normalizes tooling Wasm initialization failures 1ms
@master/css-binding-wasm-tooling:test:    × loads the isolated source tooling Wasm surface 100ms
@master/css-binding-wasm-tooling:test: 
@master/css-binding-wasm-tooling:test: ⎯⎯⎯⎯⎯⎯⎯ Failed Tests 1 ⎯⎯⎯⎯⎯⎯⎯
@master/css-binding-wasm-tooling:test: 
@master/css-binding-wasm-tooling:test:  FAIL  tests/source.test.ts > loads the isolated source tooling Wasm surface
@master/css-binding-wasm-tooling:test: AssertionError: expected { version: 1, cwd: '/project', …(8) } to match object { version: 1, …(3) }
@master/css-binding-wasm-tooling:test: (19 matching properties omitted from actual)
@master/css-binding-wasm-tooling:test: 
@master/css-binding-wasm-tooling:test: - Expected
@master/css-binding-wasm-tooling:test: + Received
@master/css-binding-wasm-tooling:test: 
@master/css-binding-wasm-tooling:test: @@ -1,8 +1,8 @@
@master/css-binding-wasm-tooling:test:   {
@master/css-binding-wasm-tooling:test:     "css": {
@master/css-binding-wasm-tooling:test: -     "bytes": 2,
@master/css-binding-wasm-tooling:test: +     "bytes": 4,
@master/css-binding-wasm-tooling:test:       "included": false,
@master/css-binding-wasm-tooling:test:     },
@master/css-binding-wasm-tooling:test:     "missingCSS": {
@master/css-binding-wasm-tooling:test:       "missing": [
@master/css-binding-wasm-tooling:test:         {
@master/css-binding-wasm-tooling:test: 
@master/css-binding-wasm-tooling:test:  ❯ tests/source.test.ts:318:7
@master/css-binding-wasm-tooling:test:     316|     stylesheets: {},
@master/css-binding-wasm-tooling:test:     317|     css: { text: '😀' }
@master/css-binding-wasm-tooling:test:     318|   })).toMatchObject({
@master/css-binding-wasm-tooling:test:        |       ^
@master/css-binding-wasm-tooling:test:     319|     version: 1,
@master/css-binding-wasm-tooling:test:     320|     css: { bytes: 2, included: false },
@master/css-binding-wasm-tooling:test: 
@master/css-binding-wasm-tooling:test: ⎯⎯⎯⎯⎯⎯⎯⎯⎯⎯⎯⎯⎯⎯⎯⎯⎯⎯⎯⎯⎯⎯⎯⎯[1/1]⎯
@master/css-binding-wasm-tooling:test: 
@master/css-binding-wasm-tooling:test: 
@master/css-binding-wasm-tooling:test:  Test Files  1 failed | 1 passed (2)
@master/css-binding-wasm-tooling:test:       Tests  1 failed | 3 passed (4)
@master/css-binding-wasm-tooling:test:    Start at  13:53:59
@master/css-binding-wasm-tooling:test:    Duration  293ms (tests 53%, transform 39%, import 7%, worker 1%)
@master/css-binding-wasm-tooling:test: 
@master/css-binding-wasm-tooling:test: [ELIFECYCLE] Test failed. See above for more details.
@master/css-binding-wasm-tooling#test:  WARNING  command finished with error, but continuing...
@master/css-tooling:test:     Blocking waiting for file lock on package cache
@master/css-binding:test:     Blocking waiting for file lock on package cache
@master/css-tooling:test:     Blocking waiting for file lock on package cache
@master/css-binding:test:     Blocking waiting for file lock on package cache
@master/css-tooling:test:     Blocking waiting for file lock on package cache
@master/css-binding:test:     Blocking waiting for file lock on package cache
@master/css-binding:test:     Blocking waiting for file lock on build directory
@master/css-tooling:test:     Blocking waiting for file lock on build directory
@master/css-binding-wasm-compiler:test: Built /Users/aron/master/css/packages/binding-wasm-compiler/artifacts
@master/css-svelte-addon:test:  ✓ tests/sv.testing.test.ts (13 tests) 3422ms
@master/css-svelte-addon:test: 
@master/css-svelte-addon:test:  Test Files  2 passed (2)
@master/css-svelte-addon:test:       Tests  19 passed (19)
@master/css-svelte-addon:test:    Start at  13:53:56
@master/css-svelte-addon:test:    Duration  3.63s (tests 97%, import 2%, transform 1%)
@master/css-svelte-addon:test: 
@master/css-binding-wasm-compiler:test: 
@master/css-binding-wasm-compiler:test:  RUN  v5.0.0 /Users/aron/master/css/packages/binding-wasm-compiler
@master/css-binding-wasm-compiler:test: 
@master/create-css:test:  ✓ tests/setup.test.ts (29 tests) 1391ms
@master/create-css:test:    ✓ @master/create-css setup planner (29)
@master/create-css:test:      ✓ runs detected package manager install with --yes 329ms
@master/create-css:test: 
@master/create-css:test:  Test Files  3 passed (3)
@master/create-css:test:       Tests  58 passed (58)
@master/create-css:test:    Start at  13:53:58
@master/create-css:test:    Duration  1.64s (tests 74%, transform 15%, import 10%)
@master/create-css:test: 
@master/css-binding-wasm-compiler:test:  ✓ tests/provider-node.test.ts (1 test) 29ms
@master/css-binding-wasm-compiler:test:  ❯ tests/compiler.test.ts (3 tests | 1 failed) 56ms
@master/css-binding-wasm-compiler:test:    ✓ keys explicit compiler modules by their initialization input 2ms
@master/css-binding-wasm-compiler:test:    ✓ normalizes compiler Wasm initialization failures 0ms
@master/css-binding-wasm-compiler:test:    × loads the isolated compiler Wasm surface 54ms
@master/css-binding-wasm-compiler:test: 
@master/css-binding-wasm-compiler:test: ⎯⎯⎯⎯⎯⎯⎯ Failed Tests 1 ⎯⎯⎯⎯⎯⎯⎯
@master/css-binding-wasm-compiler:test: 
@master/css-binding-wasm-compiler:test:  FAIL  tests/compiler.test.ts > loads the isolated compiler Wasm surface
@master/css-binding-wasm-compiler:test: AssertionError: expected { …(3) } to deeply equal { …(2) }
@master/css-binding-wasm-compiler:test: 
@master/css-binding-wasm-compiler:test: - Expected
@master/css-binding-wasm-compiler:test: + Received
@master/css-binding-wasm-compiler:test: 
@master/css-binding-wasm-compiler:test: @@ -2,6 +2,30 @@
@master/css-binding-wasm-compiler:test:     "dependencies": [
@master/css-binding-wasm-compiler:test:       "/entry.css",
@master/css-binding-wasm-compiler:test:       "/theme.css",
@master/css-binding-wasm-compiler:test:     ],
@master/css-binding-wasm-compiler:test:     "source": "@theme{--color-brand:red}.entry{display:block}",
@master/css-binding-wasm-compiler:test: +   "sourceMappings": [
@master/css-binding-wasm-compiler:test: +     {
@master/css-binding-wasm-compiler:test: +       "generatedEnd": 25,
@master/css-binding-wasm-compiler:test: +       "generatedStart": 0,
@master/css-binding-wasm-compiler:test: +       "source": {
@master/css-binding-wasm-compiler:test: +         "file": "/theme.css",
@master/css-binding-wasm-compiler:test: +         "range": {
@master/css-binding-wasm-compiler:test: +           "end": 25,
@master/css-binding-wasm-compiler:test: +           "start": 0,
@master/css-binding-wasm-compiler:test: +         },
@master/css-binding-wasm-compiler:test: +       },
@master/css-binding-wasm-compiler:test: +     },
@master/css-binding-wasm-compiler:test: +     {
@master/css-binding-wasm-compiler:test: +       "generatedEnd": 46,
@master/css-binding-wasm-compiler:test: +       "generatedStart": 25,
@master/css-binding-wasm-compiler:test: +       "source": {
@master/css-binding-wasm-compiler:test: +         "file": "/entry.css",
@master/css-binding-wasm-compiler:test: +         "range": {
@master/css-binding-wasm-compiler:test: +           "end": 43,
@master/css-binding-wasm-compiler:test: +           "start": 22,
@master/css-binding-wasm-compiler:test: +         },
@master/css-binding-wasm-compiler:test: +       },
@master/css-binding-wasm-compiler:test: +     },
@master/css-binding-wasm-compiler:test: +   ],
@master/css-binding-wasm-compiler:test:   }
@master/css-binding-wasm-compiler:test: 
@master/css-binding-wasm-compiler:test:  ❯ tests/compiler.test.ts:139:7
@master/css-binding-wasm-compiler:test:     137|     },
@master/css-binding-wasm-compiler:test:     138|     edges: [{ from: '/entry.css', specifier: './theme.css', resolved: …
@master/css-binding-wasm-compiler:test:     139|   })).toEqual({
@master/css-binding-wasm-compiler:test:        |       ^
@master/css-binding-wasm-compiler:test:     140|     source: '@theme{--color-brand:red}.entry{display:block}',
@master/css-binding-wasm-compiler:test:     141|     dependencies: ['/entry.css', '/theme.css']
@master/css-binding-wasm-compiler:test: 
@master/css-binding-wasm-compiler:test: ⎯⎯⎯⎯⎯⎯⎯⎯⎯⎯⎯⎯⎯⎯⎯⎯⎯⎯⎯⎯⎯⎯⎯⎯[1/1]⎯
@master/css-binding-wasm-compiler:test: 
@master/css-binding-wasm-compiler:test: 
@master/css-binding-wasm-compiler:test:  Test Files  1 failed | 1 passed (2)
@master/css-binding-wasm-compiler:test:       Tests  1 failed | 3 passed (4)
@master/css-binding-wasm-compiler:test:    Start at  13:54:00
@master/css-binding-wasm-compiler:test:    Duration  158ms (tests 55%, transform 32%, import 10%, worker 2%)
@master/css-binding-wasm-compiler:test: 
@master/css-binding-wasm-compiler:test: [ELIFECYCLE] Test failed. See above for more details.
@master/css-binding-wasm-compiler#test:  WARNING  command finished with error, but continuing...
@master/css-preset:build:     Finished `dev` profile [unoptimized + debuginfo] target(s) in 4.34s
@master/css-preset:build: Built /Users/aron/master/css/packages/binding/artifacts/mastercss.node
@master/css-preset:build: Built /Users/aron/master/css/packages/binding/artifacts/mcss
@master/css-binding:test:     Finished `dev` profile [unoptimized + debuginfo] target(s) in 4.00s
@master/css-binding:test: Built /Users/aron/master/css/packages/binding/artifacts/mastercss.node
@master/css-binding:test: Built /Users/aron/master/css/packages/binding/artifacts/mcss
@master/css-tooling:test:     Finished `dev` profile [unoptimized + debuginfo] target(s) in 4.03s
@master/css-tooling:test: Built /Users/aron/master/css/packages/binding/artifacts/mastercss.node
@master/css-tooling:test: Built /Users/aron/master/css/packages/binding/artifacts/mcss
@master/css-tooling:test:     Finished `dev` profile [unoptimized + debuginfo] target(s) in 0.05s
@master/css-tooling:test:      Running `/Users/aron/master/css/target/debug/xtask build-wasm tooling`
@master/css-binding:test: (!) Your Vite config uses features that are unsupported by `configLoader: 'native'`, which is planned to become the default in a future major version of Vite:
@master/css-binding:test:   - import "../../shared/vitest.config" without a file extension (vitest.config.ts:3:20). Add the file extension
@master/css-binding:test:   - import "./vitest-ci-config" without a file extension (../../shared/vitest.config.ts:2:58). Add the file extension
@master/css-binding:test: Set `VITE_CONFIG_NATIVE_IGNORE_WARNING=true` to suppress this warning.
@master/css-binding:test: 
@master/css-binding:test:  RUN  v5.0.0 /Users/aron/master/css/packages/binding
@master/css-binding:test: 
@master/css-binding:test:  ✓ tests/scanner-state.test.ts (1 test) 355ms
@master/css-binding:test:    ✓ Rust scanner state session (1)
@master/css-binding:test:      ✓ keeps source cache and valid/invalid class state behind an opaque handle 353ms
@master/css-binding:test:  ✓ tests/bug-hunt-host-import-ownership.test.ts (1 test) 410ms
@master/css-binding:test:    ✓ BH-0004 host import ownership has native/Wasm parity and preserves child external imports 409ms
@master/css-binding:test:  ✓ tests/binding.test.ts (4 tests) 398ms
@master/css-binding:test:    ✓ binding loader (4)
@master/css-binding:test:      ✓ normalizes operation failures and disposes engine sessions idempotently 327ms
@master/css-binding:test:  ✓ tests/bug-hunt-stylesheet-discovery.test.ts (7 tests) 546ms
@master/css-binding:test:    ✓ BH-0004 native/Wasm discovery retains file boundaries, occurrences and UTF-16 import spans 386ms
@master/css-internal:build: cache bypass, force executing a40d43e060a844cc
@master/css-preset:lint: cache bypass, force executing 72bd5cb4ce2f3eec
@master/css-preset:test: cache bypass, force executing 0e413bedadf3b214
@master/css:build: cache bypass, force executing 3a942da774bb3be7
@master/css:type-check: cache bypass, force executing 2ba5d71de6e229bf
@master/css-internal:type-check: cache bypass, force executing 89dd16e5afc524b2
@master/css-tooling:test:     Finished `release` profile [optimized] target(s) in 0.05s
@master/css-preset:test: $ cargo xtask build-native && vitest
@master/css:type-check: $ tsc -b tsconfig.typecheck.json
@master/css-preset:lint: $ eslint
@master/css-internal:type-check: $ tsc -b tsconfig.typecheck.json
@master/css-internal:build: $ tsdown --config ../../shared/tsdown-package.config.ts
@master/css:build: $ tsdown --config ../../shared/tsdown-package.config.ts
@master/css-binding:test:  ✓ tests/loader.test.ts (12 tests) 654ms
@master/css-binding:test:    ✓ native target resolution (12)
@master/css-binding:test:      ✓ validates native executable ABI metadata 631ms
@master/css-binding:test: 
@master/css-binding:test:  Test Files  5 passed (5)
@master/css-binding:test:       Tests  25 passed (25)
@master/css-binding:test:    Start at  13:54:03
@master/css-binding:test:    Duration  788ms (tests 87%, transform 10%, import 2%)
@master/css-binding:test: 
@master/css:build: ℹ tsdown v0.23.0 powered by rolldown v1.2.7
@master/css-internal:build: ℹ tsdown v0.23.0 powered by rolldown v1.2.7
@master/css-preset:test:     Finished `dev` profile [unoptimized + debuginfo] target(s) in 0.07s
@master/css-preset:test:      Running `/Users/aron/master/css/target/debug/xtask build-native`
@master/css-internal:build: ℹ config file: /Users/aron/master/css/shared/tsdown-package.config.ts 
@master/css:build: ℹ config file: /Users/aron/master/css/shared/tsdown-package.config.ts 
@master/css-internal:build: ℹ entry: src/emitted-globals-module.ts, src/index.ts, src/manifest-facade.ts, src/manifest-loader.ts, src/manifest-module.ts, src/manifest-virtual-module.ts, src/module.ts, src/node.ts, src/project.ts, src/runtime-bootstrap.ts, src/style-module.ts, src/workspace-directories.ts, src/workspace.ts
@master/css-internal:build: ℹ target: node24.0.0
@master/css-internal:build: ℹ tsconfig: tsconfig.prod.json
@master/css:build: ℹ entry: src/index.ts, src/node.ts, src/render-class-names.ts, src/render-session.ts, src/engine/binding.ts, src/engine/bound-engine.ts, src/engine/create-engine.ts
@master/css-internal:build: ℹ Build start
@master/css:build: ℹ target: node24.0.0
@master/css:build: ℹ tsconfig: tsconfig.prod.json
@master/css:build: ℹ Build start
@master/css-internal:build: ℹ Cleaning 26 files
@master/css:build: ℹ Cleaning 15 files
@master/css-internal:build: TypeScript 7.0 does not yet have a stable API and is experimental. Some options will be unavailable.
@master/css:build: TypeScript 7.0 does not yet have a stable API and is experimental. Some options will be unavailable.
@master/css:build: ℹ dist/render-session.js          2.79 kB │ gzip: 0.94 kB
@master/css:build: ℹ dist/node.js                    2.74 kB │ gzip: 0.87 kB
@master/css:build: ℹ dist/engine/bound-engine.js     1.80 kB │ gzip: 0.64 kB
@master/css:build: ℹ dist/render-class-names.js      1.00 kB │ gzip: 0.41 kB
@master/css:build: ℹ dist/engine/create-engine.js    0.57 kB │ gzip: 0.29 kB
@master/css:build: ℹ dist/engine/binding.js          0.46 kB │ gzip: 0.28 kB
@master/css:build: ℹ dist/index.js                   0.16 kB │ gzip: 0.11 kB
@master/css:build: ℹ dist/engine/binding.d.ts        4.23 kB │ gzip: 0.97 kB
@master/css:build: ℹ dist/render-session.d.ts        2.79 kB │ gzip: 0.74 kB
@master/css:build: ℹ dist/node.d.ts                  1.43 kB │ gzip: 0.36 kB
@master/css:build: ℹ dist/index.d.ts                 1.31 kB │ gzip: 0.33 kB
@master/css:build: ℹ dist/engine/bound-engine.d.ts   1.18 kB │ gzip: 0.43 kB
@master/css:build: ℹ dist/render-class-names.d.ts    0.32 kB │ gzip: 0.20 kB
@master/css:build: ℹ dist/engine/create-engine.d.ts  0.25 kB │ gzip: 0.17 kB
@master/css:build: ℹ 14 files, total: 21.04 kB
@master/css:build: ✔ Build complete in 179ms
@master/css-runtime:type-check: cache bypass, force executing ce2444504f47441b
@master/css-runtime:build: cache bypass, force executing d4ea5c540e42cd31
@master/css-figma:type-check: cache bypass, force executing b383dc72ad256349
@master/css:lint: cache bypass, force executing eb5c819c005ecf0d
@master/css-figma:build: cache bypass, force executing 1ab62c9ab96183e9
@master/css:test: cache bypass, force executing 865fd167a43010cc
@master/css:lint: $ eslint
@master/css-runtime:type-check: $ tsc -b tsconfig.typecheck.json
@master/css-figma:type-check: $ tsc -b tsconfig.typecheck.json
@master/css-runtime:build: $ tsdown
@master/css:test: $ cargo xtask build-native && vitest
@master/css-figma:build: $ pnpm build:plugin & pnpm build:ui
@master/css-internal:build: ℹ dist/node.js                       4.70 kB │ gzip: 1.26 kB
@master/css-internal:build: ℹ dist/manifest-facade.js            4.63 kB │ gzip: 1.25 kB
@master/css-internal:build: ℹ dist/workspace-directories.js      3.50 kB │ gzip: 1.06 kB
@master/css-internal:build: ℹ dist/workspace.js                  3.03 kB │ gzip: 1.05 kB
@master/css-internal:build: ℹ dist/manifest-virtual-module.js    2.93 kB │ gzip: 1.03 kB
@master/css-internal:build: ℹ dist/runtime-bootstrap.js          2.54 kB │ gzip: 0.77 kB
@master/css-internal:build: ℹ dist/index.js                      1.56 kB │ gzip: 0.41 kB
@master/css-internal:build: ℹ dist/module.js                     1.56 kB │ gzip: 0.41 kB
@master/css-internal:build: ℹ dist/manifest-module.js            1.30 kB │ gzip: 0.50 kB
@master/css-internal:build: ℹ dist/manifest-loader.js            1.20 kB │ gzip: 0.48 kB
@master/css-internal:build: ℹ dist/emitted-globals-module.js     0.73 kB │ gzip: 0.32 kB
@master/css-internal:build: ℹ dist/style-module.js               0.73 kB │ gzip: 0.39 kB
@master/css-internal:build: ℹ dist/project.js                    0.65 kB │ gzip: 0.33 kB
@master/css-internal:build: ℹ dist/manifest-virtual-module.d.ts  2.10 kB │ gzip: 0.67 kB
@master/css-internal:build: ℹ dist/node.d.ts                     2.07 kB │ gzip: 0.49 kB
@master/css-internal:build: ℹ dist/module.d.ts                   1.82 kB │ gzip: 0.45 kB
@master/css-internal:build: ℹ dist/index.d.ts                    1.69 kB │ gzip: 0.38 kB
@master/css-internal:build: ℹ dist/manifest-loader.d.ts          1.60 kB │ gzip: 0.44 kB
@master/css-internal:build: ℹ dist/manifest-module.d.ts          1.55 kB │ gzip: 0.51 kB
@master/css-internal:build: ℹ dist/manifest-facade.d.ts          1.22 kB │ gzip: 0.37 kB
@master/css-internal:build: ℹ dist/workspace.d.ts                1.01 kB │ gzip: 0.33 kB
@master/css-internal:build: ℹ dist/emitted-globals-module.d.ts   0.78 kB │ gzip: 0.32 kB
@master/css-internal:build: ℹ dist/project.d.ts                  0.48 kB │ gzip: 0.24 kB
@master/css-internal:build: ℹ dist/workspace-directories.d.ts    0.41 kB │ gzip: 0.18 kB
@master/css-internal:build: ℹ dist/runtime-bootstrap.d.ts        0.41 kB │ gzip: 0.21 kB
@master/css-internal:build: ℹ dist/style-module.d.ts             0.32 kB │ gzip: 0.19 kB
@master/css-internal:build: ℹ 26 files, total: 44.53 kB
@master/css-internal:build: ✔ Build complete in 245ms
@master/css-internal:test: cache bypass, force executing dc187a89e36fa850
@master/css-figma:build: $ tsdown
@master/css-figma:build: $ concurrently "pnpm:build:ui:*"
@master/css-internal:test: $ vitest
@master/css-runtime:build: ℹ tsdown v0.23.0 powered by rolldown v1.2.7
@master/css-compiler:build: cache bypass, force executing 290d6a37727a8f72
@master/css-compiler:type-check: cache bypass, force executing 8285f00f8739be79
@master/css:test:     Finished `dev` profile [unoptimized + debuginfo] target(s) in 0.08s
@master/css:test:      Running `/Users/aron/master/css/target/debug/xtask build-native`
@master/css-figma:build: ℹ tsdown v0.23.0 powered by rolldown v1.2.7
@master/css-compiler:build: $ tsdown --config ../../shared/tsdown-package.config.ts
@master/css-compiler:type-check: $ tsc -b tsconfig.typecheck.json
@master/css-runtime:build: ℹ config file: /Users/aron/master/css/packages/runtime/tsdown.config.ts 
@master/css-runtime:build: ℹ entry: src/index.ts
@master/css-runtime:build: ℹ target: node24.0.0
@master/css-runtime:build: ℹ entry: src/global.min.ts
@master/css-runtime:build: ℹ target: node24.0.0
@master/css-runtime:build: ℹ tsconfig: tsconfig.prod.json
@master/css-runtime:build: ℹ tsconfig: tsconfig.prod.json
@master/css-runtime:build: ℹ entry: src/class-tracker.ts, src/core.ts, src/css-runtime.ts, src/generated-rule.ts, src/global.min.ts, src/host.ts, src/hydration.ts, src/index.ts, src/layer.ts, src/mutation.ts, src/register-global.ts, src/retention-config.ts, src/startup.ts, src/theme-layer.ts, src/types.ts, src/utility-layer.ts, src/types/hydrate-result.ts, src/debuggers/class-count.ts, src/debuggers/index.ts, src/debuggers/lifecycle.ts, src/debuggers/log.ts, src/utils/find-native-css-rule-index.ts
@master/css-runtime:build: ℹ target: node24.0.0
@master/css-runtime:build: ℹ tsconfig: tsconfig.prod.json
@master/css-runtime:build: ℹ Build start
@master/css-runtime:build: ℹ Cleaning 28 files
@master/css-runtime:build: TypeScript 7.0 does not yet have a stable API and is experimental. Some options will be unavailable.
@master/css-figma:build: ℹ config file: /Users/aron/master/css/packages/figma/tsdown.config.ts 
@master/css-figma:build: ℹ entry: src/plugin.min.ts
@master/css-figma:build: ℹ target: node24.0.0
@master/css-figma:build: ℹ tsconfig: tsconfig.prod.json
@master/css-figma:build: ℹ Build start
@master/css-figma:build: ℹ Cleaning 1 files
@master/css-runtime:build: ℹ dist/index.js  52.63 kB │ gzip: 11.70 kB
@master/css-runtime:build: ℹ 1 files, total: 52.63 kB
@master/css-runtime:build: ✔ Build complete in 88ms
@master/css-runtime:build: ℹ dist/global.min.js  49.79 kB │ gzip: 14.01 kB
@master/css-runtime:build: ℹ 1 files, total: 49.79 kB
@master/css-runtime:build: ✔ Build complete in 99ms
@master/css-compiler:build: ℹ tsdown v0.23.0 powered by rolldown v1.2.7
@master/css-internal:test: (!) Your Vite config uses features that are unsupported by `configLoader: 'native'`, which is planned to become the default in a future major version of Vite:
@master/css-internal:test:   - import "../../shared/vitest-ci-config" without a file extension (vitest.config.ts:2:58). Add the file extension
@master/css-internal:test: Set `VITE_CONFIG_NATIVE_IGNORE_WARNING=true` to suppress this warning.
@master/css-internal:lint: cache bypass, force executing 1c0a049a10b110e3
@master/css-internal:test: 
@master/css-internal:test:  RUN  v5.0.0 /Users/aron/master/css/packages/internal
@master/css-internal:test: 
@master/css-compiler:build: ℹ config file: /Users/aron/master/css/shared/tsdown-package.config.ts 
@master/css-internal:lint: $ eslint
@master/css-figma:build: ℹ dist/plugin.min.js  89.12 kB │ gzip: 35.27 kB
@master/css-figma:build: ℹ 1 files, total: 89.12 kB
@master/css-figma:build: ✔ Build complete in 129ms
@master/css-compiler:build: ℹ entry: src/compiler-diagnostics.ts, src/compiler.ts, src/contracts.ts, src/index.ts, src/node-compiler.ts, src/node-imports.ts, src/node.ts, src/session.ts, src/diagnostics/contracts.ts, src/diagnostics/index.ts, src/project/binding-project.ts, src/project/entries.ts, src/project/manifest-sync.ts, src/project/manifest.ts, src/project/options.ts, src/stylesheet/browser.ts, src/stylesheet/compiled-source.ts, src/stylesheet/delivery.ts, src/stylesheet/directives.ts, src/stylesheet/index-public.ts, src/stylesheet/index.ts, src/stylesheet/output-map.ts, src/stylesheet/public.ts, src/stylesheet/reference-origins.ts, src/stylesheet/render-core.ts, src/stylesheet/render-delivery.ts, src/stylesheet/render-source.ts, src/stylesheet/render.ts, src/stylesheet/source-context.ts, src/stylesheet/source.ts, src/stylesheet/types.ts
@master/css-compiler:build: ℹ target: node24.0.0
@master/css-compiler:build: ℹ tsconfig: tsconfig.prod.json
@master/css-compiler:build: ℹ Build start
@master/css-compiler:build: ℹ Cleaning 65 files
@master/css-figma:build: [export-variables] $ vite build --mode export-variables
@master/css-figma:build: [import-variables] $ vite build --mode import-variables
@master/css-runtime:build: ℹ dist/host.d.ts                              4.19 kB │ gzip: 1.16 kB
@master/css-runtime:build: ℹ dist/core.d.ts                              2.95 kB │ gzip: 0.86 kB
@master/css-runtime:build: ℹ dist/types.d.ts                             2.60 kB │ gzip: 0.77 kB
@master/css-runtime:build: ℹ dist/debuggers/log.d.ts                     1.38 kB │ gzip: 0.42 kB
@master/css-runtime:build: ℹ dist/css-runtime.d.ts                       1.25 kB │ gzip: 0.40 kB
@master/css-runtime:build: ℹ dist/generated-rule.d.ts                    1.06 kB │ gzip: 0.39 kB
@master/css-runtime:build: ℹ dist/retention-config.d.ts                  1.01 kB │ gzip: 0.42 kB
@master/css-runtime:build: ℹ dist/layer.d.ts                             0.97 kB │ gzip: 0.39 kB
@master/css-runtime:build: ℹ dist/debuggers/lifecycle.d.ts               0.87 kB │ gzip: 0.28 kB
@master/css-runtime:build: ℹ dist/index.d.ts                             0.69 kB │ gzip: 0.19 kB
@master/css-runtime:build: ℹ dist/mutation.d.ts                          0.63 kB │ gzip: 0.32 kB
@master/css-runtime:build: ℹ dist/hydration.d.ts                         0.62 kB │ gzip: 0.27 kB
@master/css-runtime:build: ℹ dist/class-tracker.d.ts                     0.50 kB │ gzip: 0.28 kB
@master/css-runtime:build: ℹ dist/debuggers/index.d.ts                   0.50 kB │ gzip: 0.22 kB
@master/css-runtime:build: ℹ dist/utility-layer.d.ts                     0.43 kB │ gzip: 0.25 kB
@master/css-runtime:build: ℹ dist/register-global.d.ts                   0.35 kB │ gzip: 0.19 kB
@master/css-runtime:build: ℹ dist/debuggers/class-count.d.ts             0.34 kB │ gzip: 0.23 kB
@master/css-runtime:build: ℹ dist/startup.d.ts                           0.30 kB │ gzip: 0.20 kB
@master/css-runtime:build: ℹ dist/theme-layer.d.ts                       0.24 kB │ gzip: 0.17 kB
@master/css-runtime:build: ℹ dist/utils/find-native-css-rule-index.d.ts  0.20 kB │ gzip: 0.15 kB
@master/css-runtime:build: ℹ dist/types/hydrate-result.d.ts              0.20 kB │ gzip: 0.15 kB
@master/css-runtime:build: ℹ dist/global.min.d.ts                        0.01 kB │ gzip: 0.03 kB
@master/css-runtime:build: ℹ 22 files, total: 21.31 kB
@master/css-runtime:build: ✔ Build complete in 257ms
@master/css-compiler:build: TypeScript 7.0 does not yet have a stable API and is experimental. Some options will be unavailable.
@master/css-runtime:lint: cache bypass, force executing 1fc6904f73d4bf53
@master/css-runtime:lint: $ eslint
@master/css-internal:test:  ✓ tests/browser-safe.test.ts (1 test) 3ms
@master/css-internal:test:  ✓ tests/bug-hunt-manifest-hmr.test.ts (2 tests) 3ms
@master/css-internal:test:  ✓ tests/bug-hunt.test.ts (1 test) 7ms
@master/css-internal:test:  ✓ tests/node.test.ts (3 tests) 5ms
@master/css-internal:test:  ✓ tests/module.test.ts (11 tests) 8ms
@master/css-figma:build: [export-variables] vite v8.2.2 building client environment for export-variables...
@master/css-figma:build: [import-variables] vite v8.2.2 building client environment for import-variables...
@master/css-figma:build: [export-variables] transforming...
@master/css-figma:build: [import-variables] transforming...
@master/css-compiler:build: ℹ dist/stylesheet/index.js                22.13 kB │ gzip: 4.90 kB
@master/css-compiler:build: ℹ dist/node-compiler.js                   16.89 kB │ gzip: 4.00 kB
@master/css-compiler:build: ℹ dist/stylesheet/delivery.js             15.46 kB │ gzip: 4.15 kB
@master/css-compiler:build: ℹ dist/stylesheet/public.js               11.15 kB │ gzip: 2.51 kB
@master/css-compiler:build: ℹ dist/node-imports.js                    10.08 kB │ gzip: 2.74 kB
@master/css-compiler:build: ℹ dist/diagnostics/index.js                7.59 kB │ gzip: 2.31 kB
@master/css-compiler:build: ℹ dist/compiler.js                         6.99 kB │ gzip: 1.83 kB
@master/css-compiler:build: ℹ dist/stylesheet/output-map.js            6.86 kB │ gzip: 2.37 kB
@master/css-compiler:build: ℹ dist/project/entries.js                  6.34 kB │ gzip: 1.66 kB
@master/css-compiler:build: ℹ dist/stylesheet/directives.js            4.75 kB │ gzip: 1.42 kB
@master/css-compiler:build: ℹ dist/stylesheet/compiled-source.js       3.52 kB │ gzip: 1.16 kB
@master/css-compiler:build: ℹ dist/stylesheet/source-context.js        3.12 kB │ gzip: 1.14 kB
@master/css-compiler:build: ℹ dist/project/binding-project.js          2.94 kB │ gzip: 1.05 kB
@master/css-compiler:build: ℹ dist/session.js                          2.69 kB │ gzip: 0.83 kB
@master/css-compiler:build: ℹ dist/stylesheet/browser.js               2.26 kB │ gzip: 0.76 kB
@master/css-compiler:build: ℹ dist/node.js                             2.03 kB │ gzip: 0.60 kB
@master/css-compiler:build: ℹ dist/project/manifest.js                 1.91 kB │ gzip: 0.71 kB
@master/css-compiler:build: ℹ dist/stylesheet/source.js                1.91 kB │ gzip: 0.81 kB
@master/css-compiler:build: ℹ dist/stylesheet/reference-origins.js     1.69 kB │ gzip: 0.79 kB
@master/css-compiler:build: ℹ dist/project/manifest-sync.js            1.68 kB │ gzip: 0.66 kB
@master/css-compiler:build: ℹ dist/stylesheet/render-delivery.js       1.61 kB │ gzip: 0.62 kB
@master/css-compiler:build: ℹ dist/stylesheet/render-source.js         1.24 kB │ gzip: 0.56 kB
@master/css-compiler:build: ℹ dist/stylesheet/render-core.js           1.11 kB │ gzip: 0.49 kB
@master/css-compiler:build: ℹ dist/stylesheet/render.js                1.03 kB │ gzip: 0.41 kB
@master/css-compiler:build: ℹ dist/index.js                            0.98 kB │ gzip: 0.32 kB
@master/css-compiler:build: ℹ dist/stylesheet/index-public.js          0.60 kB │ gzip: 0.19 kB
@master/css-compiler:build: ℹ dist/compiler-diagnostics.js             0.51 kB │ gzip: 0.20 kB
@master/css-compiler:build: ℹ dist/contracts.js                        0.21 kB │ gzip: 0.16 kB
@master/css-compiler:build: ℹ dist/diagnostics/contracts.js            0.01 kB │ gzip: 0.03 kB
@master/css-compiler:build: ℹ dist/project/options.js                  0.01 kB │ gzip: 0.03 kB
@master/css-compiler:build: ℹ dist/stylesheet/types.js                 0.01 kB │ gzip: 0.03 kB
@master/css-compiler:build: ℹ dist/stylesheet/public.d.ts              8.65 kB │ gzip: 1.71 kB
@master/css-compiler:build: ℹ dist/node-compiler.d.ts                  7.68 kB │ gzip: 1.66 kB
@master/css-compiler:build: ℹ dist/stylesheet/index.d.ts               6.90 kB │ gzip: 1.21 kB
@master/css-compiler:build: ℹ dist/stylesheet/types.d.ts               5.69 kB │ gzip: 1.43 kB
@master/css-compiler:build: ℹ dist/index.d.ts                          4.77 kB │ gzip: 1.31 kB
@master/css-compiler:build: ℹ dist/stylesheet/delivery.d.ts            4.72 kB │ gzip: 1.27 kB
@master/css-compiler:build: ℹ dist/diagnostics/contracts.d.ts          3.96 kB │ gzip: 0.89 kB
@master/css-compiler:build: ℹ dist/node.d.ts                           3.16 kB │ gzip: 0.66 kB
@master/css-compiler:build: ℹ dist/node-imports.d.ts                   2.56 kB │ gzip: 0.88 kB
@master/css-compiler:build: ℹ dist/compiler.d.ts                       2.48 kB │ gzip: 0.67 kB
@master/css-compiler:build: ℹ dist/stylesheet/directives.d.ts          2.39 kB │ gzip: 0.66 kB
@master/css-compiler:build: ℹ dist/stylesheet/index-public.d.ts        2.17 kB │ gzip: 0.39 kB
@master/css-compiler:build: ℹ dist/session.d.ts                        2.14 kB │ gzip: 0.60 kB
@master/css-compiler:build: ℹ dist/stylesheet/render-core.d.ts         1.92 kB │ gzip: 0.59 kB
@master/css-compiler:build: ℹ dist/stylesheet/browser.d.ts             1.71 kB │ gzip: 0.62 kB
@master/css-compiler:build: ℹ dist/diagnostics/index.d.ts              1.67 kB │ gzip: 0.54 kB
@master/css-compiler:build: ℹ dist/project/entries.d.ts                1.40 kB │ gzip: 0.39 kB
@master/css-compiler:build: ℹ dist/contracts.d.ts                      1.22 kB │ gzip: 0.51 kB
@master/css-compiler:build: ℹ dist/project/options.d.ts                1.12 kB │ gzip: 0.39 kB
@master/css-compiler:build: ℹ dist/project/manifest-sync.d.ts          1.07 kB │ gzip: 0.31 kB
@master/css-compiler:build: ℹ dist/project/manifest.d.ts               1.02 kB │ gzip: 0.29 kB
@master/css-compiler:build: ℹ dist/stylesheet/output-map.d.ts          1.01 kB │ gzip: 0.43 kB
@master/css-compiler:build: ℹ dist/project/binding-project.d.ts        0.97 kB │ gzip: 0.40 kB
@master/css-compiler:build: ℹ dist/compiler-diagnostics.d.ts           0.78 kB │ gzip: 0.25 kB
@master/css-compiler:build: ℹ dist/stylesheet/compiled-source.d.ts     0.72 kB │ gzip: 0.38 kB
@master/css-compiler:build: ℹ dist/stylesheet/render-source.d.ts       0.61 kB │ gzip: 0.32 kB
@master/css-compiler:build: ℹ dist/stylesheet/render.d.ts              0.53 kB │ gzip: 0.19 kB
@master/css-compiler:build: ℹ dist/stylesheet/source-context.d.ts      0.48 kB │ gzip: 0.28 kB
@master/css-compiler:build: ℹ dist/stylesheet/reference-origins.d.ts   0.43 kB │ gzip: 0.26 kB
@master/css-compiler:build: ℹ dist/stylesheet/render-delivery.d.ts     0.43 kB │ gzip: 0.24 kB
@master/css-compiler:build: ℹ dist/stylesheet/source.d.ts              0.32 kB │ gzip: 0.19 kB
@master/css-compiler:build: ℹ 62 files, total: 213.99 kB
@master/css-compiler:build: ✔ Build complete in 311ms
@master/css-server:type-check: cache bypass, force executing 6103af02e6aff921
@master/css-cli:build: cache bypass, force executing 5bddd488456f2322
@master/css-cli:build: $ tsdown --config ../../shared/tsdown-package.config.ts
@master/css-server:type-check: $ tsc -b tsconfig.typecheck.json
@master/css-figma:build: [export-variables] ✓ 17 modules transformed.
@master/css-figma:build: [import-variables] ✓ 15 modules transformed.
@master/css-figma:build: [export-variables] 
@master/css-figma:build: [export-variables] (!) outDir /Users/aron/master/css/packages/figma/out is not inside project root and will not be emptied.
@master/css-figma:build: [export-variables] Use --emptyOutDir to override.
@master/css-figma:build: [export-variables] 
@master/css-figma:build: [import-variables] 
@master/css-figma:build: [import-variables] (!) outDir /Users/aron/master/css/packages/figma/out is not inside project root and will not be emptied.
@master/css-figma:build: [import-variables] Use --emptyOutDir to override.
@master/css-figma:build: [import-variables] 
@master/css-figma:build: [export-variables] rendering chunks...
@master/css-figma:build: [import-variables] rendering chunks...
@master/css-figma:build: [export-variables] [plugin vite:singlefile] 
@master/css-figma:build: [export-variables] 
@master/css-figma:build: [export-variables] [plugin vite:singlefile] Inlining: main-BTt4x0yP.js
@master/css-figma:build: [export-variables] [plugin vite:singlefile] Inlining: style-G1Zkcb4U.css
@master/css-figma:build: [import-variables] [plugin vite:singlefile] 
@master/css-figma:build: [import-variables] 
@master/css-figma:build: [export-variables] computing gzip size...
@master/css-figma:build: [import-variables] [plugin vite:singlefile] Inlining: main-DbBoBPUV.js
@master/css-figma:build: [import-variables] [plugin vite:singlefile] Inlining: style-G1Zkcb4U.css
@master/css-figma:build: [export-variables] out/export-variables.html  31.18 kB │ gzip: 12.31 kB
@master/css-figma:build: [export-variables] 
@master/css-figma:build: [export-variables] ✓ built in 234ms
@master/css-figma:build: [import-variables] computing gzip size...
@master/css-figma:build: [import-variables] out/import-variables.html  26.96 kB │ gzip: 10.83 kB
@master/css-figma:build: [import-variables] 
@master/css-figma:build: [import-variables] ✓ built in 235ms
@master/css-preset:test:     Blocking waiting for file lock on package cache
@master/css-figma:build: [export-variables] pnpm run build:ui:export-variables exited with code 0
@master/css-figma:build: [import-variables] pnpm run build:ui:import-variables exited with code 0
@master/css-cli:build: ℹ tsdown v0.23.0 powered by rolldown v1.2.7
@master/css:test:     Blocking waiting for file lock on package cache
@master/css-cli:type-check: cache bypass, force executing 2f62ba56f0e4eda4
@master/css-server:build: cache bypass, force executing 663f5bd1465a4286
@master/css-preset:test:     Blocking waiting for file lock on package cache
@master/css:test:     Blocking waiting for file lock on package cache
@master/css-preset:test:     Blocking waiting for file lock on package cache
@master/css-cli:type-check: $ tsc -b tsconfig.typecheck.json
@master/css-tooling:test: Built /Users/aron/master/css/packages/binding-wasm-tooling/artifacts
@master/css-server:build: $ tsdown --config ../../shared/tsdown-package.config.ts && node scripts/restore-json-import-attributes.js
@master/css-cli:build: ℹ config file: /Users/aron/master/css/shared/tsdown-package.config.ts 
@master/css-cli:build: ℹ entry: src/asset-ownership.ts, src/constants.ts, src/core.ts, src/generate.ts, src/inspect.ts, src/lint.ts, src/publication-lock.ts, src/publication.ts, src/source-watch.ts, src/bin/index.ts
@master/css-cli:build: ℹ target: node24.0.0
@master/css-cli:build: ℹ tsconfig: tsconfig.prod.json
@master/css-cli:build: ℹ Build start
@master/css:test:     Blocking waiting for file lock on package cache
@master/css-cli:build: ℹ Cleaning 11 files
@master/css-preset:test:     Blocking waiting for file lock on build directory
@master/css-cli:build: ℹ Granting execute permission to dist/bin/index.js
@master/css-cli:build: ℹ dist/generate.js          13.09 kB │ gzip: 3.78 kB
@master/css-cli:build: ℹ dist/asset-ownership.js    7.21 kB │ gzip: 2.31 kB
@master/css-cli:build: ℹ dist/lint.js               5.58 kB │ gzip: 1.94 kB
@master/css-cli:build: ℹ dist/publication.js        3.45 kB │ gzip: 1.21 kB
@master/css-cli:build: ℹ dist/core.js               3.22 kB │ gzip: 1.23 kB
@master/css-cli:build: ℹ dist/publication-lock.js   2.85 kB │ gzip: 1.22 kB
@master/css-cli:build: ℹ dist/inspect.js            2.00 kB │ gzip: 0.88 kB
@master/css-cli:build: ℹ dist/source-watch.js       1.89 kB │ gzip: 0.78 kB
@master/css-cli:build: ℹ dist/bin/index.js          0.13 kB │ gzip: 0.12 kB
@master/css-cli:build: ℹ dist/constants.js          0.11 kB │ gzip: 0.11 kB
@master/css-cli:build: ℹ 10 files, total: 39.52 kB
@master/css-cli:build: ✔ Build complete in 39ms
@master/eslint-plugin-css:build: cache bypass, force executing 02150873625fa4bc
@master/css:test:    Compiling mastercss-cli v0.0.0 (/Users/aron/master/css/crates/mastercss-cli)
@master/eslint-plugin-css:build: $ tsdown --config ../../shared/tsdown-package.config.ts
@master/css-server:build: ℹ tsdown v0.23.0 powered by rolldown v1.2.7
@master/eslint-plugin-css:type-check: cache bypass, force executing eb4d8925a8921556
@master/css-compiler:test: cache bypass, force executing 44df64840d68233e
@master/css-internal:test:  ✓ tests/bug-hunt-runtime-start-hmr.test.ts (5 tests) 523ms
@master/eslint-plugin-css:type-check: $ tsc -b tsconfig.typecheck.json
@master/css-server:build: ℹ config file: /Users/aron/master/css/shared/tsdown-package.config.ts 
@master/css-server:build: ℹ entry: src/create-server-renderer.ts, src/decode-html.ts, src/html-render-session.ts, src/index.ts, src/parse-html.ts, src/render-html.ts, src/render.ts
@master/css-server:build: ℹ target: node24.0.0
@master/css-server:build: ℹ tsconfig: tsconfig.prod.json
@master/css-server:build: ℹ Build start
@master/css-server:build: ℹ Cleaning 14 files
@master/css-compiler:test: $ cargo xtask build-native && cargo xtask build-wasm compiler && vitest
@master/css-server:build: TypeScript 7.0 does not yet have a stable API and is experimental. Some options will be unavailable.
@master/eslint-plugin-css:build: ℹ tsdown v0.23.0 powered by rolldown v1.2.7
@master/css-tooling:test: (!) Your Vite config uses features that are unsupported by `configLoader: 'native'`, which is planned to become the default in a future major version of Vite:
@master/css-tooling:test:   - import "../../shared/vitest.config" without a file extension (vitest.config.ts:3:20). Add the file extension
@master/css-tooling:test:   - import "./vitest-ci-config" without a file extension (../../shared/vitest.config.ts:2:58). Add the file extension
@master/css-tooling:test: Set `VITE_CONFIG_NATIVE_IGNORE_WARNING=true` to suppress this warning.
@master/css-tooling:test: 
@master/css-tooling:test:  RUN  v5.0.0 /Users/aron/master/css/packages/tooling
@master/css-tooling:test: 
@master/eslint-plugin-css:build: ℹ config file: /Users/aron/master/css/shared/tsdown-package.config.ts 
@master/eslint-plugin-css:build: ℹ entry: src/create-rule.ts, src/index.ts, src/plugin.ts, src/settings-schema.ts, src/settings.ts, src/stylesheet-parser.ts, src/configs/base.ts, src/configs/recommended.ts, src/configs/stylesheet.ts, src/rules/no-conflicting-classes.ts, src/rules/no-invalid-classes.ts, src/rules/no-unapproved-raw-values.ts, src/rules/prefer-canonical-classes.ts, src/rules/sort-classes.ts, src/utils/define-source-visitors.ts, src/utils/define-visitors.ts, src/utils/is-same-or-child-path.ts, src/utils/javascript-literal.ts, src/utils/master-css.ts, src/utils/report-lint-diagnostics.ts, src/utils/resolve-class-node.ts, src/utils/resolve-compose-directive-class-nodes.ts, src/utils/resolve-context.ts, src/utils/vue-literal.ts, src/utils/with-context-release.ts, src/utils/with-visit-class-node.ts
@master/eslint-plugin-css:build: ℹ target: node24.0.0
@master/eslint-plugin-css:build: ℹ tsconfig: tsconfig.prod.json
@master/eslint-plugin-css:build: ℹ Build start
@master/eslint-plugin-css:build: ℹ Cleaning 58 files
@master/css-compiler:test:     Blocking waiting for file lock on build directory
@master/css-compiler:lint: cache bypass, force executing 609d94f19f238610
@master/eslint-plugin-css:build: TypeScript 7.0 does not yet have a stable API and is experimental. Some options will be unavailable.
@master/css-compiler:lint: $ eslint
@master/css-server:build: ℹ dist/render.js                    5.09 kB │ gzip: 1.46 kB
@master/css-server:build: ℹ dist/create-server-renderer.js    3.01 kB │ gzip: 1.03 kB
@master/css-server:build: ℹ dist/html-render-session.js       2.14 kB │ gzip: 0.83 kB
@master/css-server:build: ℹ dist/parse-html.js                1.15 kB │ gzip: 0.57 kB
@master/css-server:build: ℹ dist/render-html.js               0.86 kB │ gzip: 0.32 kB
@master/css-server:build: ℹ dist/decode-html.js               0.48 kB │ gzip: 0.33 kB
@master/css-server:build: ℹ dist/index.js                     0.36 kB │ gzip: 0.16 kB
@master/css-server:build: ℹ dist/render.d.ts                  1.51 kB │ gzip: 0.49 kB
@master/css-server:build: ℹ dist/create-server-renderer.d.ts  1.17 kB │ gzip: 0.45 kB
@master/css-server:build: ℹ dist/index.d.ts                   0.97 kB │ gzip: 0.27 kB
@master/css-server:build: ℹ dist/html-render-session.d.ts     0.88 kB │ gzip: 0.39 kB
@master/css-server:build: ℹ dist/render-html.d.ts             0.68 kB │ gzip: 0.26 kB
@master/css-server:build: ℹ dist/parse-html.d.ts              0.38 kB │ gzip: 0.23 kB
@master/css-server:build: ℹ dist/decode-html.d.ts             0.21 kB │ gzip: 0.17 kB
@master/css-server:build: ℹ 14 files, total: 18.89 kB
@master/css-server:build: ✔ Build complete in 281ms
@master/css-internal:test:  ✓ tests/bug-hunt-runtime-input-updates.test.ts (6 tests) 895ms
@master/css-internal:test: 
@master/css-internal:test:  Test Files  7 passed (7)
@master/css-internal:test:       Tests  29 passed (29)
@master/css-internal:test:    Start at  13:54:05
@master/css-internal:test:    Duration  1.11s (tests 63%, transform 28%, import 8%, worker 1%)
@master/css-internal:test: 
@master/css-webpack:build: cache bypass, force executing 3c3576391945b2db
@master/css-webpack:type-check: cache bypass, force executing 08561a07658c6c4f
@master/css-figma:lint: cache bypass, force executing 11e7528833048131
@master/css-webpack:build: $ tsdown --config ../../shared/tsdown-package.config.ts
@master/css-webpack:type-check: $ tsc -b tsconfig.typecheck.json
@master/css-figma:lint: $ eslint
@master/eslint-plugin-css:build: ℹ dist/utils/resolve-context.js                          5.93 kB │ gzip: 1.79 kB
@master/eslint-plugin-css:build: ℹ dist/utils/resolve-compose-directive-class-nodes.js    5.15 kB │ gzip: 1.65 kB
@master/eslint-plugin-css:build: ℹ dist/utils/define-visitors.js                          3.92 kB │ gzip: 1.08 kB
@master/eslint-plugin-css:build: ℹ dist/rules/prefer-canonical-classes.js                 3.84 kB │ gzip: 1.23 kB
@master/eslint-plugin-css:build: ℹ dist/utils/resolve-class-node.js                       3.47 kB │ gzip: 1.19 kB
@master/eslint-plugin-css:build: ℹ dist/utils/vue-literal.js                              2.49 kB │ gzip: 1.03 kB
@master/eslint-plugin-css:build: ℹ dist/utils/report-lint-diagnostics.js                  2.29 kB │ gzip: 0.87 kB
@master/eslint-plugin-css:build: ℹ dist/rules/no-unapproved-raw-values.js                 2.10 kB │ gzip: 0.80 kB
@master/eslint-plugin-css:build: ℹ dist/utils/javascript-literal.js                       2.05 kB │ gzip: 0.77 kB
@master/eslint-plugin-css:build: ℹ dist/utils/define-source-visitors.js                   2.02 kB │ gzip: 0.82 kB
@master/eslint-plugin-css:build: ℹ dist/rules/no-invalid-classes.js                       1.82 kB │ gzip: 0.68 kB
@master/eslint-plugin-css:build: ℹ dist/rules/no-conflicting-classes.js                   1.60 kB │ gzip: 0.63 kB
@master/eslint-plugin-css:build: ℹ dist/rules/sort-classes.js                             1.55 kB │ gzip: 0.64 kB
@master/eslint-plugin-css:build: ℹ dist/utils/with-visit-class-node.js                    1.41 kB │ gzip: 0.54 kB
@master/eslint-plugin-css:build: ℹ dist/plugin.js                                         1.10 kB │ gzip: 0.42 kB
@master/eslint-plugin-css:build: ℹ dist/stylesheet-parser.js                              0.72 kB │ gzip: 0.39 kB
@master/eslint-plugin-css:build: ℹ dist/settings-schema.js                                0.70 kB │ gzip: 0.31 kB
@master/eslint-plugin-css:build: ℹ dist/index.js                                          0.55 kB │ gzip: 0.24 kB
@master/eslint-plugin-css:build: ℹ dist/configs/stylesheet.js                             0.41 kB │ gzip: 0.24 kB
@master/eslint-plugin-css:build: ℹ dist/utils/is-same-or-child-path.js                    0.39 kB │ gzip: 0.24 kB
@master/eslint-plugin-css:build: ℹ dist/utils/with-context-release.js                     0.38 kB │ gzip: 0.23 kB
@master/eslint-plugin-css:build: ℹ dist/configs/recommended.js                            0.37 kB │ gzip: 0.21 kB
@master/eslint-plugin-css:build: ℹ dist/create-rule.js                                    0.28 kB │ gzip: 0.21 kB
@master/eslint-plugin-css:build: ℹ dist/utils/master-css.js                               0.22 kB │ gzip: 0.17 kB
@master/eslint-plugin-css:build: ℹ dist/settings.js                                       0.21 kB │ gzip: 0.16 kB
@master/eslint-plugin-css:build: ℹ dist/configs/base.js                                   0.17 kB │ gzip: 0.14 kB
@master/eslint-plugin-css:build: ℹ dist/internal/src/workspace-directories.js             2.56 kB │ gzip: 1.00 kB
@master/eslint-plugin-css:build: ℹ dist/utils/report-lint-diagnostics.d.ts                1.20 kB │ gzip: 0.50 kB
@master/eslint-plugin-css:build: ℹ dist/utils/resolve-class-node.d.ts                     1.07 kB │ gzip: 0.49 kB
@master/eslint-plugin-css:build: ℹ dist/utils/define-source-visitors.d.ts                 0.86 kB │ gzip: 0.35 kB
@master/eslint-plugin-css:build: ℹ dist/utils/define-visitors.d.ts                        0.70 kB │ gzip: 0.38 kB
@master/eslint-plugin-css:build: ℹ dist/utils/resolve-compose-directive-class-nodes.d.ts  0.67 kB │ gzip: 0.32 kB
@master/eslint-plugin-css:build: ℹ dist/utils/with-visit-class-node.d.ts                  0.60 kB │ gzip: 0.34 kB
@master/eslint-plugin-css:build: ℹ dist/stylesheet-parser.d.ts                            0.58 kB │ gzip: 0.26 kB
@master/eslint-plugin-css:build: ℹ dist/settings.d.ts                                     0.58 kB │ gzip: 0.25 kB
@master/eslint-plugin-css:build: ℹ dist/utils/resolve-context.d.ts                        0.56 kB │ gzip: 0.30 kB
@master/eslint-plugin-css:build: ℹ dist/utils/vue-literal.d.ts                            0.48 kB │ gzip: 0.30 kB
@master/eslint-plugin-css:build: ℹ dist/index.d.ts                                        0.47 kB │ gzip: 0.26 kB
@master/eslint-plugin-css:build: ℹ dist/create-rule.d.ts                                  0.42 kB │ gzip: 0.27 kB
@master/eslint-plugin-css:build: ℹ dist/rules/prefer-canonical-classes.d.ts               0.40 kB │ gzip: 0.26 kB
@master/eslint-plugin-css:build: ℹ dist/rules/no-unapproved-raw-values.d.ts               0.37 kB │ gzip: 0.24 kB
@master/eslint-plugin-css:build: ℹ dist/settings-schema.d.ts                              0.33 kB │ gzip: 0.19 kB
@master/eslint-plugin-css:build: ℹ dist/utils/javascript-literal.d.ts                     0.32 kB │ gzip: 0.19 kB
@master/eslint-plugin-css:build: ℹ dist/rules/no-conflicting-classes.d.ts                 0.31 kB │ gzip: 0.21 kB
@master/eslint-plugin-css:build: ℹ dist/rules/no-invalid-classes.d.ts                     0.30 kB │ gzip: 0.21 kB
@master/eslint-plugin-css:build: ℹ dist/rules/sort-classes.d.ts                           0.28 kB │ gzip: 0.20 kB
@master/eslint-plugin-css:build: ℹ dist/utils/with-context-release.d.ts                   0.26 kB │ gzip: 0.18 kB
@master/eslint-plugin-css:build: ℹ dist/utils/master-css.d.ts                             0.21 kB │ gzip: 0.15 kB
@master/eslint-plugin-css:build: ℹ dist/utils/is-same-or-child-path.d.ts                  0.18 kB │ gzip: 0.15 kB
@master/eslint-plugin-css:build: ℹ dist/plugin.d.ts                                       0.17 kB │ gzip: 0.15 kB
@master/eslint-plugin-css:build: ℹ dist/configs/recommended.d.ts                          0.15 kB │ gzip: 0.13 kB
@master/eslint-plugin-css:build: ℹ dist/configs/stylesheet.d.ts                           0.15 kB │ gzip: 0.13 kB
@master/eslint-plugin-css:build: ℹ dist/configs/base.d.ts                                 0.15 kB │ gzip: 0.13 kB
@master/eslint-plugin-css:build: ℹ 53 files, total: 59.49 kB
@master/eslint-plugin-css:build: ✔ Build complete in 358ms
@master/css-figma:test: cache bypass, force executing 6af3e1282889391f
@master/css-webpack:build: ℹ tsdown v0.23.0 powered by rolldown v1.2.7
@master/css-figma:test: $ vitest
@master/css-webpack:build: ℹ config file: /Users/aron/master/css/shared/tsdown-package.config.ts 
@master/css-webpack:build: ℹ entry: src/index.ts, src/options.ts, src/plugin.ts, src/runtime.ts, src/stylesheet-loader.ts, src/plugins/generated-css-assets.ts, src/plugins/manifest-json-assets.ts, src/plugins/manifest-loader.ts, src/plugins/manifest-virtual-module.ts, src/plugins/runtime-entry.ts, src/plugins/runtime-html-assets.ts, src/plugins/scanner-lifecycle.ts, src/plugins/style-entry.ts, src/plugins/usage-graph.ts, src/plugins/virtual-css-import.ts, src/plugins/virtual-modules.ts, src/utils/build-stylesheet-delivery.ts, src/utils/file-dependencies.ts, src/utils/path.ts, src/utils/stylesheet-slot.ts, src/utils/transform-style-source.ts
@master/css-webpack:build: ℹ target: node24.0.0
@master/css-webpack:build: ℹ tsconfig: tsconfig.prod.json
@master/css-webpack:build: ℹ Build start
@master/css-webpack:build: ℹ Cleaning 59 files
@master/css-cli:lint: cache bypass, force executing 8cf25ab5f900d55a
@master/css-webpack:build: TypeScript 7.0 does not yet have a stable API and is experimental. Some options will be unavailable.
@master/css-cli:lint: $ eslint
@master/css:test:     Finished `dev` profile [unoptimized + debuginfo] target(s) in 0.95s
@master/css:test: Built /Users/aron/master/css/packages/binding/artifacts/mastercss.node
@master/css:test: Built /Users/aron/master/css/packages/binding/artifacts/mcss
@master/css-preset:test:     Finished `dev` profile [unoptimized + debuginfo] target(s) in 1.02s
@master/css-preset:test: Built /Users/aron/master/css/packages/binding/artifacts/mastercss.node
@master/css-preset:test: Built /Users/aron/master/css/packages/binding/artifacts/mcss
@master/css-compiler:test:     Finished `dev` profile [unoptimized + debuginfo] target(s) in 0.78s
@master/css-compiler:test:      Running `/Users/aron/master/css/target/debug/xtask build-native`
@master/css-figma:test: (!) Your Vite config uses features that are unsupported by `configLoader: 'native'`, which is planned to become the default in a future major version of Vite:
@master/css-figma:test:   - import "../../shared/vitest.config" without a file extension (vitest.config.ts:2:20). Add the file extension
@master/css-figma:test:   - import "./vitest-ci-config" without a file extension (../../shared/vitest.config.ts:2:58). Add the file extension
@master/css-figma:test: Set `VITE_CONFIG_NATIVE_IGNORE_WARNING=true` to suppress this warning.
@master/css-webpack:build: ℹ dist/plugin.js                                16.03 kB │ gzip:  3.74 kB
@master/css-webpack:build: ℹ dist/plugins/runtime-html-assets.js            5.36 kB │ gzip:  1.69 kB
@master/css-webpack:build: ℹ dist/plugins/generated-css-assets.js           3.65 kB │ gzip:  1.28 kB
@master/css-webpack:build: ℹ dist/utils/transform-style-source.js           3.08 kB │ gzip:  0.97 kB
@master/css-webpack:build: ℹ dist/utils/build-stylesheet-delivery.js        2.97 kB │ gzip:  1.16 kB
@master/css-webpack:build: ℹ dist/plugins/manifest-loader.js                2.96 kB │ gzip:  1.01 kB
@master/css-webpack:build: ℹ dist/plugins/usage-graph.js                    2.39 kB │ gzip:  0.88 kB
@master/css-webpack:build: ℹ dist/stylesheet-loader.js                      2.10 kB │ gzip:  0.83 kB
@master/css-webpack:build: ℹ dist/plugins/manifest-virtual-module.js        1.59 kB │ gzip:  0.50 kB
@master/css-webpack:build: ℹ dist/plugins/scanner-lifecycle.js              1.49 kB │ gzip:  0.61 kB
@master/css-webpack:build: ℹ dist/runtime.js                                1.45 kB │ gzip:  0.58 kB
@master/css-webpack:build: ℹ dist/plugins/runtime-entry.js                  1.16 kB │ gzip:  0.55 kB
@master/css-webpack:build: ℹ dist/plugins/virtual-modules.js                0.96 kB │ gzip:  0.42 kB
@master/css-webpack:build: ℹ dist/plugins/manifest-json-assets.js           0.84 kB │ gzip:  0.41 kB
@master/css-webpack:build: ℹ dist/options.js                                0.70 kB │ gzip:  0.30 kB
@master/css-webpack:build: ℹ dist/utils/path.js                             0.70 kB │ gzip:  0.34 kB
@master/css-webpack:build: ℹ dist/plugins/style-entry.js                    0.66 kB │ gzip:  0.38 kB
@master/css-webpack:build: ℹ dist/plugins/virtual-css-import.js             0.59 kB │ gzip:  0.32 kB
@master/css-webpack:build: ℹ dist/utils/file-dependencies.js                0.46 kB │ gzip:  0.20 kB
@master/css-webpack:build: ℹ dist/utils/stylesheet-slot.js                  0.36 kB │ gzip:  0.25 kB
@master/css-webpack:build: ℹ dist/index.js                                  0.12 kB │ gzip:  0.09 kB
@master/css-webpack:build: ℹ dist/preset/src/default-manifest.js          117.06 kB │ gzip: 12.81 kB
@master/css-webpack:build: ℹ dist/schema/src/manifest-json.js               2.20 kB │ gzip:  0.71 kB
@master/css-webpack:build: ℹ dist/internal/src/manifest-facade.js           2.04 kB │ gzip:  0.77 kB
@master/css-webpack:build: ℹ dist/internal/src/node.js                      1.41 kB │ gzip:  0.53 kB
@master/css-webpack:build: ℹ dist/internal/src/manifest-loader.js           1.21 kB │ gzip:  0.49 kB
@master/css-webpack:build: ℹ dist/internal/src/manifest-module.js           0.88 kB │ gzip:  0.38 kB
@master/css-webpack:build: ℹ dist/internal/src/emitted-globals-module.js    0.75 kB │ gzip:  0.33 kB
@master/css-webpack:build: ℹ dist/internal/src/style-module.js              0.74 kB │ gzip:  0.40 kB
@master/css-webpack:build: ℹ dist/internal/src/project.js                   0.48 kB │ gzip:  0.25 kB
@master/css-webpack:build: ℹ dist/plugin.d.ts                               5.03 kB │ gzip:  1.31 kB
@master/css-webpack:build: ℹ dist/options.d.ts                              1.09 kB │ gzip:  0.34 kB
@master/css-webpack:build: ℹ dist/utils/build-stylesheet-delivery.d.ts      0.81 kB │ gzip:  0.38 kB
@master/css-webpack:build: ℹ dist/stylesheet-loader.d.ts                    0.57 kB │ gzip:  0.29 kB
@master/css-webpack:build: ℹ dist/utils/transform-style-source.d.ts         0.43 kB │ gzip:  0.26 kB
@master/css-webpack:build: ℹ dist/utils/path.d.ts                           0.36 kB │ gzip:  0.20 kB
@master/css-webpack:build: ℹ dist/utils/file-dependencies.d.ts              0.34 kB │ gzip:  0.19 kB
@master/css-webpack:build: ℹ dist/plugins/manifest-virtual-module.d.ts      0.29 kB │ gzip:  0.18 kB
@master/css-webpack:build: ℹ dist/plugins/virtual-modules.d.ts              0.28 kB │ gzip:  0.18 kB
@master/css-webpack:build: ℹ dist/plugins/generated-css-assets.d.ts         0.28 kB │ gzip:  0.18 kB
@master/css-webpack:build: ℹ dist/plugins/manifest-json-assets.d.ts         0.28 kB │ gzip:  0.18 kB
@master/css-webpack:build: ℹ dist/plugins/runtime-html-assets.d.ts          0.27 kB │ gzip:  0.18 kB
@master/css-webpack:build: ℹ dist/plugins/virtual-css-import.d.ts           0.27 kB │ gzip:  0.18 kB
@master/css-webpack:build: ℹ dist/plugins/scanner-lifecycle.d.ts            0.27 kB │ gzip:  0.18 kB
@master/css-webpack:build: ℹ dist/plugins/manifest-loader.d.ts              0.26 kB │ gzip:  0.18 kB
@master/css-webpack:build: ℹ dist/plugins/runtime-entry.d.ts                0.26 kB │ gzip:  0.17 kB
@master/css-webpack:build: ℹ dist/index.d.ts                                0.26 kB │ gzip:  0.13 kB
@master/css-webpack:build: ℹ dist/plugins/style-entry.d.ts                  0.25 kB │ gzip:  0.17 kB
@master/css-webpack:build: ℹ dist/plugins/usage-graph.d.ts                  0.25 kB │ gzip:  0.17 kB
@master/css-webpack:build: ℹ dist/utils/stylesheet-slot.d.ts                0.13 kB │ gzip:  0.12 kB
@master/css-webpack:build: ℹ dist/runtime.d.ts                              0.01 kB │ gzip:  0.03 kB
@master/css-webpack:build: ℹ 51 files, total: 188.41 kB
@master/css-webpack:build: ✔ Build complete in 357ms
@master/css-cli:test: cache bypass, force executing 11683b91a03f7642
@master/css-figma:test: 
@master/css-figma:test:  RUN  v5.0.0 /Users/aron/master/css/packages/figma
@master/css-figma:test: 
@master/css-cli:test: $ cargo xtask build-native && vitest
@master/css:test: (!) Your Vite config uses features that are unsupported by `configLoader: 'native'`, which is planned to become the default in a future major version of Vite:
@master/css:test:   - import "../../shared/vitest-ci-config" without a file extension (vitest.config.ts:3:58). Add the file extension
@master/css:test: Set `VITE_CONFIG_NATIVE_IGNORE_WARNING=true` to suppress this warning.
@master/css-next:build: cache bypass, force executing df4bd37635559858
@master/css-preset:test: (!) Your Vite config uses features that are unsupported by `configLoader: 'native'`, which is planned to become the default in a future major version of Vite:
@master/css-preset:test:   - import "../../shared/vitest.config" without a file extension (vitest.config.ts:2:20). Add the file extension
@master/css-preset:test:   - import "./vitest-ci-config" without a file extension (../../shared/vitest.config.ts:2:58). Add the file extension
@master/css-preset:test: Set `VITE_CONFIG_NATIVE_IGNORE_WARNING=true` to suppress this warning.
@master/css:test: 
@master/css:test:  RUN  v5.0.0 /Users/aron/master/css/packages/css
@master/css:test: 
@master/css-preset:test: 
@master/css-preset:test:  RUN  v5.0.0 /Users/aron/master/css/packages/preset
@master/css-preset:test: 
@master/css-next:build: $ tsdown --config ../../shared/tsdown-package.config.ts
@master/css-cli:test:     Finished `dev` profile [unoptimized + debuginfo] target(s) in 0.10s
@master/css-figma:test:  ✓ tests/get-collection-variables.test.ts (1 test) 3ms
@master/css-cli:test:      Running `/Users/aron/master/css/target/debug/xtask build-native`
@master/css-next:build: ℹ tsdown v0.23.0 powered by rolldown v1.2.7
@master/css-figma:test:  ✓ tests/bug-hunt-roundtrip.test.ts (2 tests) 4ms
@master/css-figma:test:  ✓ tests/bug-hunt-import-modes.test.ts (10 tests) 11ms
@master/css-figma:test:  ✓ tests/bug-hunt-import-errors.test.ts (2 tests) 141ms
@master/css-figma:test: 
@master/css-figma:test:  Test Files  4 passed (4)
@master/css-figma:test:       Tests  15 passed (15)
@master/css-figma:test:    Start at  13:54:07
@master/css-figma:test:    Duration  317ms (transform 44%, import 32%, tests 23%, worker 1%)
@master/css-figma:test: 
@master/css-next:build: ℹ config file: /Users/aron/master/css/shared/tsdown-package.config.ts 
@master/css-vite:build: cache bypass, force executing eb1cb739f645fdd4
@master/css-next:build: ℹ entry: src/adapter.ts, src/build-state.ts, src/css-manifest-import-loader.ts, src/css-manifest-loader.ts, src/empty.ts, src/index.ts, src/options.ts, src/postcss-request-plugins.ts, src/postcss-resource-policy.ts, src/prepare-entry-graph.ts, src/prepare-global-module.ts, src/prepare-module-graph.ts, src/prepare-module.ts, src/prepare-postcss.ts, src/prepare-stylesheet.ts, src/sass-source-context.ts, src/static-css-loader.ts, src/static-loader.ts, src/static-publication.ts, src/static.ts, src/stylesheet-delivery.ts, src/stylesheet-input-loader.ts, src/stylesheet-loader.ts, src/stylesheet-map-loader.ts, src/stylesheet-source-loader.ts, src/stylesheet-source-map.ts, src/webpack-css-loader.ts, src/webpack-postcss-loader.ts, src/webpack-stylesheets.ts, src/webpack-virtual-modules.ts
@master/css-next:build: ℹ target: node24.0.0
@master/css-next:build: ℹ tsconfig: tsconfig.prod.json
@master/css-next:build: ℹ Build start
@master/css-next:build: ℹ Cleaning 72 files
@master/css-vite:build: $ tsdown --config ../../shared/tsdown-package.config.ts
@master/css-next:build: TypeScript 7.0 does not yet have a stable API and is experimental. Some options will be unavailable.
@master/css-vite:build: ℹ tsdown v0.23.0 powered by rolldown v1.2.7
@master/css-cli:test:     Blocking waiting for file lock on package cache
@master/css-tooling:test: [success] foo.tsx 3 classes inserted in 1.5ms 
@master/css:test:  ✓ tests/rc87-client-types.test.ts (1 test) 394ms
@master/css:test:    ✓ rc.87 integration types through @master/css/client (1)
@master/css:test:      ✓ provides types for Master CSS integration virtual modules 393ms
@master/css-compiler:test:     Blocking waiting for file lock on package cache
@master/css:test:  ✓ tests/client-types.test.ts (1 test) 399ms
@master/css:test:    ✓ @master/css/client (1)
@master/css:test:      ✓ provides types for Master CSS integration virtual modules 397ms
@master/css-cli:test:     Blocking waiting for file lock on package cache
@master/css:test:  ✓ tests/facade.test.ts (2 tests) 36ms
@master/css-compiler:test:     Blocking waiting for file lock on package cache
@master/css-vite:build: ℹ config file: /Users/aron/master/css/shared/tsdown-package.config.ts 
@master/css-vite:build: ℹ entry: src/common.ts, src/core.ts, src/index.ts, src/options.ts, src/modes/pre-render.ts, src/modes/progressive.ts, src/modes/runtime.ts, src/modes/static.ts, src/plugins/avoid-fouc.ts, src/plugins/build-stylesheet-recovery.ts, src/plugins/context.ts, src/plugins/dev-stylesheet.ts, src/plugins/emitted-globals-virtual-module.ts, src/plugins/inject-runtime.ts, src/plugins/inline-stylesheet.ts, src/plugins/local-compose.ts, src/plugins/manifest-loader.ts, src/plugins/manifest-preload.ts, src/plugins/manifest-virtual-module.ts, src/plugins/pre-render.ts, src/plugins/runtime-bootstrap.ts, src/plugins/runtime-preload.ts, src/plugins/sass-source.ts, src/plugins/scanner.ts, src/plugins/style-entry-build.ts, src/plugins/style-entry-hmr.ts, src/plugins/style-entry.ts, src/plugins/stylesheet-recovery.ts, src/plugins/usage-graph.ts, src/utils/build-import-resolver.ts, src/utils/build-sass-source.ts, src/utils/build-stylesheet-delivery.ts, src/utils/build-watch-recovery.ts, src/utils/dev-stylesheet-delivery.ts, src/utils/environment-closing.ts, src/utils/extracted-css.ts, src/utils/failed-dependency-reconciliation.ts, src/utils/failed-stylesheet-dependencies.ts, src/utils/html.ts, src/utils/inline-stylesheet.ts, src/utils/local-stylesheet.ts, src/utils/manifest-recovery.ts, src/utils/module-sources.ts, src/utils/path.ts, src/utils/recovery-error.ts, src/utils/register-style-source.ts, src/utils/sass-diagnostics.ts, src/utils/sass-proxy-access.ts, src/utils/sass-source-markers.ts, src/utils/scanner-context.ts, src/utils/scoped-plugins.ts, src/utils/write-file.ts
@master/css-vite:build: ℹ target: node24.0.0
@master/css-vite:build: ℹ tsconfig: tsconfig.prod.json
@master/css-vite:build: ℹ Build start
@master/css-vite:build: ℹ Cleaning 121 files
@master/css-cli:test:     Blocking waiting for file lock on build directory
@master/css-vite:build: TypeScript 7.0 does not yet have a stable API and is experimental. Some options will be unavailable.
@master/css-compiler:test:     Finished `dev` profile [unoptimized + debuginfo] target(s) in 0.19s
@master/css-compiler:test: Built /Users/aron/master/css/packages/binding/artifacts/mastercss.node
@master/css-compiler:test: Built /Users/aron/master/css/packages/binding/artifacts/mcss
@master/css-tooling:test: [success] index.html 1 classes inserted in 0.3ms 
@master/css-cli:test:     Finished `dev` profile [unoptimized + debuginfo] target(s) in 0.26s
@master/css-cli:test: Built /Users/aron/master/css/packages/binding/artifacts/mastercss.node
@master/css-cli:test: Built /Users/aron/master/css/packages/binding/artifacts/mcss
@master/css-next:build: ℹ dist/index.js                                 21.14 kB │ gzip:  4.24 kB
@master/css-next:build: ℹ dist/adapter.js                                8.95 kB │ gzip:  2.83 kB
@master/css-next:build: ℹ dist/prepare-module-graph.js                   8.55 kB │ gzip:  2.74 kB
@master/css-next:build: ℹ dist/static.js                                 8.35 kB │ gzip:  2.32 kB
@master/css-next:build: ℹ dist/stylesheet-loader.js                      6.71 kB │ gzip:  1.91 kB
@master/css-next:build: ℹ dist/prepare-module.js                         4.89 kB │ gzip:  1.78 kB
@master/css-next:build: ℹ dist/css-manifest-loader.js                    4.63 kB │ gzip:  1.33 kB
@master/css-next:build: ℹ dist/css-manifest-import-loader.js             4.38 kB │ gzip:  1.50 kB
@master/css-next:build: ℹ dist/prepare-entry-graph.js                    3.83 kB │ gzip:  1.25 kB
@master/css-next:build: ℹ dist/sass-source-context.js                    3.55 kB │ gzip:  1.42 kB
@master/css-next:build: ℹ dist/prepare-global-module.js                  3.54 kB │ gzip:  1.32 kB
@master/css-next:build: ℹ dist/stylesheet-delivery.js                    3.42 kB │ gzip:  1.35 kB
@master/css-next:build: ℹ dist/webpack-stylesheets.js                    3.28 kB │ gzip:  1.14 kB
@master/css-next:build: ℹ dist/static-publication.js                     3.07 kB │ gzip:  1.18 kB
@master/css-next:build: ℹ dist/webpack-css-loader.js                     2.89 kB │ gzip:  1.26 kB
@master/css-next:build: ℹ dist/build-state.js                            2.66 kB │ gzip:  0.88 kB
@master/css-next:build: ℹ dist/postcss-resource-policy.js                2.62 kB │ gzip:  1.11 kB
@master/css-next:build: ℹ dist/postcss-request-plugins.js                2.10 kB │ gzip:  0.78 kB
@master/css-next:build: ℹ dist/stylesheet-map-loader.js                  1.81 kB │ gzip:  0.84 kB
@master/css-next:build: ℹ dist/prepare-postcss.js                        1.63 kB │ gzip:  0.76 kB
@master/css-next:build: ℹ dist/stylesheet-input-loader.js                1.50 kB │ gzip:  0.66 kB
@master/css-next:build: ℹ dist/prepare-stylesheet.js                     1.50 kB │ gzip:  0.65 kB
@master/css-next:build: ℹ dist/webpack-postcss-loader.js                 1.30 kB │ gzip:  0.60 kB
@master/css-next:build: ℹ dist/static-css-loader.js                      0.90 kB │ gzip:  0.44 kB
@master/css-next:build: ℹ dist/options.js                                0.73 kB │ gzip:  0.34 kB
@master/css-next:build: ℹ dist/static-loader.js                          0.67 kB │ gzip:  0.37 kB
@master/css-next:build: ℹ dist/stylesheet-source-map.js                  0.65 kB │ gzip:  0.39 kB
@master/css-next:build: ℹ dist/webpack-virtual-modules.js                0.53 kB │ gzip:  0.30 kB
@master/css-next:build: ℹ dist/stylesheet-source-loader.js               0.44 kB │ gzip:  0.29 kB
@master/css-next:build: ℹ dist/empty.js                                  0.01 kB │ gzip:  0.03 kB
@master/css-next:build: ℹ dist/preset/src/default-manifest.js          117.06 kB │ gzip: 12.81 kB
@master/css-next:build: ℹ dist/internal/src/node.js                      3.77 kB │ gzip:  1.05 kB
@master/css-next:build: ℹ dist/internal/src/manifest-facade.js           2.27 kB │ gzip:  0.82 kB
@master/css-next:build: ℹ dist/internal/src/manifest-loader.js           1.21 kB │ gzip:  0.49 kB
@master/css-next:build: ℹ dist/internal/src/emitted-globals-module.js    0.75 kB │ gzip:  0.33 kB
@master/css-next:build: ℹ dist/internal/src/manifest-module.js           0.73 kB │ gzip:  0.35 kB
@master/css-next:build: ℹ dist/internal/src/project.js                   0.64 kB │ gzip:  0.33 kB
@master/css-next:build: ℹ dist/internal/src/style-module.js              0.14 kB │ gzip:  0.14 kB
@master/css-next:build: ℹ dist/static.d.ts                               2.32 kB │ gzip:  0.71 kB
@master/css-next:build: ℹ dist/stylesheet-delivery.d.ts                  1.71 kB │ gzip:  0.63 kB
@master/css-next:build: ℹ dist/options.d.ts                              1.67 kB │ gzip:  0.60 kB
@master/css-next:build: ℹ dist/adapter.d.ts                              1.48 kB │ gzip:  0.58 kB
@master/css-next:build: ℹ dist/prepare-module.d.ts                       1.43 kB │ gzip:  0.60 kB
@master/css-next:build: ℹ dist/prepare-module-graph.d.ts                 1.40 kB │ gzip:  0.57 kB
@master/css-next:build: ℹ dist/postcss-resource-policy.d.ts              1.07 kB │ gzip:  0.47 kB
@master/css-next:build: ℹ dist/prepare-entry-graph.d.ts                  1.02 kB │ gzip:  0.46 kB
@master/css-next:build: ℹ dist/prepare-global-module.d.ts                0.98 kB │ gzip:  0.49 kB
@master/css-next:build: ℹ dist/build-state.d.ts                          0.85 kB │ gzip:  0.33 kB
@master/css-next:build: ℹ dist/webpack-css-loader.d.ts                   0.84 kB │ gzip:  0.45 kB
@master/css-next:build: ℹ dist/postcss-request-plugins.d.ts              0.75 kB │ gzip:  0.39 kB
@master/css-next:build: ℹ dist/index.d.ts                                0.75 kB │ gzip:  0.30 kB
@master/css-next:build: ℹ dist/prepare-postcss.d.ts                      0.72 kB │ gzip:  0.36 kB
@master/css-next:build: ℹ dist/stylesheet-loader.d.ts                    0.68 kB │ gzip:  0.33 kB
@master/css-next:build: ℹ dist/webpack-postcss-loader.d.ts               0.64 kB │ gzip:  0.38 kB
@master/css-next:build: ℹ dist/static-publication.d.ts                   0.63 kB │ gzip:  0.34 kB
@master/css-next:build: ℹ dist/stylesheet-map-loader.d.ts                0.56 kB │ gzip:  0.35 kB
@master/css-next:build: ℹ dist/css-manifest-import-loader.d.ts           0.55 kB │ gzip:  0.30 kB
@master/css-next:build: ℹ dist/css-manifest-loader.d.ts                  0.54 kB │ gzip:  0.29 kB
@master/css-next:build: ℹ dist/prepare-stylesheet.d.ts                   0.48 kB │ gzip:  0.28 kB
@master/css-next:build: ℹ dist/static-css-loader.d.ts                    0.44 kB │ gzip:  0.27 kB
@master/css-next:build: ℹ dist/sass-source-context.d.ts                  0.42 kB │ gzip:  0.23 kB
@master/css-next:build: ℹ dist/static-loader.d.ts                        0.39 kB │ gzip:  0.25 kB
@master/css-next:build: ℹ dist/stylesheet-input-loader.d.ts              0.36 kB │ gzip:  0.24 kB
@master/css-next:build: ℹ dist/stylesheet-source-loader.d.ts             0.35 kB │ gzip:  0.24 kB
@master/css-next:build: ℹ dist/webpack-virtual-modules.d.ts              0.30 kB │ gzip:  0.20 kB
@master/css-next:build: ℹ dist/stylesheet-source-map.d.ts                0.27 kB │ gzip:  0.19 kB
@master/css-next:build: ℹ dist/webpack-stylesheets.d.ts                  0.21 kB │ gzip:  0.16 kB
@master/css-next:build: ℹ dist/empty.d.ts                                0.01 kB │ gzip:  0.03 kB
@master/css-next:build: ℹ 68 files, total: 260.63 kB
@master/css-next:build: ✔ Build complete in 660ms
@master/css-next:type-check: cache bypass, force executing dabe465539c00185
@master/css-compiler:test:     Finished `dev` profile [unoptimized + debuginfo] target(s) in 0.12s
@master/css-compiler:test:      Running `/Users/aron/master/css/target/debug/xtask build-wasm compiler`
@master/css-next:type-check: $ tsc -b tsconfig.typecheck.json
@master/css-tooling:test: [success] a.tsx 3 classes inserted in 0.6ms 
@master/css-vite:type-check: cache bypass, force executing f1fc5b2989e163c7
@master/css-vite:type-check: $ tsc -b tsconfig.typecheck.json
@master/css-preset:test:  ✓ tests/design-tokens.test.ts (9 tests) 610ms
@master/css-preset:test:    ✓ @master/css-preset design token parity (9)
@master/css-preset:test:      ✓ precomputes default breakpoint and container at-rule aliases 581ms
@master/css-preset:test:      ✓ does not publish synthetic negative number tokens 581ms
@master/css-preset:test:      ✓ executes built-in registry records with foundation role tokens only 581ms
@master/css-preset:test:      ✓ keeps project text and line role namespaces available 581ms
@master/css-cli:test: (!) Your Vite config uses features that are unsupported by `configLoader: 'native'`, which is planned to become the default in a future major version of Vite:
@master/css-cli:test:   - import "../../shared/vitest.config" without a file extension (vitest.config.ts:2:20). Add the file extension
@master/css-cli:test:   - import "./vitest-ci-config" without a file extension (../../shared/vitest.config.ts:2:58). Add the file extension
@master/css-cli:test: Set `VITE_CONFIG_NATIVE_IGNORE_WARNING=true` to suppress this warning.
@master/css-tooling:test: [success] ../../button.html 1 classes inserted in 0.3ms 
@master/css-server:test: cache bypass, force executing e9b02f29adfc7cda
@master/css-cli:test: 
@master/css-cli:test:  RUN  v5.0.0 /Users/aron/master/css/packages/cli
@master/css-cli:test: 
@master/css-tooling:test: [success] foo.tsx 1 classes inserted in 0.3ms 
@master/css-tooling:test: [success] foo.tsx 1 classes inserted in 0.4ms 
@master/css-server:test: $ cargo xtask build-native && vitest
@master/css-preset:test:  ✓ tests/rust-preset.test.ts (3 tests) 727ms
@master/css-preset:test:    ✓ Rust-owned default preset (3)
@master/css-preset:test:      ✓ keeps the checked-in manifest equal to a fresh Rust compile 657ms
@master/css-vite:build: ℹ dist/plugins/inline-stylesheet.js                   8.91 kB │ gzip:  2.90 kB
@master/css-vite:build: ℹ dist/utils/build-sass-source.js                     8.48 kB │ gzip:  2.81 kB
@master/css-vite:build: ℹ dist/plugins/pre-render.js                          7.54 kB │ gzip:  2.31 kB
@master/css-vite:build: ℹ dist/plugins/local-compose.js                       7.46 kB │ gzip:  1.87 kB
@master/css-vite:build: ℹ dist/plugins/sass-source.js                         6.27 kB │ gzip:  2.13 kB
@master/css-vite:build: ℹ dist/core.js                                        5.75 kB │ gzip:  1.44 kB
@master/css-vite:build: ℹ dist/utils/failed-dependency-reconciliation.js      5.58 kB │ gzip:  1.72 kB
@master/css-vite:build: ℹ dist/plugins/style-entry-build.js                   5.29 kB │ gzip:  1.86 kB
@master/css-vite:build: ℹ dist/utils/inline-stylesheet.js                     5.09 kB │ gzip:  1.79 kB
@master/css-vite:build: ℹ dist/utils/module-sources.js                        4.54 kB │ gzip:  1.59 kB
@master/css-vite:build: ℹ dist/utils/sass-diagnostics.js                      4.51 kB │ gzip:  1.60 kB
@master/css-vite:build: ℹ dist/utils/build-import-resolver.js                 4.24 kB │ gzip:  1.43 kB
@master/css-vite:build: ℹ dist/utils/build-stylesheet-delivery.js             4.19 kB │ gzip:  1.37 kB
@master/css-vite:build: ℹ dist/plugins/manifest-loader.js                     4.02 kB │ gzip:  1.31 kB
@master/css-vite:build: ℹ dist/plugins/style-entry.js                         3.83 kB │ gzip:  1.17 kB
@master/css-vite:build: ℹ dist/utils/scanner-context.js                       3.67 kB │ gzip:  1.13 kB
@master/css-vite:build: ℹ dist/utils/failed-stylesheet-dependencies.js        3.63 kB │ gzip:  1.17 kB
@master/css-vite:build: ℹ dist/plugins/style-entry-hmr.js                     3.38 kB │ gzip:  1.24 kB
@master/css-vite:build: ℹ dist/utils/dev-stylesheet-delivery.js               3.33 kB │ gzip:  1.39 kB
@master/css-vite:build: ℹ dist/utils/scoped-plugins.js                        3.06 kB │ gzip:  1.03 kB
@master/css-vite:build: ℹ dist/plugins/stylesheet-recovery.js                 3.01 kB │ gzip:  1.09 kB
@master/css-vite:build: ℹ dist/utils/manifest-recovery.js                     2.51 kB │ gzip:  0.94 kB
@master/css-vite:build: ℹ dist/plugins/dev-stylesheet.js                      2.48 kB │ gzip:  1.03 kB
@master/css-vite:build: ℹ dist/plugins/runtime-preload.js                     2.43 kB │ gzip:  0.92 kB
@master/css-vite:build: ℹ dist/utils/build-watch-recovery.js                  1.94 kB │ gzip:  0.78 kB
@master/css-vite:build: ℹ dist/utils/html.js                                  1.94 kB │ gzip:  0.77 kB
@master/css-vite:build: ℹ dist/plugins/manifest-virtual-module.js             1.80 kB │ gzip:  0.70 kB
@master/css-vite:build: ℹ dist/plugins/avoid-fouc.js                          1.55 kB │ gzip:  0.77 kB
@master/css-vite:build: ℹ dist/common.js                                      1.51 kB │ gzip:  0.44 kB
@master/css-vite:build: ℹ dist/utils/sass-source-markers.js                   1.43 kB │ gzip:  0.63 kB
@master/css-vite:build: ℹ dist/plugins/manifest-preload.js                    1.31 kB │ gzip:  0.59 kB
@master/css-vite:build: ℹ dist/utils/extracted-css.js                         1.26 kB │ gzip:  0.51 kB
@master/css-vite:build: ℹ dist/utils/sass-proxy-access.js                     1.26 kB │ gzip:  0.68 kB
@master/css-vite:build: ℹ dist/plugins/inject-runtime.js                      1.24 kB │ gzip:  0.45 kB
@master/css-vite:build: ℹ dist/plugins/build-stylesheet-recovery.js           1.14 kB │ gzip:  0.46 kB
@master/css-vite:build: ℹ dist/utils/register-style-source.js                 1.01 kB │ gzip:  0.42 kB
@master/css-vite:build: ℹ dist/plugins/scanner.js                             0.90 kB │ gzip:  0.40 kB
@master/css-vite:build: ℹ dist/utils/environment-closing.js                   0.85 kB │ gzip:  0.42 kB
@master/css-vite:build: ℹ dist/plugins/emitted-globals-virtual-module.js      0.82 kB │ gzip:  0.38 kB
@master/css-vite:build: ℹ dist/modes/runtime.js                               0.74 kB │ gzip:  0.30 kB
@master/css-vite:build: ℹ dist/utils/local-stylesheet.js                      0.74 kB │ gzip:  0.38 kB
@master/css-vite:build: ℹ dist/options.js                                     0.65 kB │ gzip:  0.30 kB
@master/css-vite:build: ℹ dist/plugins/usage-graph.js                         0.62 kB │ gzip:  0.36 kB
@master/css-vite:build: ℹ dist/plugins/runtime-bootstrap.js                   0.57 kB │ gzip:  0.30 kB
@master/css-vite:build: ℹ dist/utils/path.js                                  0.51 kB │ gzip:  0.26 kB
@master/css-vite:build: ℹ dist/utils/recovery-error.js                        0.49 kB │ gzip:  0.28 kB
@master/css-vite:build: ℹ dist/modes/progressive.js                           0.48 kB │ gzip:  0.25 kB
@master/css-vite:build: ℹ dist/utils/write-file.js                            0.33 kB │ gzip:  0.22 kB
@master/css-vite:build: ℹ dist/plugins/context.js                             0.33 kB │ gzip:  0.24 kB
@master/css-vite:build: ℹ dist/modes/pre-render.js                            0.23 kB │ gzip:  0.16 kB
@master/css-vite:build: ℹ dist/modes/static.js                                0.13 kB │ gzip:  0.13 kB
@master/css-vite:build: ℹ dist/index.js                                       0.13 kB │ gzip:  0.10 kB
@master/css-vite:build: ℹ dist/preset/src/default-manifest.js               117.06 kB │ gzip: 12.81 kB
@master/css-vite:build: ℹ dist/internal/src/manifest-facade.js                3.69 kB │ gzip:  1.04 kB
@master/css-vite:build: ℹ dist/internal/src/manifest-virtual-module.js        2.94 kB │ gzip:  1.04 kB
@master/css-vite:build: ℹ dist/internal/src/runtime-bootstrap.js              2.55 kB │ gzip:  0.78 kB
@master/css-vite:build: ℹ dist/internal/src/manifest-loader.js                1.21 kB │ gzip:  0.49 kB
@master/css-vite:build: ℹ dist/internal/src/node.js                           0.88 kB │ gzip:  0.43 kB
@master/css-vite:build: ℹ dist/internal/src/manifest-module.js                0.76 kB │ gzip:  0.34 kB
@master/css-vite:build: ℹ dist/internal/src/emitted-globals-module.js         0.53 kB │ gzip:  0.28 kB
@master/css-vite:build: ℹ dist/internal/src/project.js                        0.48 kB │ gzip:  0.25 kB
@master/css-vite:build: ℹ dist/internal/src/style-module.js                   0.14 kB │ gzip:  0.14 kB
@master/css-vite:build: ℹ dist/utils/inline-stylesheet.d.ts                   2.50 kB │ gzip:  0.86 kB
@master/css-vite:build: ℹ dist/utils/build-sass-source.d.ts                   2.24 kB │ gzip:  0.71 kB
@master/css-vite:build: ℹ dist/utils/failed-dependency-reconciliation.d.ts    1.93 kB │ gzip:  0.66 kB
@master/css-vite:build: ℹ dist/utils/build-import-resolver.d.ts               1.51 kB │ gzip:  0.61 kB
@master/css-vite:build: ℹ dist/utils/scanner-context.d.ts                     1.22 kB │ gzip:  0.46 kB
@master/css-vite:build: ℹ dist/utils/failed-stylesheet-dependencies.d.ts      1.19 kB │ gzip:  0.49 kB
@master/css-vite:build: ℹ dist/utils/module-sources.d.ts                      1.17 kB │ gzip:  0.53 kB
@master/css-vite:build: ℹ dist/utils/dev-stylesheet-delivery.d.ts             1.08 kB │ gzip:  0.43 kB
@master/css-vite:build: ℹ dist/utils/build-stylesheet-delivery.d.ts           1.05 kB │ gzip:  0.43 kB
@master/css-vite:build: ℹ dist/options.d.ts                                   0.99 kB │ gzip:  0.33 kB
@master/css-vite:build: ℹ dist/core.d.ts                                      0.96 kB │ gzip:  0.41 kB
@master/css-vite:build: ℹ dist/common.d.ts                                    0.94 kB │ gzip:  0.31 kB
@master/css-vite:build: ℹ dist/utils/build-watch-recovery.d.ts                0.85 kB │ gzip:  0.38 kB
@master/css-vite:build: ℹ dist/utils/manifest-recovery.d.ts                   0.73 kB │ gzip:  0.40 kB
@master/css-vite:build: ℹ dist/utils/local-stylesheet.d.ts                    0.71 kB │ gzip:  0.28 kB
@master/css-vite:build: ℹ dist/utils/sass-source-markers.d.ts                 0.50 kB │ gzip:  0.31 kB
@master/css-vite:build: ℹ dist/utils/register-style-source.d.ts               0.50 kB │ gzip:  0.29 kB
@master/css-vite:build: ℹ dist/utils/html.d.ts                                0.45 kB │ gzip:  0.22 kB
@master/css-vite:build: ℹ dist/plugins/style-entry-hmr.d.ts                   0.43 kB │ gzip:  0.25 kB
@master/css-vite:build: ℹ dist/utils/extracted-css.d.ts                       0.42 kB │ gzip:  0.23 kB
@master/css-vite:build: ℹ dist/plugins/inject-runtime.d.ts                    0.41 kB │ gzip:  0.20 kB
@master/css-vite:build: ℹ dist/plugins/style-entry-build.d.ts                 0.39 kB │ gzip:  0.21 kB
@master/css-vite:build: ℹ dist/plugins/build-stylesheet-recovery.d.ts         0.39 kB │ gzip:  0.24 kB
@master/css-vite:build: ℹ dist/plugins/local-compose.d.ts                     0.38 kB │ gzip:  0.20 kB
@master/css-vite:build: ℹ dist/plugins/stylesheet-recovery.d.ts               0.38 kB │ gzip:  0.24 kB
@master/css-vite:build: ℹ dist/plugins/style-entry.d.ts                       0.37 kB │ gzip:  0.20 kB
@master/css-vite:build: ℹ dist/plugins/usage-graph.d.ts                       0.37 kB │ gzip:  0.21 kB
@master/css-vite:build: ℹ dist/plugins/avoid-fouc.d.ts                        0.37 kB │ gzip:  0.21 kB
@master/css-vite:build: ℹ dist/modes/progressive.d.ts                         0.37 kB │ gzip:  0.21 kB
@master/css-vite:build: ℹ dist/plugins/pre-render.d.ts                        0.37 kB │ gzip:  0.20 kB
@master/css-vite:build: ℹ dist/modes/pre-render.d.ts                          0.36 kB │ gzip:  0.20 kB
@master/css-vite:build: ℹ dist/plugins/context.d.ts                           0.36 kB │ gzip:  0.19 kB
@master/css-vite:build: ℹ dist/plugins/scanner.d.ts                           0.36 kB │ gzip:  0.20 kB
@master/css-vite:build: ℹ dist/plugins/inline-stylesheet.d.ts                 0.36 kB │ gzip:  0.23 kB
@master/css-vite:build: ℹ dist/modes/runtime.d.ts                             0.36 kB │ gzip:  0.20 kB
@master/css-vite:build: ℹ dist/modes/static.d.ts                              0.36 kB │ gzip:  0.20 kB
@master/css-vite:build: ℹ dist/utils/sass-diagnostics.d.ts                    0.35 kB │ gzip:  0.24 kB
@master/css-vite:build: ℹ dist/plugins/sass-source.d.ts                       0.34 kB │ gzip:  0.22 kB
@master/css-vite:build: ℹ dist/plugins/emitted-globals-virtual-module.d.ts    0.31 kB │ gzip:  0.19 kB
@master/css-vite:build: ℹ dist/plugins/manifest-virtual-module.d.ts           0.29 kB │ gzip:  0.18 kB
@master/css-vite:build: ℹ dist/utils/sass-proxy-access.d.ts                   0.29 kB │ gzip:  0.21 kB
@master/css-vite:build: ℹ dist/plugins/manifest-preload.d.ts                  0.27 kB │ gzip:  0.18 kB
@master/css-vite:build: ℹ dist/plugins/manifest-loader.d.ts                   0.27 kB │ gzip:  0.18 kB
@master/css-vite:build: ℹ dist/plugins/runtime-preload.d.ts                   0.27 kB │ gzip:  0.18 kB
@master/css-vite:build: ℹ dist/plugins/dev-stylesheet.d.ts                    0.27 kB │ gzip:  0.18 kB
@master/css-vite:build: ℹ dist/utils/scoped-plugins.d.ts                      0.27 kB │ gzip:  0.20 kB
@master/css-vite:build: ℹ dist/utils/environment-closing.d.ts                 0.26 kB │ gzip:  0.19 kB
@master/css-vite:build: ℹ dist/index.d.ts                                     0.25 kB │ gzip:  0.13 kB
@master/css-vite:build: ℹ dist/utils/write-file.d.ts                          0.22 kB │ gzip:  0.18 kB
@master/css-vite:build: ℹ dist/utils/path.d.ts                                0.22 kB │ gzip:  0.15 kB
@master/css-vite:build: ℹ dist/utils/recovery-error.d.ts                      0.22 kB │ gzip:  0.16 kB
@master/css-vite:build: ℹ dist/plugins/runtime-bootstrap.d.ts                 0.18 kB │ gzip:  0.14 kB
@master/css-vite:build: ℹ 114 files, total: 300.98 kB
@master/css-vite:build: ✔ Build complete in 817ms
@master/css-server:test:     Finished `dev` profile [unoptimized + debuginfo] target(s) in 0.08s
@master/css-server:test:      Running `/Users/aron/master/css/target/debug/xtask build-native`
@master/css-server:lint: cache bypass, force executing 924c49bfb02a7ba6
@master/css-tooling:test: [success] 1 fixed classes inserted block
@master/css-tooling:test: [success] index.html 1 classes inserted in 0.4ms 
@master/css-tooling:test:  ✓ tests/language/create-language-session.test.ts (6 tests) 1717ms
@master/css-tooling:test:    ✓ native sync (2)
@master/css-tooling:test:      ✓ matches the full tooling session and keeps earlier document results immutable 530ms
@master/css-tooling:test:    ✓ wasm (2)
@master/css-tooling:test:      ✓ disposes idempotently and rejects cached results after disposal 994ms
@master/css-server:lint: $ eslint
@master/css-tooling:test:  ✓ tests/scanner/manifest.test.ts (4 tests) 1826ms
@master/css-tooling:test:    ✓ uses default manifest settings without implicit manifest entry discovery 890ms
@master/css-tooling:test:    ✓ uses explicit compiled manifests 624ms
@master/css-server:test:     Blocking waiting for file lock on package cache
@master/css-compiler:test:     Blocking waiting for file lock on package cache
@master/css-tooling:test: [success] foo.tsx 3 classes inserted in 0.6ms 
@master/css-server:test:     Blocking waiting for file lock on package cache
@master/css-compiler:test:     Blocking waiting for file lock on package cache
@master/css-compiler:test:     Finished `release` profile [optimized] target(s) in 0.14s
@master/css-tooling:test: [success] foo.tsx 3 classes inserted in 0.5ms 
@master/css-server:test:     Finished `dev` profile [unoptimized + debuginfo] target(s) in 0.20s
@master/css-server:test: Built /Users/aron/master/css/packages/binding/artifacts/mastercss.node
@master/css-server:test: Built /Users/aron/master/css/packages/binding/artifacts/mcss
@master/css-cli:test:  ✓ tests/bug-hunt-publication-faults.test.ts (5 tests) 60ms
@master/css-cli:test: Cannot clean stylesheet assets: Error: injected cleanup permission failure
@master/css-cli:test:  ✓ tests/bug-hunt-asset-cleanup.test.ts (13 tests) 227ms
@master/css-tooling:test:  ✓ tests/source/session.test.ts (2 tests) 2347ms
@master/css-tooling:test:    ✓ extracts built-in source formats through the native Rust session 1342ms
@master/css-tooling:test:    ✓ extracts static classes from JavaScript and TypeScript syntax with Oxc 1005ms
@master/css-cli:test:  ✓ tests/bug-hunt-binding-option.test.ts (1 test) 362ms
@master/css-cli:test:    ✓ BH-0026 rejects unknown binding names instead of silently using auto 358ms
@master/css-tooling:test: [success] 1 fixed classes inserted block
@master/css-tooling:test:  ✓ tests/validator/test.ts (2 tests) 2394ms
@master/css-tooling:test:    ✓ validates classes through a Rust session and host CSS oracle 1444ms
@master/css-tooling:test:    ✓ keeps native declarations behind host support checks 948ms
@master/css-tooling:test:  ✓ tests/scanner/api.test.ts (3 tests) 2417ms
@master/css-tooling:test:    ✓ MasterCSSScanner public API (3)
@master/css-tooling:test:      ✓ does not expose file lifecycle or export helpers 852ms
@master/css-tooling:test:      ✓ can reset scanner state without source discovery 537ms
@master/css-tooling:test:      ✓ inserts safelist during init and reset 1026ms
@master/css-cli:test:  ✓ tests/bug-hunt-watch-plan.test.ts (1 test) 139ms
@master/css-tooling:test:  ✓ tests/scanner/adapters.test.ts (4 tests) 2735ms
@master/css-tooling:test:    ✓ scanner source adapters (4)
@master/css-tooling:test:      ✓ does not restore the removed custom source adapter registry 914ms
@master/css-tooling:test:      ✓ uses built-in source adapters from @master/css-source by default 383ms
@master/css-tooling:test:      ✓ uses the built-in source extraction pipeline by default 315ms
@master/css-tooling:test:      ✓ auto extracts framework source files by extension 1087ms
@master/css-tooling:test:  ✓ tests/language/bug-hunt.test.ts (2 tests) 2714ms
@master/css-tooling:test:    ✓ BH-0014 semantic tokens retain raw source offsets after escaped quotes 1422ms
@master/css-tooling:test:    ✓ audit control: Unicode CRLF formatting preserves text and is idempotent 1286ms
@master/css-tooling:test: [success] a.tsx 1 classes inserted in 0.2ms 
@master/css-tooling:test:  ✓ tests/scanner/bug-hunt-source-result.test.ts (8 tests) 2847ms
@master/css-tooling:test:    ✓ asynchronous adapters and reset preserve each source result (native) 1306ms
@master/css-tooling:test:    ✓ scanSource retains full input candidates on cache hits and repeated files (wasm) 655ms
@master/css-server:test: (!) Your Vite config uses features that are unsupported by `configLoader: 'native'`, which is planned to become the default in a future major version of Vite:
@master/css-server:test:   - import "../../shared/vitest.config" without a file extension (vitest.config.ts:2:20). Add the file extension
@master/css-server:test:   - import "./vitest-ci-config" without a file extension (../../shared/vitest.config.ts:2:58). Add the file extension
@master/css-server:test: Set `VITE_CONFIG_NATIVE_IGNORE_WARNING=true` to suppress this warning.
@master/eslint-plugin-css:lint: cache bypass, force executing ac1cf84894f0570f
@master/css-server:test: 
@master/css-server:test:  RUN  v5.0.0 /Users/aron/master/css/packages/server
@master/css-server:test: 
@master/css-cli:test:  ✓ tests/rc87-core.test.ts (5 tests) 916ms
@master/css-cli:test:    ✓ rc.87 root command divergences (5)
@master/css-cli:test:      ✓ uses the explicit generate command instead of rc.87 root scan options 317ms
@master/eslint-config-css:type-check: cache bypass, force executing ac8afb80393e6e9f
@master/eslint-plugin-css:lint: $ eslint
@master/eslint-config-css:type-check: $ tsc -b tsconfig.typecheck.json
@master/css-cli:test:  ✓ tests/bug-hunt-ownership-interruption.test.ts (5 tests) 941ms
@master/css-tooling:test: [success] a.tsx 1 classes inserted in 0.2ms 
@master/eslint-config-css:build: cache bypass, force executing 983de0a2d3b16396
@master/eslint-config-css:build: $ tsdown --config ../../shared/tsdown-package.config.ts
@master/eslint-config-css:build: ℹ tsdown v0.23.0 powered by rolldown v1.2.7
@master/css-server:test:  ✓ tests/extract-classes-from-html.test.ts (2 tests) 11ms
@master/eslint-plugin-css:test: cache bypass, force executing f8d2bb60b166af7e
@master/eslint-plugin-css:test: $ cargo xtask build-native && vitest
@master/css-tooling:test:  ✓ tests/source/bug-hunt.test.ts (2 tests) 740ms
@master/css-tooling:test:    ✓ BH-0011 extracts classes in both Svelte conditional branches 594ms
@master/css-tooling:test: [success] foo.tsx 1 classes inserted in 0.2ms 
@master/css-tooling:test: [success] ../../syntax.html 41 classes inserted in 88.8ms 
@master/eslint-plugin-css:test:     Finished `dev` profile [unoptimized + debuginfo] target(s) in 0.08s
@master/eslint-plugin-css:test:      Running `/Users/aron/master/css/target/debug/xtask build-native`
@master/css-tooling:test:  ✓ tests/language/bug-hunt-host-offsets.test.ts (2 tests) 614ms
@master/css-tooling:test:    ✓ native: BH-0013/0014 Unicode boundaries and escaped semantic ranges 331ms
@master/eslint-config-css:build: ℹ config file: /Users/aron/master/css/shared/tsdown-package.config.ts 
@master/eslint-config-css:build: ℹ entry: src/index.ts
@master/eslint-config-css:build: ℹ target: node24.0.0
@master/eslint-config-css:build: ℹ tsconfig: tsconfig.prod.json
@master/eslint-config-css:build: ℹ Build start
@master/eslint-config-css:build: ℹ Cleaning 2 files
@master/css-tooling:test:  ✓ tests/lint/bug-hunt.test.ts (1 test) 3806ms
@master/css-tooling:test:    ✓ audit control: source fixes converge and preserve Unicode surrounding markup 3805ms
@master/eslint-config-css:build: TypeScript 7.0 does not yet have a stable API and is experimental. Some options will be unavailable.
@master/css-tooling:test:  ✓ tests/lexer/session.test.ts (1 test) 1567ms
@master/css-tooling:test:    ✓ batches class lists, CSS inspection, and identifier escaping in Rust 1510ms
@master/eslint-config-css:build: ℹ dist/index.js    0.19 kB │ gzip: 0.14 kB
@master/eslint-config-css:build: ℹ dist/index.d.ts  0.16 kB │ gzip: 0.14 kB
@master/eslint-config-css:build: ℹ 2 files, total: 0.35 kB
@master/eslint-config-css:build: ✔ Build complete in 194ms
@master/css-webpack:test: cache bypass, force executing ff373d59100ac3e6
@master/css-tooling:test: [success] ../../validation.html 1 classes inserted in 0.5ms 
@master/css-tooling:test:  ✓ tests/scanner/syntax.test.ts (2 tests) 1266ms
@master/css-tooling:test:    ✓ syntax 910ms
@master/css-tooling:test:    ✓ keeps CSS grammar validation in the host batch handshake 355ms
@master/css-webpack:test: $ vitest
@master/css-tooling:test:  ✓ tests/source/rc87-adapters.test.ts (9 tests) 1204ms
@master/css-tooling:test:    ✓ source adapters (9)
@master/css-tooling:test:      ✓ extracts template, script, and script setup classes from Vue SFCs 318ms
@master/css-tooling:test:      ✓ extracts markup, module script, instance script, and class directive classes from Svelte files 753ms
@master/css-tooling:test:  ✓ tests/scanner/source/sources.test.ts (2 tests) 1239ms
@master/css-tooling:test:    ✓ rejects excluded modules 695ms
@master/css-tooling:test:    ✓ accepts source-like modules that are not excluded 543ms
@master/css-tooling:test: [success] excluded.tsx 1 classes inserted in 0.2ms 
@master/css-tooling:test: [success] included.tsx 1 classes inserted in 0.2ms 
@master/css-tooling:test:  ✓ tests/source/html-attribute-mapping.test.ts (3 tests) 1922ms
@master/css-tooling:test:    ✓ native maps HTML attributes without changing existing extraction results 601ms
@master/css-tooling:test:    ✓ public tooling session returns frozen HTML mappings and enforces disposal 1271ms
@master/css-server:test:  ✓ tests/rust-render-parity.test.ts (1 test) 359ms
@master/css-server:test:    ✓ matches the core render owner and native render protocol 358ms
@master/css-tooling:test:  ✓ tests/scanner/bug-hunt-binding.test.ts (3 tests) 1163ms
@master/css-tooling:test:    ✓ BH-0026 real Wasm scanner survives reset and can deliberately switch to native 1151ms
@master/css-tooling:test:  ✓ tests/scanner/bug-hunt.test.ts (8 tests) 4456ms
@master/css-tooling:test:    ✓ BH-0012 scans native ESM module class strings 957ms
@master/css-tooling:test:    ✓ audit control: accumulated sources are cleared by reset and can be rescanned 566ms
@master/css-tooling:test:    ✓ BH-0012 module filtering for component.mjs?import yields supported=true 420ms
@master/css-tooling:test:    ✓ BH-0012 module filtering for component.mjs?type=script yields supported=true 488ms
@master/css-tooling:test:    ✓ BH-0012 module filtering for component.mjs?type=style yields supported=false 465ms
@master/css-tooling:test:    ✓ BH-0012 module filtering for component.css yields supported=false 381ms
@master/css-tooling:test:    ✓ BH-0012 module filtering for component.json yields supported=false 685ms
@master/css-tooling:test:    ✓ BH-0012 module filtering for component.wasm yields supported=false 489ms
@master/css-tooling:test: [success] component.tsx 1 classes inserted in 0.2ms 
@master/css-tooling:test:  ✓ tests/source/rc87-extract-class-candidates.test.ts (3 tests) 5ms
@master/css-tooling:test:  ✓ tests/language/rc87-mdn-css-data.test.ts (1 test) 2ms
@master/css-tooling:test: [success] App.tsx 2 classes inserted in 8.8ms 
@master/css-tooling:test:  ✓ tests/scanner/rust-state-parity.test.ts (1 test) 264ms
@master/css-webpack:test: (!) Your Vite config uses features that are unsupported by `configLoader: 'native'`, which is planned to become the default in a future major version of Vite:
@master/css-webpack:test:   - import "../../shared/vitest.config" without a file extension (vitest.config.ts:2:20). Add the file extension
@master/css-webpack:test:   - import "./vitest-ci-config" without a file extension (../../shared/vitest.config.ts:2:58). Add the file extension
@master/css-webpack:test: Set `VITE_CONFIG_NATIVE_IGNORE_WARNING=true` to suppress this warning.
@master/css-tooling:test:  ✓ tests/validator/css.test.ts (3 tests) 153ms
@master/css-tooling:test:  ✓ tests/language/removed-css-data.test.ts (1 test) 6ms
@master/css-webpack:test: 
@master/css-webpack:test:  RUN  v5.0.0 /Users/aron/master/css/packages/webpack
@master/css-webpack:test: 
@master/css-server:test:  ✓ e2e/svelte/test.ts (1 test) 234ms
@master/css-server:test:  ✓ tests/element.test.ts (1 test) 390ms
@master/css-server:test:    ✓ render elements 383ms
@master/css-tooling:test:  ✓ tests/source/bug-hunt-html-references.test.ts (2 tests) 1064ms
@master/css-tooling:test:    ✓ BH-0010 native HTML references reach scanner CSS without splitting nonbreaking space 359ms
@master/css-tooling:test:    ✓ BH-0010 wasm HTML references reach scanner CSS without splitting nonbreaking space 704ms
@master/css-server:test:  ✓ tests/batching.test.ts (2 tests) 346ms
@master/css-server:test:  ✓ tests/entities.test.ts (3 tests) 622ms
@master/css-server:test:    ✓ ' 464ms
@master/css-tooling:test:  ✓ tests/scanner/lifecycle.test.ts (2 tests) 8ms
@master/css-tooling:test:  ✓ tests/source/bug-hunt-svelte-branches.test.ts (8 tests) 463ms
@master/css-tooling:test:    ✓ BH-0011 scanner emits classes from nested Svelte alternatives 408ms
@master/css-server:test:  ✓ e2e/beta.css.master.co/docs/installation/general/test.ts (1 test) 1ms
@master/css-webpack:test:  ✓ tests/bug-hunt-runtime-url-matrix.test.ts (14 tests) 9ms
@master/css-preset:test:  ✓ tests/default-manifest.test.ts (14 tests) 4753ms
@master/css-preset:test:    ✓ @master/css-preset defaultManifest (14)
@master/css-preset:test:      ✓ matches the readable preset sources 322ms
@master/css-preset:test:      ✓ matches the readable preset native CSS 340ms
@master/css-preset:test:      ✓ preserves the compiled default registry 421ms
@master/css-preset:test:      ✓ executes CSS-authored semantic and enum pattern utilities 851ms
@master/css-preset:test:      ✓ removes fixed keyword value aliases while preserving raw ambiguous matches 1038ms
@master/css-preset:test:      ✓ prunes pure native coverage and keeps Master CSS native DX utilities 620ms
@master/css-preset:test:      ✓ moves native value namespace utilities out of matcher definitions 485ms
@master/css-tooling:test:  ✓ tests/scanner/extract.test.ts (17 tests) 7ms
@master/css-webpack:lint: cache bypass, force executing 79aa8d6612067181
@master/css-tooling:test:  ✓ tests/scanner/diff.test.ts (14 tests) 5ms
@master/css-webpack:lint: $ eslint
@master/css-tooling:test:  ✓ tests/scanner/issues/337.test.ts (3 tests) 3ms
@master/css-preset:test: 
@master/css-preset:test:  Test Files  3 passed (3)
@master/css-preset:test:       Tests  26 passed (26)
@master/css-preset:test:    Start at  13:54:07
@master/css-preset:test:    Duration  5.51s (tests 81%, transform 17%, import 2%)
@master/css-preset:test: 
@master/css-next:lint: cache bypass, force executing 542ba4df7ceb7289
@master/css-next:lint: $ eslint
@master/css-tooling:test:  ✓ tests/validator/rc87-validator.test.ts (5 tests) 125ms
@master/css-webpack:test:  ✓ tests/bug-hunt-runtime-start-hmr.test.ts (5 tests) 520ms
@master/css-cli:test:  ✓ tests/bug-hunt-watch.test.ts (1 test) 4238ms
@master/css-cli:test:    ✓ scans a new sibling HTML file after an existing-file change 4238ms
@master/css-cli:test:  ✓ tests/bug-hunt-mjs.test.ts (3 tests) 4231ms
@master/css-cli:test:    ✓ BH-0018 Node CLI discovers .mjs with default sources 1577ms
@master/css-cli:test:    ✓ BH-0018 Node CLI discovers .mjs with glob sources 1457ms
@master/css-cli:test:    ✓ BH-0018 Node CLI discovers .mjs with explicit sources 1197ms
@master/css-tooling:test:  ✓ tests/scanner/extract-html.test.ts (1 test) 48ms
@master/css-server:test:  ✓ tests/bug-hunt.test.ts (10 tests) 1765ms
@master/css-server:test:    ✓ BH-0005 decodes attribute references once with ASCII separators: block&nbsp;hidden 339ms
@master/css-server:test:  ✓ tests/html.test.ts (10 tests) 2152ms
@master/css-server:test:    ✓ returns hydration state without mutating HTML by default 514ms
@master/css-next:test: cache bypass, force executing 0ca7875236a72fb3
@master/css-next:test: $ vitest
@master/css-server:test:  ✓ tests/rc87-rendering.test.ts (11 tests) 2611ms
@master/css-server:test:    ✓ render <html> 335ms
@master/css-server:test:    ✓ should not render the new style element 457ms
@master/css-server:test:    ✓ can skip returning and injecting the hydration manifest 300ms
@master/eslint-plugin-css:test:     Finished `dev` profile [unoptimized + debuginfo] target(s) in 0.12s
@master/eslint-plugin-css:test: Built /Users/aron/master/css/packages/binding/artifacts/mastercss.node
@master/eslint-plugin-css:test: Built /Users/aron/master/css/packages/binding/artifacts/mcss
@master/css-next:test: (!) Your Vite config uses features that are unsupported by `configLoader: 'native'`, which is planned to become the default in a future major version of Vite:
@master/css-next:test:   - import "../../shared/vitest.config" without a file extension (vitest.config.ts:2:20). Add the file extension
@master/css-next:test:   - import "./vitest-ci-config" without a file extension (../../shared/vitest.config.ts:2:58). Add the file extension
@master/css-next:test: Set `VITE_CONFIG_NATIVE_IGNORE_WARNING=true` to suppress this warning.
@master/css-next:test: 
@master/css-next:test:  RUN  v5.0.0 /Users/aron/master/css/packages/next
@master/css-next:test: 
@master/eslint-plugin-css:test: (!) Your Vite config uses features that are unsupported by `configLoader: 'native'`, which is planned to become the default in a future major version of Vite:
@master/eslint-plugin-css:test:   - import "../../shared/vitest.config" without a file extension (vitest.config.ts:2:20). Add the file extension
@master/eslint-plugin-css:test:   - import "./vitest-ci-config" without a file extension (../../shared/vitest.config.ts:2:58). Add the file extension
@master/eslint-plugin-css:test: Set `VITE_CONFIG_NATIVE_IGNORE_WARNING=true` to suppress this warning.
@master/eslint-plugin-css:test: 
@master/eslint-plugin-css:test:  RUN  v5.0.0 /Users/aron/master/css/packages/eslint-plugin
@master/eslint-plugin-css:test: 
@master/css-tooling:test:  ✓ tests/language/rust-language.test.ts (2 tests) 7895ms
@master/css-tooling:test:    ✓ Rust language session (2)
@master/css-tooling:test:      ✓ discovers UTF-16 class contexts for markup, script, and CSS 1476ms
@master/css-tooling:test:      ✓ owns classification, inspection, completion metadata, and colors 6417ms
@master/css-server:test:  ✓ tests/server-renderer.test.ts (8 tests) 3308ms
@master/css-server:test:    ✓ reuses a renderer without leaking rules between documents 722ms
@master/css-server:test:    ✓ rebuilds bounded cache generations without changing output 987ms
@master/css-server:test:    ✓ renders oversized pages outside the bounded cache 454ms
@master/css-server:test:    ✓ validates cache bounds and preserves immutable results after disposal 475ms
@master/css-server:test:    ✓ returns a complete final chunk when no prefix can be emitted safely 426ms
@master/css-tooling:test:  ✓ tests/lint/index.test.ts (7 tests) 7990ms
@master/css-tooling:test:    ✓ Rust lint session (7)
@master/css-tooling:test:      ✓ owns sort, conflict, validation, and edit policy 1391ms
@master/css-tooling:test:      ✓ owns canonical recommendations while the wrapper only maps host diagnostics 896ms
@master/css-tooling:test:      ✓ ignores token, static, invalid, unknown, and component classes 1677ms
@master/css-tooling:test:      ✓ suggests static utilities, theme tokens, and property aliases 1069ms
@master/css-tooling:test:      ✓ suggests static utility aliases from generated declarations 930ms
@master/css-tooling:test:      ✓ lints and fixes source files without a TypeScript engine 2024ms
@master/css-cli:test: master.css exported 825B
@master/css-tooling:test: [success] src/App.tsx 1 classes inserted in 4.1ms 
@master/css-compiler:test: Built /Users/aron/master/css/packages/binding-wasm-compiler/artifacts
@master/css-tooling:test:  ✓ tests/scanner/cache.test.ts (19 tests) 8432ms
@master/css-tooling:test:    ✓ content-hash cache (Phase A optimisation) (4)
@master/css-tooling:test:      ✓ scan(source, content) returns false on identical re-call 829ms
@master/css-tooling:test:      ✓ cache key is per-source — same content from a different source still inserts 391ms
@master/css-tooling:test:      ✓ cache invalidates on content change 345ms
@master/css-tooling:test:      ✓ reset() clears the content-hash cache 592ms
@master/css-tooling:test:    ✓ Rust scanner validity cache (2)
@master/css-tooling:test:      ✓ same class across many files remains a single generated rule 607ms
@master/css-tooling:test:      ✓ same class across many files is processed once 425ms
@master/css-tooling:test:    ✓ class exclusion matcher (2)
@master/css-tooling:test:      ✓ resets stateful regular expressions while filtering repeated classes 572ms
@master/css-tooling:test:      ✓ rebuilds when blocklist is reassigned 475ms
@master/css-tooling:test:    ✓ module source matcher cache (11)
@master/css-tooling:test:      ✓ scan() accepts trusted content without module filtering 375ms
@master/css-tooling:test:      ✓ normalizes query suffixes before matching module paths 384ms
@master/css-tooling:test:      ✓ rejects non-source extensions with Vite query suffixes 472ms
@master/css-tooling:test:      ✓ rejects framework style module requests 385ms
@master/css-tooling:test:      ✓ rejects generated and cache dot directories by default 301ms
@master/css-tooling:test:      ✓ matches absolute module ids against relative exclude globs within cwd 457ms
@master/css-tooling:test:      ✓ strips query suffixes before matching absolute module ids against relative excludes 448ms
@master/css-tooling:test:      ✓ rejects absolute framework style module requests before exclude matching 368ms
@master/css-tooling:test:      ✓ scanModule() scans source-like allowed modules only 597ms
@master/css-nuxt:build: cache bypass, force executing f273eadb125c9fe0
@master/css-nuxt:build: $ nuxt-module-build prepare && nuxt-module-build && node scripts/normalize-module-build.js
@master/css-compiler:test: (!) Your Vite config uses features that are unsupported by `configLoader: 'native'`, which is planned to become the default in a future major version of Vite:
@master/css-compiler:test:   - import "../../shared/vitest.config" without a file extension (vitest.config.ts:3:20). Add the file extension
@master/css-compiler:test:   - import "./vitest-ci-config" without a file extension (../../shared/vitest.config.ts:2:58). Add the file extension
@master/css-compiler:test: Set `VITE_CONFIG_NATIVE_IGNORE_WARNING=true` to suppress this warning.
@master/css-compiler:test: 
@master/css-compiler:test:  RUN  v5.0.0 /Users/aron/master/css/packages/compiler
@master/css-compiler:test: 
@master/css-cli:test:  ✓ tests/extract/test.ts (2 tests) 8607ms
@master/css-cli:test:    ✓ basic extract 6299ms
@master/css-cli:test:    ✓ prints CSS without exporting 2308ms
@master/css-webpack:test: [log]
@master/css-webpack:test: [log]
@master/css-webpack:test: [log]
@master/css-webpack:test: [log]
@master/css-tooling:test:  ✓ tests/language/format-directives.test.ts (8 tests) 10838ms
@master/css-tooling:test:    ✓ repairs detached important suffixes in class lists 1418ms
@master/css-tooling:test:    ✓ formats @compose class-list preludes 978ms
@master/css-tooling:test:    ✓ leaves quoted and grouped @compose syntax unchanged 2568ms
@master/css-tooling:test:    ✓ formats @safelist quoted class lists while preserving quote style 988ms
@master/css-tooling:test:    ✓ leaves internal styles dogfood directives unchanged 782ms
@master/css-tooling:test:    ✓ normalizes directive spacing without changing block contents 1230ms
@master/css-tooling:test:    ✓ ignores directives inside comments and strings 1265ms
@master/css-tooling:test:    ✓ can limit edits to a source range 1607ms
@master/css-webpack:test: [log]
@master/css-webpack:test: [log]
@master/css-webpack:test: [log]
@master/css-vite:lint: cache bypass, force executing 74e0db452e825e7e
@master/css-vite:lint: $ eslint
@master/css-cli:test:  ✓ tests/bug-hunt-asset-ownership.test.ts (1 test) 10729ms
@master/css-cli:test:    ✓ BH-0004 CLI records only assets it created and separates output ownership 10727ms
@master/css-next:test:  ✓ tests/bug-hunt-turbopack-global-animations.test.ts (1 test) 3000ms
@master/css-next:test:    ✓ general loader keeps global animation references unscoped and emits their keyframes for CSS Modules 3000ms
@master/css-cli:test:  ✓ tests/extract/watch/test.ts (3 tests) 8577ms
@master/css-cli:test:    ✓ start watch process 2781ms
@master/css-cli:test:    ✓ change config file utilities and reset process 3083ms
@master/css-cli:test:    ✓ change html file class attr and update 2675ms
@master/css-webpack:test: [success] page.tsx 1 classes inserted in 36.4ms 
@master/css-compiler:test: [success] index.html 6 classes inserted in 2.7ms 
@master/css-compiler:test: [success] index.html 5 classes inserted in 0.6ms 
@master/css-server:test:  ✓ tests/test.ts (17 tests) 9650ms
@master/css-server:test:    ✓ server fixture CSS parity (16)
@master/css-server:test:      ✓ add-a-color 1790ms
@master/css-server:test:      ✓ add-a-color-with-opacity 1789ms
@master/css-server:test:      ✓ add-a-container-size 1789ms
@master/css-server:test:      ✓ add-a-responsive-breakpoint 1789ms
@master/css-server:test:      ✓ add-a-style 1789ms
@master/css-server:test:      ✓ add-a-style-with-states 2489ms
@master/css-server:test:      ✓ add-an-alias 2489ms
@master/css-server:test:      ✓ add-an-alias-with-opacity 2489ms
@master/css-server:test:      ✓ add-colors-by-theme 2489ms
@master/css-server:test:      ✓ add-styles-in-a-nested-structure 2489ms
@master/css-server:test:      ✓ apply-styles 4146ms
@master/css-server:test:      ✓ apply-styles-with-modes-in-classes 4146ms
@master/css-server:test:      ✓ define-variables 4146ms
@master/css-server:test:      ✓ extend-an-existing-style 4146ms
@master/css-server:test:      ✓ override-default-colors 4146ms
@master/css-server:test:      ✓ variables-with-modes 1036ms
@master/css-nuxt:build: │
@master/css-nuxt:build: ◆  Types generated in .nuxt.
@master/css-server:test: 
@master/css-server:test:  Test Files  12 passed (12)
@master/css-server:test:       Tests  67 passed (67)
@master/css-server:test:    Start at  13:54:09
@master/css-server:test:    Duration  12.01s (tests 54%, transform 37%, import 9%)
@master/css-server:test: 
@master/css-server:test:   Transform  transforming modules took 14.66s · 37% of tracked time, re-done on every run
@master/css-server:test:              persist transforms across runs with fsModuleCache: true
@master/css-server:test:              learn more: https://vitest.dev/guide/improving-performance#caching-between-reruns
@master/css-server:test: 
@master/css-nuxt:build: 
@master/css-nuxt:build:  WARN  Please specify the build command explicitly. In a future version of @nuxt/module-builder, the implicit default build command will be removed.
@master/css-nuxt:build: 
@master/css-astro:build: cache bypass, force executing 22a3bb948c2d15ac
@master/css-astro:build: $ tsdown --config ../../shared/tsdown-package.config.ts
@master/css-compiler:test: [success] app/page.tsx 4 classes inserted in 1ms 
@master/css-astro:build: ℹ tsdown v0.23.0 powered by rolldown v1.2.7
@master/css-astro:build: ℹ config file: /Users/aron/master/css/shared/tsdown-package.config.ts 
@master/css-astro:build: ℹ entry: src/core.ts, src/external-hydration-manifest.ts, src/index.ts, src/middleware.ts, src/options.ts, src/runtime-preload.ts, src/server.ts
@master/css-astro:build: ℹ target: node24.0.0
@master/css-astro:build: ℹ tsconfig: tsconfig.prod.json
@master/css-astro:build: ℹ Build start
@master/css-astro:build: ℹ Cleaning 27 files
@master/css-astro:build: TypeScript 7.0 does not yet have a stable API and is experimental. Some options will be unavailable.
@master/css-webpack:test: [log]
@master/css-astro:build: ℹ dist/core.js                                    5.41 kB │ gzip:  1.65 kB
@master/css-astro:build: ℹ dist/runtime-preload.js                         5.35 kB │ gzip:  1.73 kB
@master/css-astro:build: ℹ dist/external-hydration-manifest.js             3.52 kB │ gzip:  1.25 kB
@master/css-astro:build: ℹ dist/server.js                                  1.32 kB │ gzip:  0.56 kB
@master/css-astro:build: ℹ dist/options.js                                 0.41 kB │ gzip:  0.23 kB
@master/css-astro:build: ℹ dist/middleware.js                              0.31 kB │ gzip:  0.18 kB
@master/css-astro:build: ℹ dist/index.js                                   0.15 kB │ gzip:  0.10 kB
@master/css-astro:build: ℹ dist/preset/src/default-manifest.js           117.06 kB │ gzip: 12.81 kB
@master/css-astro:build: ℹ dist/internal/src/manifest-facade.js            4.05 kB │ gzip:  1.16 kB
@master/css-astro:build: ℹ dist/internal/src/manifest-virtual-module.js    2.94 kB │ gzip:  1.04 kB
@master/css-astro:build: ℹ dist/internal/src/runtime-bootstrap.js          2.55 kB │ gzip:  0.78 kB
@master/css-astro:build: ℹ dist/internal/src/manifest-loader.js            1.21 kB │ gzip:  0.49 kB
@master/css-astro:build: ℹ dist/internal/src/emitted-globals-module.js     0.53 kB │ gzip:  0.28 kB
@master/css-astro:build: ℹ dist/internal/src/manifest-module.js            0.42 kB │ gzip:  0.24 kB
@master/css-astro:build: ℹ dist/internal/src/node.js                       0.37 kB │ gzip:  0.26 kB
@master/css-astro:build: ℹ dist/internal/src/project.js                    0.23 kB │ gzip:  0.16 kB
@master/css-astro:build: ℹ dist/options.d.ts                               0.80 kB │ gzip:  0.29 kB
@master/css-astro:build: ℹ dist/server.d.ts                                0.69 kB │ gzip:  0.29 kB
@master/css-astro:build: ℹ dist/core.d.ts                                  0.63 kB │ gzip:  0.31 kB
@master/css-astro:build: ℹ dist/index.d.ts                                 0.28 kB │ gzip:  0.14 kB
@master/css-astro:build: ℹ dist/external-hydration-manifest.d.ts           0.21 kB │ gzip:  0.16 kB
@master/css-astro:build: ℹ dist/runtime-preload.d.ts                       0.18 kB │ gzip:  0.15 kB
@master/css-astro:build: ℹ dist/middleware.d.ts                            0.12 kB │ gzip:  0.12 kB
@master/css-astro:build: ℹ 23 files, total: 148.76 kB
@master/css-astro:build: ✔ Build complete in 590ms
@master/css-svelte:build: cache bypass, force executing 3945d8ddd700c305
@master/css-svelte:build: $ vite build && pnpm run package
@master/css-next:test:  ✓ tests/bug-hunt-preprocessed-stylesheet.test.ts (2 tests) 7037ms
@master/css-next:test:    ✓ Next preserves the host Sass preprocessing boundary, preprocessed=false 3408ms
@master/css-next:test:    ✓ Next preserves the host Sass preprocessing boundary, preprocessed=true 3629ms
@master/eslint-plugin-css:test:  ✓ tests/bug-hunt-javascript-escapes.test.ts (37 tests) 4953ms
@master/eslint-plugin-css:test:    ✓ recognizes the parser cooked value of "\u0062lock" 2424ms
@master/eslint-plugin-css:test:    ✓ sorts escaped strings with valid syntax, equivalent classes and stable fixes: clsx("fg:white\u0020bg:black") 315ms
@master/eslint-plugin-css:test:    ✓ sorts escaped strings with valid syntax, equivalent classes and stable fixes: clsx("fg:white\
@master/eslint-plugin-css:test:  bg:black") 459ms
@master/eslint-plugin-css:test:    ✓ maps conflict removal and canonical replacement through escaped separators 525ms
@master/css-next:test:  ✓ tests/next-config.test.ts (14 tests) 3165ms
@master/css-next:test:    ✓ withMasterCSS (14)
@master/css-next:test:      ✓ sets up static mode with Turbopack rules without adding a webpack callback 3038ms
@master/css-compiler:test: [success] index.html 6 classes inserted in 0.5ms 
@master/eslint-plugin-css:test:  ✓ tests/svelte.test.ts (2 tests) 5573ms
@master/eslint-plugin-css:test:    ✓ svelte sort classes (2)
@master/eslint-plugin-css:test:      ✓ valid (1)
@master/eslint-plugin-css:test:        ✓ <div class="m:2x p:2x font:1.5rem bg:black fg:white">Simple, basic</div> 2649ms
@master/eslint-plugin-css:test:      ✓ invalid (1)
@master/eslint-plugin-css:test:        ✓ <div class="m:2x bg:black p:2x fg:white font:1.5rem">Enhancing readability</div> 2923ms
@master/css-webpack:test: [log]
@master/css-webpack:test: [log]
@master/css-webpack:test:  ✓ tests/bug-hunt-relative-assets.test.ts (1 test) 12834ms
@master/css-webpack:test:    ✓ resolves relative runtime assets from each emitted HTML directory 12833ms
@master/css-nuxt:build: ℹ Building css-nuxt
@master/css-nuxt:build: ℹ Cleaning dist directory: ./dist
@master/css-svelte:build: vite v8.2.2 building ssr environment for production...
@master/css-svelte:build: transforming...
@master/css-compiler:test: [success] index.html 5 classes inserted in 0.7ms 
@master/css-next:test:  ✓ tests/bug-hunt-runtime-start-hmr.test.ts (10 tests) 1105ms
@master/css-webpack:test:  ✓ tests/runtime-e2e.test.ts (1 test) 13344ms
@master/css-webpack:test:    ✓ Webpack runtime mode (1)
@master/css-webpack:test:      ✓ injects runtime assets and preserves utility layer precedence over global CSS 13342ms
@master/eslint-plugin-css:test:  ✓ tests/bug-hunt-vue-escaped-attribute.test.ts (2 tests) 7616ms
@master/eslint-plugin-css:test:    ✓ BH-0015 maps a Vue expression through both HTML entities and JavaScript escapes 2246ms
@master/eslint-plugin-css:test:    ✓ BH-0015 fixes the complete Vue source range without leaving entity fragments or invalid syntax 5369ms
@master/css-svelte:build: ✓ 375 modules transformed.
@master/eslint-plugin-css:test:  ✓ tests/recommended-autofix.test.ts (2 tests) 7702ms
@master/eslint-plugin-css:test:    ✓ recommended config autofixes cross-rule class lists to a stable result 2554ms
@master/eslint-plugin-css:test:    ✓ recommended config autofixes mdx fenced examples 5147ms
@master/css-webpack:test: [log]
@master/css-svelte:build: rendering chunks...
@master/css-next:test:  ✓ tests/bug-hunt-postcss-request-plugins.test.ts (15 tests) 1415ms
@master/css-next:test:    ✓ native Next loader resource hooks: Once -> Declaration 315ms
@master/css-webpack:test: [log]
@master/css-next:test:  ✓ tests/css-manifest-loader.test.ts (8 tests) 10558ms
@master/css-next:test:    ✓ css manifest loader (8)
@master/css-next:test:      ✓ turns a CSS entry resource into an importable manifest JSON asset 493ms
@master/css-next:test:      ✓ wraps the manifest JSON as an external JSON facade when requested 309ms
@master/css-next:test:      ✓ loads CSS when the loader resource includes ?master-css-manifest 1077ms
@master/css-next:test:      ✓ loads the default virtual manifest from CSS entry files only 2265ms
@master/css-next:test:      ✓ loads emitted globals from project CSS entry files 1246ms
@master/css-next:test:      ✓ keeps virtual manifest dependencies registered after invalid CSS and recovers on the next run 4731ms
@master/css-compiler:test: [success] app/page.html 1 classes inserted in 0.1ms 
@master/css-cli:test:  ✓ tests/bug-hunt-stylesheet-delivery.test.ts (3 tests) 19299ms
@master/css-cli:test:    ✓ BH-0004 CLI emits a referenced resource and native compose without emitting reference CSS 4975ms
@master/css-cli:test:    ✓ BH-0004 CLI keeps separate native pruning scopes for shared imports 6340ms
@master/css-cli:test:    ✓ BH-0004 CLI watch republishes changed resources and ignores its output files 7982ms
@master/css-next:test:  ✓ tests/bug-hunt-postcss-resource-policy.test.ts (7 tests) 900ms
@master/css-next:test:    ✓ new globals carry ownership and root history prevents child re-emission 486ms
@master/css-next:test:  ✓ tests/bug-hunt-postcss-resource-host.test.ts (1 test) 376ms
@master/css-next:test:    ✓ installed Next PostCSS loader chain emits late resources once, keeps user deletions and rebases allocated resource URLs 376ms
@master/eslint-plugin-css:test:  ✓ tests/react.test.ts (4 tests) 10760ms
@master/eslint-plugin-css:test:    ✓ class matching react (4)
@master/eslint-plugin-css:test:      ✓ valid (1)
@master/eslint-plugin-css:test:        ✓ <h1 className={"bg:black"}>Welcome {name}</h1> 2739ms
@master/eslint-plugin-css:test:      ✓ invalid (3)
@master/eslint-plugin-css:test:        ✓ <h1 className={"text-decoration:bad()"}>Welcome {name}</h1> 2646ms
@master/eslint-plugin-css:test:        ✓ 
@master/eslint-plugin-css:test:         import React from 'react'
@master/eslint-plugin-css:test:         import styled from '@master/styled.react'
@master/eslint-plugin-css:test: 
@master/eslint-plugin-css:test:         const H1 = styled.h1`text-decoration:bad()`
@master/eslint-plugin-css:test: 
@master/eslint-plugin-css:test:         export default () => (
@master/eslint-plugin-css:test:           <H1>Hello World</H1>
@master/eslint-plugin-css:test:         )
@master/eslint-plugin-css:test:        2952ms
@master/eslint-plugin-css:test:        ✓ 
@master/eslint-plugin-css:test:         import React from 'react'
@master/eslint-plugin-css:test:         import styled from '@master/styled.react'
@master/eslint-plugin-css:test: 
@master/eslint-plugin-css:test:         const H1 = styled.h1('text-decoration:bad()')
@master/eslint-plugin-css:test: 
@master/eslint-plugin-css:test:         export default () => (
@master/eslint-plugin-css:test:           <H1>Hello World</H1>
@master/eslint-plugin-css:test:         )
@master/eslint-plugin-css:test:        2420ms
@master/css-next:test:  ✓ tests/css-manifest-import-loader.test.ts (3 tests) 691ms
@master/css-next:test:    ✓ css manifest import loader (3)
@master/css-next:test:      ✓ rewrites relative CSS manifest query imports from TypeScript modules to generated JS manifest modules 459ms
@master/css-svelte:build: vite v8.2.2 building client environment for production...
@master/css-svelte:build: transforming...
@master/css-compiler:test: [success] index.html 6 classes inserted in 0.6ms 
@master/css-vite:test: cache bypass, force executing 19959e625dea711d
@master/css-vite:test: $ vitest
@master/css-svelte:build: ✓ 158 modules transformed.
@master/css-next:test:  ✓ tests/bug-hunt-webpack-virtual-modules.test.ts (9 tests) 45ms
@master/css-svelte:build: rendering chunks...
@master/css-webpack:test: [log]
@master/css-svelte:build: computing gzip size...
@master/css-svelte:build: .svelte-kit/output/client/_app/version.json                        0.02 kB │ gzip:  0.04 kB
@master/css-svelte:build: .svelte-kit/output/client/.vite/manifest.json                      2.57 kB │ gzip:  0.57 kB
@master/css-svelte:build: .svelte-kit/output/client/_app/immutable/chunks/xihTtKlq.js        0.06 kB │ gzip:  0.08 kB
@master/css-svelte:build: .svelte-kit/output/client/_app/immutable/entry/start.BhKKDayL.js   0.07 kB │ gzip:  0.08 kB
@master/css-svelte:build: .svelte-kit/output/client/_app/immutable/nodes/0.C6hbZDaP.js       0.17 kB │ gzip:  0.15 kB
@master/css-svelte:build: .svelte-kit/output/client/_app/immutable/nodes/1.6HlKqICr.js       0.57 kB │ gzip:  0.32 kB
@master/css-svelte:build: .svelte-kit/output/client/_app/immutable/nodes/2.Drjj8X0s.js       0.76 kB │ gzip:  0.50 kB
@master/css-svelte:build: .svelte-kit/output/client/_app/immutable/chunks/Bjy-W4x2.js        1.36 kB │ gzip:  0.65 kB
@master/css-svelte:build: .svelte-kit/output/client/_app/immutable/entry/app.C0-W5a4C.js     3.93 kB │ gzip:  1.83 kB
@master/css-svelte:build: .svelte-kit/output/client/_app/immutable/chunks/B1nKCVhs.js       26.64 kB │ gzip: 10.30 kB
@master/css-svelte:build: .svelte-kit/output/client/_app/immutable/chunks/BvxoFr3Q.js       40.67 kB │ gzip: 15.63 kB
@master/css-svelte:build: 
@master/css-svelte:build: ✓ built in 589ms
@master/css-webpack:test: [log]
@master/css-next:test:  ✓ tests/bug-hunt-webpack-css-pipeline.test.ts (5 tests) 124ms
@master/css-compiler:test: [success] index.html 5 classes inserted in 0.5ms 
@master/css-next:test:  ✓ tests/bug-hunt-turbopack-css-module.test.ts (7 tests) 42ms
@master/eslint-plugin-css:test:  ✓ tests/styles.test.ts (5 tests) 12321ms
@master/eslint-plugin-css:test:    ✓ class matching main utilities (5)
@master/eslint-plugin-css:test:      ✓ valid (3)
@master/eslint-plugin-css:test:        ✓ import { UtilityType } from "@master/css-schema/utility-type"; export default { utilities: [{ name: "btn", type: UtilityType.Semantic, layer: "components", rules: [{ selector: "&", declarations: { display: "block" } }] }] } 2420ms
@master/eslint-plugin-css:test:        ✓ import { UtilityType } from "@master/css-schema/utility-type"; export default { utilities: [{ name: "btn", type: UtilityType.Semantic, layer: "components", rules: [{ selector: "&", declarations: { fontSize: "0.75rem", height: "1.5rem", paddingLeft: "0.5rem", paddingRight: "0.5rem", borderRadius: "0.5rem" } }, { selector: "&", declarations: { display: "inline-flex" } }] }] } 2477ms
@master/eslint-plugin-css:test:        ✓ import { UtilityType } from "@master/css-schema/utility-type"; export default { utilities: [{ name: "btn", type: UtilityType.Semantic, layer: "components", rules: [{ selector: "&", declarations: { color: "red" } }] }] } 2534ms
@master/eslint-plugin-css:test:      ✓ invalid (2)
@master/eslint-plugin-css:test:        ✓ const classes = "text-decoration:bad()" 2305ms
@master/eslint-plugin-css:test:        ✓ const classes = { btn: ["text-decoration:bad()"] } 2567ms
@master/eslint-plugin-css:test:  ✓ tests/bug-hunt.test.ts (1 test) 2409ms
@master/eslint-plugin-css:test:    ✓ BH-0015 recognizes cooked JavaScript Unicode escapes in static class strings 2408ms
@master/css-vite:test: (!) Your Vite config uses features that are unsupported by `configLoader: 'native'`, which is planned to become the default in a future major version of Vite:
@master/css-vite:test:   - import "../../shared/vitest.config" without a file extension (vitest.config.ts:2:20). Add the file extension
@master/css-vite:test:   - import "./vitest-ci-config" without a file extension (../../shared/vitest.config.ts:2:58). Add the file extension
@master/css-vite:test: Set `VITE_CONFIG_NATIVE_IGNORE_WARNING=true` to suppress this warning.
@master/css-cli:test:  ✓ tests/bug-hunt-watch-new-sources.test.ts (3 tests) 21726ms
@master/css-cli:test:    ✓ BH-0019 watches default empty project without output feedback 4877ms
@master/css-cli:test:    ✓ BH-0019 watches new glob base with negative pattern without output feedback 9245ms
@master/css-cli:test:    ✓ BH-0019 watches explicit missing source without output feedback 7597ms
@master/css-vite:test: 
@master/css-vite:test:  RUN  v5.0.0 /Users/aron/master/css/packages/vite
@master/css-vite:test: 
@master/css-next:test:  ✓ tests/bug-hunt-sass-directive-terminators.test.ts (5 tests) 13233ms
@master/css-next:test:    ✓ Next preserves Sass directive terminators: scss, explicitCompressed=false 3382ms
@master/css-next:test:    ✓ Next preserves Sass directive terminators: scss, explicitCompressed=true 3516ms
@master/css-next:test:    ✓ Next preserves Sass directive terminators: indented, explicitCompressed=false 3418ms
@master/css-next:test:    ✓ Next preserves Sass directive terminators: indented, explicitCompressed=true 2907ms
@master/eslint-plugin-css:test:  ✓ tests/issues/400.test.ts (1 test) 2117ms
@master/eslint-plugin-css:test:    ✓ order (1)
@master/eslint-plugin-css:test:      ✓ valid (1)
@master/eslint-plugin-css:test:        ✓ /Users/aron/master/css/packages/eslint-plugin/tests/fixtures/issues/400/1.input.tsx 2116ms
@master/css-next:test:  ✓ tests/build-state.test.ts (1 test) 14905ms
@master/css-next:test:    ✓ resolveMasterCSSBuildState (1)
@master/css-next:test:      ✓ resolves @compose entries against the loaded base manifest while extracting native CSS 14904ms
@master/css-next:test:  ✓ tests/bug-hunt-sass-source-offsets.test.ts (9 tests) 14785ms
@master/css-next:test:    ✓ Next scss additionalData keeps root diagnostic line 777ms
@master/css-next:test:    ✓ Next scss entry preserves imported partial reference ownership 7063ms
@master/css-next:test:    ✓ Next sass entry preserves imported partial reference ownership 6493ms
@master/css-webpack:test:  ✓ tests/bug-hunt-entry-ownership.test.ts (2 tests) 17188ms
@master/css-webpack:test:    ✓ native CSS and resources remain owned by their entry: lazy=false 10352ms
@master/css-webpack:test:    ✓ native CSS and resources remain owned by their entry: lazy=true 6834ms
@master/css-svelte:build: computing gzip size...
@master/css-svelte:build: .svelte-kit/output/server/.vite/manifest.json                   4.59 kB │ gzip:   0.68 kB
@master/css-svelte:build: .svelte-kit/output/server/env.js                                0.22 kB │ gzip:   0.14 kB
@master/css-svelte:build: .svelte-kit/output/server/chunks/env.js                         0.28 kB │ gzip:   0.17 kB
@master/css-svelte:build: .svelte-kit/output/server/internal.js                           0.40 kB │ gzip:   0.19 kB
@master/css-svelte:build: .svelte-kit/output/server/entries/fallbacks/layout.svelte.js    0.42 kB │ gzip:   0.30 kB
@master/css-svelte:build: .svelte-kit/output/server/chunks/rolldown-runtime.js            0.49 kB │ gzip:   0.31 kB
@master/css-svelte:build: .svelte-kit/output/server/chunks/internal.js                    0.89 kB │ gzip:   0.44 kB
@master/css-svelte:build: .svelte-kit/output/server/entries/pages/_page.svelte.js         0.93 kB │ gzip:   0.55 kB
@master/css-svelte:build: .svelte-kit/output/server/entries/fallbacks/error.svelte.js     4.76 kB │ gzip:   1.77 kB
@master/css-svelte:build: .svelte-kit/output/server/chunks/exports.js                     9.60 kB │ gzip:   3.07 kB
@master/css-svelte:build: .svelte-kit/output/server/chunks/uneval.js                     17.26 kB │ gzip:   4.78 kB
@master/css-svelte:build: .svelte-kit/output/server/chunks/shared.js                     30.00 kB │ gzip:   8.08 kB
@master/css-svelte:build: .svelte-kit/output/server/chunks/utils.js                      37.47 kB │ gzip:  10.85 kB
@master/css-svelte:build: .svelte-kit/output/server/chunks/internal2.js                  40.53 kB │ gzip:  11.48 kB
@master/css-svelte:build: .svelte-kit/output/server/remote-entry.js                      55.49 kB │ gzip:  12.13 kB
@master/css-svelte:build: .svelte-kit/output/server/chunks/server.js                    121.19 kB │ gzip:  31.31 kB
@master/css-svelte:build: .svelte-kit/output/server/index.js                            134.92 kB │ gzip:  33.73 kB
@master/css-svelte:build: .svelte-kit/output/server/entries/hooks.server.js             504.39 kB │ gzip: 114.72 kB
@master/css-svelte:build: 
@master/css-svelte:build: ✓ built in 6.62s
@master/css-svelte:build: 
@master/css-svelte:build: Run npm run preview to preview your production build locally.
@master/css-svelte:build: 
@master/css-svelte:build: > Using @sveltejs/adapter-vercel
@master/eslint-plugin-css:test:  ✓ tests/issues/376.test.ts (1 test) 3078ms
@master/eslint-plugin-css:test:    ✓ order (1)
@master/eslint-plugin-css:test:      ✓ valid (1)
@master/eslint-plugin-css:test:        ✓ /Users/aron/master/css/packages/eslint-plugin/tests/fixtures/issues/376/1.input.tsx 3076ms
@master/eslint-plugin-css:test:  ✓ tests/bug-hunt-vue-attribute-mapping.test.ts (20 tests) 4740ms
@master/eslint-plugin-css:test:    ✓ maps raw diagnostic spans with separator &#32; and token zzz 2394ms
@master/eslint-plugin-css:test:    ✓ preserves AST class values, attribute boundaries and fix stability for :class="&#39;fg:white&Tab;bg:black&#39;" 403ms
@master/css-compiler:test:  ✓ tests/bug-hunt-preserved-source.test.ts (6 tests) 14607ms
@master/css-compiler:test:    ✓ wasm source preservation is explicit and rejects class pruning 535ms
@master/css-compiler:test:    ✓ wasm graph preparation preserves native input and rejects per-file pruning 5149ms
@master/css-compiler:test:    ✓ Wasm stylesheet preparation retains untouched bytes 8907ms
@master/css-compiler:test:  ✓ tests/css-first-core-migration.test.ts (11 tests) 15876ms
@master/css-compiler:test:    ✓ CSS-first lowering for migrated core tests (11)
@master/css-compiler:test:      ✓ lowers theme variables, modes, semantic components, utilities, and variants into one manifest 2925ms
@master/css-compiler:test:      ✓ lowers managed enum patterns as semantic utilities without replacing exact utility precedence 2924ms
@master/css-compiler:test:      ✓ lowers managed dynamic colon entries without restoring fixed keyword aliases 2924ms
@master/css-compiler:test:      ✓ rejects unsupported managed enum pattern syntax 2924ms
@master/css-compiler:test:      ✓ rejects unsupported managed dynamic colon syntax 2924ms
@master/css-compiler:test:      ✓ does not consume @utility as a Master CSS directive 11500ms
@master/css-compiler:test:      ✓ lowers dark and light shorthand variant blocks like explicit variant blocks 11500ms
@master/css-compiler:test:      ✓ keeps compose canonicalization rewrites output-equivalent 11500ms
@master/css-compiler:test:      ✓ keeps base declarations before matching responsive declarations 11500ms
@master/css-compiler:test:      ✓ keeps custom modes explicit behind @variant 11500ms
@master/css-compiler:test:      ✓ rejects legacy at-prefixed and selector variant directive syntax 1448ms
@master/css-compiler:test: [success] index.html 6 classes inserted in 1ms 
@master/css-webpack:test: [log]
@master/css-compiler:test:  ✓ tests/bug-hunt-stylesheet-diagnostics.test.ts (9 tests) 15919ms
@master/css-compiler:test:    ✓ BH-0004 wasm original graph diagnostic: /*😀*/.image{background:url(a.png)}
@master/css-compiler:test: .x{@compose unknown-utility;} 410ms
@master/css-compiler:test:    ✓ BH-0004 wasm original graph diagnostic: /*😀*/.image{background:url(a.png)} @utilities invalid {paint{color:red}} 5685ms
@master/css-compiler:test:    ✓ BH-0004 wasm original graph diagnostic: .a{background:image-set("a.png" 1x,url(b.png) 2x)}
@master/css-compiler:test: /*😀*/.b{background:url(b.png)}.x{@compose unknown-utility;} 4340ms
@master/css-compiler:test:    ✓ BH-0004 wasm original graph diagnostic: /*😀*/.a{background:image-set(
@master/css-compiler:test: "a.png" 1x,
@master/css-compiler:test: url(b.png) 2x)}
@master/css-compiler:test: .x{@compose unknown-utility;} 5106ms
@master/css-compiler:test:    ✓ BH-0004 collection composition diagnostic uses original owner instead of variant ID 360ms
@master/css-svelte:build:   Warning: The following modules failed to locate dependencies that may (or may not) be required for your app to work:
@master/css-svelte:build:   .svelte-kit/output/server/entries/hooks.server.js
@master/css-svelte:build:     - mdn-data/css/properties.json
@master/css-svelte:build:     - mdn-data/css/at-rules.json
@master/css-svelte:build:     - mdn-data/css/syntaxes.json
@master/css-svelte:build:   ✔ done
@master/eslint-plugin-css:test:  ✓ tests/manifest-settings.test.ts (5 tests) 15749ms
@master/eslint-plugin-css:test:    ✓ uses explicit Master CSS manifest objects from ESLint settings 1859ms
@master/eslint-plugin-css:test:    ✓ uses project-level CSS manifest entries from the ESLint workspace 3694ms
@master/eslint-plugin-css:test:    ✓ uses the project manifest for files that have not been written yet 3590ms
@master/eslint-plugin-css:test:    ✓ reloads project manifests between lint runs in the same process 6603ms
@master/css-compiler:test: [success] index.html 5 classes inserted in 0.4ms 
@master/css-svelte:build: $ svelte-kit sync && tsdown --config ../../shared/tsdown-package.config.ts && publint --pack false
@master/css-webpack:test: [log]
@master/eslint-plugin-css:test:  ✓ tests/issues/387.test.ts (1 test) 2879ms
@master/eslint-plugin-css:test:    ✓ order (1)
@master/eslint-plugin-css:test:      ✓ invalid (1)
@master/eslint-plugin-css:test:        ✓ /Users/aron/master/css/packages/eslint-plugin/tests/fixtures/issues/387/1.input.tsx 2877ms
@master/css-next:test:  ✓ tests/bug-hunt-entry-reference-build-state.test.ts (2 tests) 18613ms
@master/css-next:test:    ✓ Next build completion preserves entry reference metadata, imported=false 9606ms
@master/css-next:test:    ✓ Next build completion preserves entry reference metadata, imported=true 9006ms
@master/eslint-plugin-css:test:  ✓ tests/rust-context.test.ts (2 tests) 2045ms
@master/eslint-plugin-css:test:    ✓ uses the shared Rust-backed tooling session 2043ms
@master/css-webpack:test: [log]
@master/eslint-plugin-css:test:  ✓ tests/issues/375.test.ts (1 test) 2860ms
@master/eslint-plugin-css:test:    ✓ order (1)
@master/eslint-plugin-css:test:      ✓ invalid (1)
@master/eslint-plugin-css:test:        ✓ /Users/aron/master/css/packages/eslint-plugin/tests/fixtures/issues/375/1.input.tsx 2823ms
@master/eslint-plugin-css:test:  ✓ tests/schema.test.ts (5 tests) 2147ms
@master/eslint-plugin-css:test:    ✓ accepts no-invalid-classes rule options explicitly 2092ms
@master/css-webpack:test: stderr | tests/bug-hunt-static-watch-recovery.test.ts > watch reports a missing resource as compilation errors and recovers without invalidation
@master/css-webpack:test: [master-css.webpack] reset replay failed: Error: ENOENT: no such file or directory, open '/private/tmp/master-webpack-watch-test-gh5XcO/pixel.svg'
@master/css-webpack:test:     at Object.openSync (node:fs:622:18)
@master/css-webpack:test:     at readFileSync (node:fs:488:35)
@master/css-webpack:test:     at prepareDelivery (/Users/aron/master/css/packages/compiler/dist/stylesheet/delivery.js:31:5)
@master/css-webpack:test:     at compileGraph (/Users/aron/master/css/packages/compiler/dist/stylesheet/delivery.js:49:19)
@master/css-webpack:test:     at registerDeliveredStylesheet (/Users/aron/master/css/packages/compiler/dist/stylesheet/delivery.js:213:17)
@master/css-webpack:test:     at registerStylesheetSource (/Users/aron/master/css/packages/compiler/dist/stylesheet/index.js:401:31)
@master/css-webpack:test:     at MasterCSSStylesheetCollection.register (/Users/aron/master/css/packages/compiler/dist/stylesheet/public.js:192:24)
@master/css-webpack:test:     at MasterCSSWebpackPlugin.registerStylesheetSource (/Users/aron/master/css/packages/webpack/dist/plugin.js:193:42)
@master/css-webpack:test:     at /Users/aron/master/css/packages/webpack/dist/plugin.js:266:70
@master/css-webpack:test:     at Array.map (<anonymous>) {
@master/css-webpack:test:   errno: -2,
@master/css-webpack:test:   code: 'ENOENT',
@master/css-webpack:test:   syscall: 'open',
@master/css-webpack:test:   path: '/private/tmp/master-webpack-watch-test-gh5XcO/pixel.svg'
@master/css-webpack:test: }
@master/css-webpack:test: 
@master/css-svelte:build: ℹ tsdown v0.23.0 powered by rolldown v1.2.7
@master/css-compiler:test: [success] index.html 6 classes inserted in 0.6ms 
@master/css-svelte:build: ℹ config file: /Users/aron/master/css/shared/tsdown-package.config.ts 
@master/css-next:test:  ✓ tests/adapter.test.ts (13 tests) 20662ms
@master/css-next:test:    ✓ renderNextBuildOutputs (11)
@master/css-next:test:      ✓ disposes the build renderer after materializing its output 1533ms
@master/css-next:test:      ✓ shares one build renderer without leaking rules between HTML outputs 1384ms
@master/css-next:test:      ✓ disposes the build renderer when an output fails 1370ms
@master/css-next:test:      ✓ renders Master CSS into static HTML outputs once 1301ms
@master/css-next:test:      ✓ does not duplicate globals already emitted by project CSS entries 3047ms
@master/css-next:test:      ✓ writes static export hydration manifests into the default export root 1368ms
@master/css-next:test:      ✓ derives a custom static export root from nested output metadata 1765ms
@master/css-next:test:      ✓ fails when static export output metadata cannot identify the export root 1266ms
@master/css-next:test:      ✓ does not write empty Master CSS for non-Master classes 1660ms
@master/css-next:test:      ✓ does not inline native-only managed CSS entry output 3247ms
@master/css-next:test:      ✓ keeps only generated CSS in style#master-css when native CSS is also present 2719ms
@master/css-svelte:build: ℹ entry: src/lib/hooks.server.ts, src/lib/server.ts, src/lib/vite.ts
@master/css-svelte:build: ℹ target: node24.0.0
@master/css-svelte:build: ℹ tsconfig: tsconfig.prod.json
@master/css-svelte:build: ℹ Build start
@master/css-svelte:build: ℹ Cleaning 9 files
@master/css-svelte:build: TypeScript 7.0 does not yet have a stable API and is experimental. Some options will be unavailable.
@master/eslint-plugin-css:test:  ✓ tests/angular.test.ts (1 test) 2516ms
@master/eslint-plugin-css:test:    ✓ sort classes (1)
@master/eslint-plugin-css:test:      ✓ invalid (1)
@master/eslint-plugin-css:test:        ✓ 
@master/eslint-plugin-css:test:           <div class="
@master/eslint-plugin-css:test:             m:2x
@master/eslint-plugin-css:test:             bg:black
@master/eslint-plugin-css:test:             p:2x
@master/eslint-plugin-css:test:             font:1.5rem
@master/eslint-plugin-css:test:             fg:white
@master/eslint-plugin-css:test:           ">
@master/eslint-plugin-css:test:             :)
@master/eslint-plugin-css:test:           </div> 2494ms
@master/css-compiler:test:  ✓ tests/bug-hunt-emitted-globals-graphs.test.ts (5 tests) 19464ms
@master/css-compiler:test:    ✓ BH-0004 emitted globals traverse unqualified imports with external descendants 4911ms
@master/css-compiler:test:    ✓ BH-0004 emitted globals traverse layer(shared) imports with external descendants 5062ms
@master/css-compiler:test:    ✓ BH-0004 emitted globals traverse layer imports with external descendants 4718ms
@master/css-compiler:test:    ✓ BH-0004 emitted globals traverse supports(display:grid) screen imports with external descendants 4767ms
@master/css-svelte:build: ℹ dist/server.js              1.32 kB │ gzip: 0.59 kB
@master/css-svelte:build: ℹ dist/vite.js                0.69 kB │ gzip: 0.34 kB
@master/css-svelte:build: ℹ dist/hooks.server.js        0.33 kB │ gzip: 0.19 kB
@master/css-svelte:build: ℹ dist/internal/dist/node.js  0.35 kB │ gzip: 0.25 kB
@master/css-svelte:build: ℹ dist/server.d.ts            0.78 kB │ gzip: 0.33 kB
@master/css-svelte:build: ℹ dist/hooks.server.d.ts      0.35 kB │ gzip: 0.19 kB
@master/css-svelte:build: ℹ dist/vite.d.ts              0.30 kB │ gzip: 0.18 kB
@master/css-svelte:build: ℹ 7 files, total: 4.12 kB
@master/css-svelte:build: ✔ Build complete in 333ms
@master/css-svelte:build: Running publint v0.3.24 for @master/css-svelte...
@master/css-svelte:build: Linting...
@master/css-svelte:build: Warnings:
@master/css-svelte:build: 1. ./.vercel/output/functions/![-]/catchall.func/packages/svelte/package.json has an "exports" field, but it is ignored by Node.js. The field only works in root package.json files and not nested ones. Some bundlers may still pick them up, leading to inconsistent resolution. Consider removing it.
@master/css-svelte:build: 2. ./.vercel/output/functions/index/__data.json.func/packages/svelte/package.json has an "exports" field, but it is ignored by Node.js. The field only works in root package.json files and not nested ones. Some bundlers may still pick them up, leading to inconsistent resolution. Consider removing it.
@master/css-svelte:build: 3. ./.vercel/output/functions/index.func/packages/svelte/package.json has an "exports" field, but it is ignored by Node.js. The field only works in root package.json files and not nested ones. Some bundlers may still pick them up, leading to inconsistent resolution. Consider removing it.
@master/css-svelte:build: Suggestions:
@master/css-svelte:build: 1. pkg.repository.url is https://github.com/master-co/css.git but could be a full git URL like "git+https://github.com/master-co/css.git".
@master/css-astro:type-check: cache bypass, force executing 3a9a8260adaabf8f
@master/css-astro:type-check: $ tsc -b tsconfig.typecheck.json
@master/css-compiler:test: [success] index.html 5 classes inserted in 0.7ms 
@master/css-language-service:build: cache bypass, force executing b992f070b5c184b5
@master/css-language-service:build: $ tsdown --config ../../shared/tsdown-package.config.ts && node scripts/restore-json-import-attributes.js
@master/css-webpack:test: [log]
@master/css-compiler:test:  ✓ tests/css-first-core-execution.test.ts (23 tests) 21243ms
@master/css-compiler:test:    ✓ CSS-first lowering for migrated core tests (23)
@master/css-compiler:test:      ✓ keeps nested selectors aligned with native CSS descendant and compound behavior 6747ms
@master/css-compiler:test:      ✓ replaces old JS merging intent with ordered CSS imports through baseManifest lowering 6747ms
@master/css-compiler:test:      ✓ lowers managed animations and removes them when no class references remain 6747ms
@master/css-compiler:test:      ✓ lowers class mode defaults without the old JS Config API 6747ms
@master/css-compiler:test:      ✓ lowers color variables, mode values, aliases, and alpha references 6747ms
@master/css-compiler:test:      ✓ lowers stylesheet --alpha() in theme, managed declarations, and native CSS 4891ms
@master/css-compiler:test:      ✓ rejects stylesheet token alias syntax and invalid --alpha() alpha values 4891ms
@master/css-compiler:test:      ✓ ignores quoted variable references while collecting theme dependencies 4891ms
@master/css-compiler:test:      ✓ resolves built-in and utility-owned theme namespaces before lowering composed definitions 4891ms
@master/css-compiler:test:      ✓ lowers unquoted compose class lists from raw source 4891ms
@master/css-compiler:test:      ✓ batches independent managed style refreshes before native compose 6381ms
@master/css-compiler:test:      ✓ refreshes once before a managed compose dependency 6381ms
@master/css-compiler:test:      ✓ refreshes once for a multi-dependency managed compose group 6381ms
@master/css-compiler:test:      ✓ refreshes pending managed definitions before native compose 6381ms
@master/css-compiler:test:      ✓ rejects quoted and grouped compose class lists 6381ms
@master/css-compiler:test:      ✓ executes CSS-first number variables and native value functions through engine semantics 2648ms
@master/css-compiler:test:      ✓ executes CSS-first unitful numeric variables without double conversion 2648ms
@master/css-compiler:test:      ✓ lowers inline theme variables without emitting their own theme rules 2648ms
@master/css-compiler:test:      ✓ lowers static theme variables and keyframes into initial resources 2648ms
@master/css-compiler:test:      ✓ rejects invalid static theme modifier combinations 2648ms
@master/css-compiler:test:      ✓ rejects mode-specific inline theme variables in CSS source 574ms
@master/css-compiler:test:      ✓ rejects mode-specific and inline managed keyframes in theme blocks 574ms
@master/css-compiler:test:      ✓ normalizes CSS color functions and preserves alpha alias dependencies through CSS-first lowering 574ms
@master/css-webpack:test: [log]
@master/css-language-service:build: ℹ tsdown v0.23.0 powered by rolldown v1.2.7
@master/css-compiler:test: [success] app/page.html 2 classes inserted in 0.2ms 
@master/css-vite:test:  ❯ tests/plugins/bug-hunt-build-recovery-ownership.test.ts (3 tests | 1 failed) 3256ms
@master/css-vite:test:    × a configuration error does not allocate build recovery files 889ms
@master/css-vite:test:    ✓ closing one build owner preserves recovery for another already started owner 29ms
@master/css-vite:test:    ✓ independent plugin configurations sharing a cache directory release only their own files 2336ms
@master/css-language-service:build: ℹ config file: /Users/aron/master/css/shared/tsdown-package.config.ts 
@master/css-language-service:build: ℹ entry: src/common.ts, src/core.ts, src/index.ts, src/settings.ts, src/shiki.ts, src/features/edit-syntax-colors.ts, src/features/format-directives.ts, src/features/inspect-syntax.ts, src/features/render-semantic-tokens.ts, src/features/render-syntax-colors.ts, src/features/suggest-syntax.ts, src/shiki/hast.ts, src/shiki/languages.ts, src/utils/beautify-css.ts, src/utils/convert-color-token.ts, src/utils/create-css-markdown-documentation.ts, src/utils/create-doc.ts, src/utils/get-position.ts, src/utils/get-range.ts
@master/css-language-service:build: ℹ target: node24.0.0
@master/css-language-service:build: ℹ tsconfig: tsconfig.prod.json
@master/css-language-service:build: ℹ Build start
@master/css-language-service:build: ℹ Cleaning 41 files
@master/css-language-service:build: TypeScript 7.0 does not yet have a stable API and is experimental. Some options will be unavailable.
@master/eslint-plugin-css:test:  ✓ tests/no-invalid-classes.test.ts (9 tests) 21509ms
@master/eslint-plugin-css:test:    ✓ invalid (7)
@master/eslint-plugin-css:test:      ✓ valid (3)
@master/eslint-plugin-css:test:        ✓ <div class="m:2x p:2x bg:black fg:white font:1.5rem">Simple, basic</div> 2350ms
@master/eslint-plugin-css:test:        ✓ <div class={`f:${ fontSize }px`}>TemplateLiteral</div> 3058ms
@master/eslint-plugin-css:test:        ✓ <div class="{content:'';block}::after@light"></div> 2373ms
@master/eslint-plugin-css:test:      ✓ invalid (4)
@master/eslint-plugin-css:test:        ✓ <div class="bg:black text-decoration:bad() rrr">Simple, basic</div> 2279ms
@master/eslint-plugin-css:test:        ✓ <div class="bg:black text-decoration:bad() rrr">Simple, basic</div> 2250ms
@master/eslint-plugin-css:test:        ✓ <div class="a c d hello:world text-decoration:bad() mt:0 mt:0@sm">Error class</div> 2478ms
@master/eslint-plugin-css:test:        ✓ <div class="a c d hello:world text-decoration:bad() mt:0 mt:0@sm">Error class</div> 2232ms
@master/eslint-plugin-css:test:    ✓ invalid (2)
@master/eslint-plugin-css:test:      ✓ invalid (2)
@master/eslint-plugin-css:test:        ✓ <div class="btn rrr bg:black text-decoration:bad()">Simple, basic</div> 2226ms
@master/eslint-plugin-css:test:        ✓ <div class="btn a c d hello:world text-decoration:bad() mt:0 mt:0@sm">Error class</div> 2261ms
@master/css-webpack:test: [log]
@master/css-tooling:test:  ✓ tests/lint/rc87-index.test.ts (62 tests) 27721ms
@master/css-tooling:test:    ✓ class sorting (4)
@master/css-tooling:test:      ✓ sorts known classes and keeps unknown classes last 1703ms
@master/css-tooling:test:      ✓ sorts generated classes into readable property groups 12125ms
@master/css-tooling:test:      ✓ deduplicates repeated classes 760ms
@master/css-tooling:test:      ✓ generates each unique class once while sorting 906ms
@master/css-tooling:test:    ✓ class list edits (3)
@master/css-tooling:test:      ✓ sorts class-list text while preserving useful whitespace and raw tokens 2836ms
@master/css-tooling:test:    ✓ lint diagnostics (6)
@master/css-tooling:test:      ✓ reports structural compose fixes with directive scope 510ms
@master/css-tooling:test:    ✓ source content linting (7)
@master/css-tooling:test:      ✓ maps class diagnostics and safe fixes onto source ranges 1361ms
@master/css-tooling:test:      ✓ lints and fixes class lists inside mdx fenced html examples 2417ms
@master/css-tooling:test:    ✓ canonical class suggestions (11)
@master/css-tooling:test:      ✓ suggests theme tokens from CSS variable references 369ms
@master/css-tooling:test:      ✓ does not treat custom variants or component utilities as utilities-only canonical targets 387ms
@master/css-tooling:test:      ✓ does not suggest component-layer semantic utilities 2207ms
@master/css-tooling:test:    ✓ canonical compose directive suggestions (5)
@master/css-tooling:test:      ✓ extracts variant suffixes into variant blocks 302ms
@master/css-tooling:test: 
@master/css-tooling:test:  Test Files  36 passed (36)
@master/css-tooling:test:       Tests  223 passed (223)
@master/css-tooling:test:    Start at  13:54:06
@master/css-tooling:test:    Duration  33.80s (tests 80%, import 14%, transform 5%)
@master/css-tooling:test: 
@master/eslint-config-css:test: cache bypass, force executing 9a8b312e78f74c38
@master/css-language-service:build: ℹ dist/shiki.js                                      19.23 kB │ gzip: 5.08 kB
@master/css-language-service:build: ℹ dist/features/suggest-syntax.js                     6.07 kB │ gzip: 1.88 kB
@master/css-language-service:build: ℹ dist/shiki/hast.js                                  5.26 kB │ gzip: 1.47 kB
@master/css-language-service:build: ℹ dist/core.js                                        3.73 kB │ gzip: 1.00 kB
@master/css-language-service:build: ℹ dist/features/render-semantic-tokens.js             2.26 kB │ gzip: 0.90 kB
@master/css-language-service:build: ℹ dist/shiki/languages.js                             2.07 kB │ gzip: 0.58 kB
@master/css-language-service:build: ℹ dist/features/format-directives.js                  1.84 kB │ gzip: 0.81 kB
@master/css-language-service:build: ℹ dist/settings.js                                    1.63 kB │ gzip: 0.62 kB
@master/css-language-service:build: ℹ dist/features/render-syntax-colors.js               1.51 kB │ gzip: 0.69 kB
@master/css-language-service:build: ℹ dist/features/edit-syntax-colors.js                 1.20 kB │ gzip: 0.52 kB
@master/css-language-service:build: ℹ dist/index.js                                       0.93 kB │ gzip: 0.29 kB
@master/css-language-service:build: ℹ dist/utils/convert-color-token.js                   0.87 kB │ gzip: 0.50 kB
@master/css-language-service:build: ℹ dist/features/inspect-syntax.js                     0.82 kB │ gzip: 0.37 kB
@master/css-language-service:build: ℹ dist/utils/get-range.js                             0.71 kB │ gzip: 0.41 kB
@master/css-language-service:build: ℹ dist/utils/create-doc.js                            0.52 kB │ gzip: 0.31 kB
@master/css-language-service:build: ℹ dist/common.js                                      0.45 kB │ gzip: 0.16 kB
@master/css-language-service:build: ℹ dist/utils/create-css-markdown-documentation.js     0.41 kB │ gzip: 0.27 kB
@master/css-language-service:build: ℹ dist/utils/get-position.js                          0.36 kB │ gzip: 0.24 kB
@master/css-language-service:build: ℹ dist/utils/beautify-css.js                          0.32 kB │ gzip: 0.24 kB
@master/css-language-service:build: ℹ dist/shiki.d.ts                                     6.48 kB │ gzip: 2.02 kB
@master/css-language-service:build: ℹ dist/core.d.ts                                      2.68 kB │ gzip: 0.68 kB
@master/css-language-service:build: ℹ dist/index.d.ts                                     1.07 kB │ gzip: 0.31 kB
@master/css-language-service:build: ℹ dist/settings.d.ts                                  0.83 kB │ gzip: 0.41 kB
@master/css-language-service:build: ℹ dist/shiki/languages.d.ts                           0.78 kB │ gzip: 0.28 kB
@master/css-language-service:build: ℹ dist/features/render-semantic-tokens.d.ts           0.65 kB │ gzip: 0.28 kB
@master/css-language-service:build: ℹ dist/shiki/hast.d.ts                                0.52 kB │ gzip: 0.30 kB
@master/css-language-service:build: ℹ dist/features/edit-syntax-colors.d.ts               0.51 kB │ gzip: 0.26 kB
@master/css-language-service:build: ℹ dist/features/suggest-syntax.d.ts                   0.49 kB │ gzip: 0.27 kB
@master/css-language-service:build: ℹ dist/utils/create-doc.d.ts                          0.48 kB │ gzip: 0.25 kB
@master/css-language-service:build: ℹ dist/common.d.ts                                    0.45 kB │ gzip: 0.16 kB
@master/css-language-service:build: ℹ dist/features/inspect-syntax.d.ts                   0.42 kB │ gzip: 0.25 kB
@master/css-language-service:build: ℹ dist/features/format-directives.d.ts                0.42 kB │ gzip: 0.24 kB
@master/css-language-service:build: ℹ dist/features/render-syntax-colors.d.ts             0.41 kB │ gzip: 0.24 kB
@master/css-language-service:build: ℹ dist/utils/convert-color-token.d.ts                 0.37 kB │ gzip: 0.23 kB
@master/css-language-service:build: ℹ dist/utils/create-css-markdown-documentation.d.ts   0.33 kB │ gzip: 0.19 kB
@master/css-language-service:build: ℹ dist/utils/get-range.d.ts                           0.23 kB │ gzip: 0.18 kB
@master/css-language-service:build: ℹ dist/utils/get-position.d.ts                        0.21 kB │ gzip: 0.17 kB
@master/css-language-service:build: ℹ dist/utils/beautify-css.d.ts                        0.13 kB │ gzip: 0.13 kB
@master/css-language-service:build: ℹ 38 files, total: 67.67 kB
@master/eslint-config-css:test: $ vitest
@master/css-language-service:build: ✔ Build complete in 737ms
@master/eslint-config-css:lint: cache bypass, force executing 19cb3649fc43383b
@master/eslint-config-css:lint: $ eslint src *.js
@master/css-compiler:test:  ✓ tests/bug-hunt-imported-policy-output.test.ts (10 tests) 21209ms
@master/css-compiler:test:    ✓ BH-0004 consumed policy must not remain in layer CSS output 4530ms
@master/css-compiler:test:    ✓ BH-0004 consumed policy must not remain in layer(scope) CSS output 4145ms
@master/css-compiler:test:    ✓ BH-0004 consumed policy must not remain in supports(display:grid) CSS output 4063ms
@master/css-compiler:test:    ✓ BH-0004 consumed policy must not remain in screen CSS output 4491ms
@master/css-compiler:test:    ✓ BH-0004 consumed policy must not remain in layer(scope) supports(display:grid) screen CSS output 3841ms
@master/css-next:test:  ✓ tests/bug-hunt-raw-sass-context.test.ts (6 tests) 23825ms
@master/css-next:test:    ✓ Next raw scss retains partial reference and edit dependencies 8362ms
@master/css-next:test:    ✓ Next raw sass retains partial reference and edit dependencies 7367ms
@master/css-next:test:    ✓ Next raw Sass uses configured implementation, load paths and additional data 3010ms
@master/css-next:test:    ✓ Next registers missing mapped CSS reference before error and recovers on creation 4809ms
@master/css-webpack:test:  ❯ tests/plugin-runtime.test.ts (23 tests | 2 failed) 26194ms
@master/css-webpack:test:    ❯ MasterCSSWebpackPlugin (C1 race fix) (23)
@master/css-webpack:test:      ✓ leaves CSS @import @master/css package imports unchanged 7ms
@master/css-webpack:test:      ✓ leaves non-CSS @master/css imports unchanged 1ms
@master/css-webpack:test:      ✓ adds managed CSS entry files as virtual manifest dependencies 2427ms
@master/css-webpack:test:      ✓ adds managed CSS import graph as virtual manifest dependencies 731ms
@master/css-webpack:test:      ✓ prunes managed CSS entry native CSS and uses its config 2824ms
@master/css-webpack:test:      ✓ includes package base CSS for managed package imports 6694ms
@master/css-webpack:test:      ✓ keeps managed CSS fallback reset dependencies after failed style registration 2669ms
@master/css-webpack:test:      ✓ resets scanner when the default CSS manifest changes in watch mode 1467ms
@master/css-webpack:test:      ✓ resets scanner when a managed CSS import dependency changes in watch mode 1624ms
@master/css-webpack:test:      × fails a watch build on reset replay errors and recovers on the next reset 771ms
@master/css-webpack:test:      × registers reset dependencies with the active compilation 3ms
@master/css-webpack:test:      ✓ does not reset scanner when a non-manifest file changes in watch mode 1076ms
@master/css-webpack:test:      ✓ finishModules.tapPromise awaits all scanner.scanModule() calls before resolving 1156ms
@master/css-webpack:test:      ✓ regression: SyncHook + tap(async) DOES NOT await — proves the original bug 0ms
@master/css-webpack:test:      ✓ per-compilation pendingByPath is isolated across watch rebuilds 2385ms
@master/css-webpack:test:      ✓ modules without a resource path are skipped without throwing 1312ms
@master/css-webpack:test:      ✓ internal config virtual modules are not re-scanned 1038ms
@master/css-webpack:test:      ✓ registers a runtime entry only when runtime injection is enabled 1ms
@master/css-webpack:test:      ✓ injects classic runtime script and pure-runtime preloads into emitted HTML assets 2ms
@master/css-webpack:test:      ✓ injects module runtime preloads for module output 1ms
@master/css-webpack:test:      ✓ does not duplicate runtime script or preload tags with "\"" quotes 1ms
@master/css-webpack:test:      ✓ does not duplicate runtime script or preload tags with "'" quotes 0ms
@master/css-webpack:test:      ✓ does not duplicate runtime script or preload tags with "" quotes 0ms
@master/eslint-config-css:test: (!) Your Vite config uses features that are unsupported by `configLoader: 'native'`, which is planned to become the default in a future major version of Vite:
@master/eslint-config-css:test:   - import "../../shared/vitest.config" without a file extension (vitest.config.ts:2:20). Add the file extension
@master/eslint-config-css:test:   - import "./vitest-ci-config" without a file extension (../../shared/vitest.config.ts:2:58). Add the file extension
@master/eslint-config-css:test: Set `VITE_CONFIG_NATIVE_IGNORE_WARNING=true` to suppress this warning.
@master/css-next:test:  ✓ tests/bug-hunt-static-asset-publication.test.ts (4 tests) 24435ms
@master/css-next:test:    ✓ static publication delivers resource owners and fresh immutable bytes: nested=false 5802ms
@master/css-next:test:    ✓ static publication delivers resource owners and fresh immutable bytes: nested=true 5244ms
@master/css-next:test:    ✓ static preparation rejects output failures and retries after the failure is removed 8976ms
@master/css-next:test:    ✓ static CSS loader reports newly discovered resource dependencies in the same invocation 4410ms
@master/eslint-config-css:test: 
@master/eslint-config-css:test:  RUN  v5.0.0 /Users/aron/master/css/packages/eslint-config
@master/eslint-config-css:test: 
@master/eslint-plugin-css:test:  ✓ tests/mdx.test.ts (9 tests) 22581ms
@master/eslint-plugin-css:test:    ✓ mdx sort classes (3)
@master/eslint-plugin-css:test:      ✓ valid (1)
@master/eslint-plugin-css:test:        ✓ <div class="m:2x p:2x font:1.5rem bg:black fg:white">Simple, basic</div> 2430ms
@master/eslint-plugin-css:test:      ✓ invalid (2)
@master/eslint-plugin-css:test:        ✓ 
@master/eslint-plugin-css:test:       # Test
@master/eslint-plugin-css:test:       <div class="m:2x bg:black p:2x fg:white font:1.5rem">Simple</div> 2207ms
@master/eslint-plugin-css:test:        ✓ ```html
@master/eslint-plugin-css:test: <button class="inline-flex align-items:center gap:2x px:md py:xs r:md fg:white bg:blue-60">
@master/eslint-plugin-css:test:     Save
@master/eslint-plugin-css:test: </button>
@master/eslint-plugin-css:test: ``` 2728ms
@master/eslint-plugin-css:test:    ✓ mdx no conflicting classes (2)
@master/eslint-plugin-css:test:      ✓ invalid (2)
@master/eslint-plugin-css:test:        ✓ <div class="m:10px m:20px m:30px:hover m:40px@dark">Simple</div> 2182ms
@master/eslint-plugin-css:test:        ✓ ```html
@master/eslint-plugin-css:test: <div class="m:10px m:20px">Simple</div>
@master/eslint-plugin-css:test: ``` 2104ms
@master/eslint-plugin-css:test:    ✓ mdx no invalid classes (1)
@master/eslint-plugin-css:test:      ✓ invalid (1)
@master/eslint-plugin-css:test:        ✓ ```html
@master/eslint-plugin-css:test: <div class="btn">Simple</div>
@master/eslint-plugin-css:test: ``` 2656ms
@master/eslint-plugin-css:test:    ✓ mdx prefer canonical classes (2)
@master/eslint-plugin-css:test:      ✓ valid (1)
@master/eslint-plugin-css:test:        ✓ ```html
@master/eslint-plugin-css:test: <div class="font:16px">Simple</div>
@master/eslint-plugin-css:test: ``` 2145ms
@master/eslint-plugin-css:test:      ✓ invalid (1)
@master/eslint-plugin-css:test:        ✓ ```html
@master/eslint-plugin-css:test: <button class="inline-flex align-items:center gap:2x px:md py:xs r:md fg:white bg:blue-60">
@master/eslint-plugin-css:test:     Save
@master/eslint-plugin-css:test: </button>
@master/eslint-plugin-css:test: ``` 3744ms
@master/eslint-plugin-css:test:    ✓ mdx no unapproved raw values (1)
@master/eslint-plugin-css:test:      ✓ invalid (1)
@master/eslint-plugin-css:test:        ✓ ```html
@master/eslint-plugin-css:test: <div class="font:15px w:17px">Simple</div>
@master/eslint-plugin-css:test: ``` 2382ms
@master/css-compiler:test: [success] index.html 6 classes inserted in 0.6ms 
@master/css-compiler:test: [success] index.html 5 classes inserted in 0.5ms 
@master/css-cli:test:  ✓ tests/core.test.ts (15 tests) 33890ms
@master/css-cli:test:    ✓ root command (6)
@master/css-cli:test:      ✓ generates CSS only through the explicit generate command 2196ms
@master/css-cli:test:      ✓ shows only the three explicit commands 313ms
@master/css-cli:test:    ✓ inspect command (3)
@master/css-cli:test:      ✓ prints scanner state and missing CSS diagnostics as json 1220ms
@master/css-cli:test:      ✓ can include generated CSS and stylesheet entry metadata without failing 1547ms
@master/css-cli:test:      ✓ reports stylesheet entry errors without hiding scanner diagnostics 2762ms
@master/css-cli:test:    ✓ lint command (6)
@master/css-cli:test:      ✓ prints machine-readable diagnostics as json 4430ms
@master/css-cli:test:      ✓ lints stdin buffers without requiring ESLint parser configuration 4500ms
@master/css-cli:test:      ✓ includes stylesheet compose diagnostics in the default source set 3551ms
@master/css-cli:test:      ✓ reports manifest preflight diagnostics 1421ms
@master/css-cli:test:      ✓ fixes class-list diagnostics 4720ms
@master/css-cli:test:      ✓ does not write structural directive fixes unless explicitly allowed 6507ms
@master/css-webpack:test: [log]
@master/eslint-plugin-css:test:  ✓ tests/vue.test.ts (11 tests) 25268ms
@master/eslint-plugin-css:test:    ✓ vue sort classes (11)
@master/eslint-plugin-css:test:      ✓ valid (2)
@master/eslint-plugin-css:test:        ✓ <div class="m:2x p:2x font:1.5rem bg:black fg:white">Simple, basic</div> 2694ms
@master/eslint-plugin-css:test:        ✓ <template><div :class="[condition && 'm:2x p:2x', , null, false]">Sparse array</div></template> 2878ms
@master/eslint-plugin-css:test:      ✓ invalid (9)
@master/eslint-plugin-css:test:        ✓ <template><div class="m:2x bg:black p:2x fg:white font:1.5rem">Enhancing readability</div></template> 1885ms
@master/eslint-plugin-css:test:        ✓ <template><div class="m:2x bg:black p:2x fg:white font:1.5rem">Classnames will be ordered</div></template> 2414ms
@master/eslint-plugin-css:test:        ✓ <template><div :class="['m:2x bg:black p:2x fg:white font:1.5rem']">Enhancing readability 2</div></template> 2587ms
@master/eslint-plugin-css:test:        ✓ <template><div :class="'m:2x bg:black p:2x fg:white font:1.5rem'">Static bound class</div></template> 2488ms
@master/eslint-plugin-css:test:        ✓ <template><div v-bind:class="{'m:2x bg:black p:2x fg:white font:1.5rem': true}">:)...</div></template> 2355ms
@master/eslint-plugin-css:test:        ✓ <template><div :class="ctl(`m:2x bg:black p:2x fg:white font:1.5rem`)" /></template> 2051ms
@master/eslint-plugin-css:test:        ✓ 
@master/eslint-plugin-css:test:           <template>
@master/eslint-plugin-css:test:             <div v-bind="data" :class="[
@master/eslint-plugin-css:test:             'transition py:1px font:medium',
@master/eslint-plugin-css:test:             {
@master/eslint-plugin-css:test:               'fg:white': variant === 'white',
@master/eslint-plugin-css:test:               'fg:blue-50 fg:blue-40:hover b:blue-50': variant === 'primary',
@master/eslint-plugin-css:test:               'text-decoration:underline|dotted text-underline-offset:10': active
@master/eslint-plugin-css:test:             }
@master/eslint-plugin-css:test:             ]" />
@master/eslint-plugin-css:test:           </template> 2466ms
@master/eslint-plugin-css:test:        ✓ 
@master/eslint-plugin-css:test:           <template>
@master/eslint-plugin-css:test:             <div :class="[
@master/eslint-plugin-css:test:               true
@master/eslint-plugin-css:test:                 ? 'fg:#aaaaaa {content:\'\';block;h:full;w:full;abs}::after bg:#ffffff'
@master/eslint-plugin-css:test:                 : 'fg:#ffffff'
@master/eslint-plugin-css:test:             ]"/>
@master/eslint-plugin-css:test:           </template> 1684ms
@master/eslint-plugin-css:test:        ✓ <template>
@master/eslint-plugin-css:test:             <input   type="password"
@master/eslint-plugin-css:test:               placeholder="..."
@master/eslint-plugin-css:test:               class="bg:black p:2x fg:white font:1.5rem m:2x"
@master/eslint-plugin-css:test:               @blur.prevent="" />
@master/eslint-plugin-css:test:             </template> 1764ms
@master/css-next:test:  ✓ tests/bug-hunt-output-source-maps.test.ts (6 tests) 26284ms
@master/css-next:test:    ✓ Next injected package entry retains pure CSS authoring lines in its callback map 7458ms
@master/css-next:test:    ✓ Next scss output map retains original root after additionalData 4681ms
@master/css-next:test:    ✓ Next sass output map retains original root after additionalData 4392ms
@master/css-next:test:    ✓ Next output map distinguishes imported Sass and injected CSS origins 7012ms
@master/css-next:test:    ✓ Next preprocessed Webpack input chains the supplied Sass map through lowering 2686ms
@master/css-language-service:type-check: cache bypass, force executing e8a91c4748a58117
@master/css-language-service:type-check: $ tsc -b tsconfig.typecheck.json
@master/css-vite:test: stdout | tests/plugins/bug-hunt-imported-sass-original-maps.test.ts > imported Sass maps original file and token: css / scss / partial=false / identity / build
@master/css-vite:test: {"rootExtension":"css","syntax":"scss","partial":false,"addition":"identity","command":"build","diagnostic":{"version":2,"code":"invalid-compose-class","domain":"compiler","severity":"error","message":"Invalid @compose class: unknown-utility","source":"/private/tmp/master-css-original-import-map-iVcFxi/nested/child.scss","range":{"start":{"line":3,"character":11},"end":{"line":3,"character":26}}},"additionalDataCalls":["/private/tmp/master-css-original-import-map-iVcFxi/nested/child.scss"]}
@master/css-vite:test: 
@master/css-astro:lint: cache bypass, force executing 4b9d7d2fc33326be
@master/css-astro:lint: $ eslint
@master/css-webpack:test: [log]
@master/css-compiler:test:  ✓ tests/bug-hunt-graph-output-mappings.test.ts (5 tests) 9124ms
@master/css-compiler:test:    ✓ graph output mappings retain original anchors across import, resource and compose output 501ms
@master/css-compiler:test:    ✓ graph wasm preserves quoted compose marker text and renders the actual rule 4600ms
@master/css-compiler:test:    ✓ graph wasm native suppression preserves composed conditions and their source anchors 3985ms
@master/css-compiler:test:  ✓ tests/bug-hunt-project-dependency-observer.test.ts (6 tests) 9963ms
@master/css-compiler:test:    ✓ BH-0004 async project reports missing nested import before failure and recovers 1108ms
@master/css-compiler:test:    ✓ BH-0004 async project reports missing nested reference before failure and recovers 1486ms
@master/css-compiler:test:    ✓ BH-0004 async project dependency callback runs before reading and observes shared files once 2873ms
@master/css-compiler:test:    ✓ BH-0004 sync project reports missing nested import before failure and recovers 960ms
@master/css-compiler:test:    ✓ BH-0004 sync project reports missing nested reference before failure and recovers 1119ms
@master/css-compiler:test:    ✓ BH-0004 sync project dependency callback runs before reading and observes shared files once 2415ms
@master/css-compiler:test: [success] index.html 6 classes inserted in 0.5ms 
@master/css-webpack:test: [log]
@master/css-next:test:  ✓ tests/bug-hunt-loader-graph-delivery.test.ts (5 tests) 28617ms
@master/css-next:test:    ✓ general Next loader publishes retained nested-resource graph 6315ms
@master/css-next:test:    ✓ general Next loader publishes retained external-import graph 2984ms
@master/css-next:test:    ✓ general Next delivered entry retains original native declaration source maps 6101ms
@master/css-next:test:    ✓ general Next scss delivered entry retains imported partial ownership and map 7553ms
@master/css-next:test:    ✓ general Next sass delivered entry retains imported partial ownership and map 5663ms
@master/css-compiler:test:  ✓ tests/stylesheet/directives.test.ts (7 tests) 26548ms
@master/css-compiler:test:    ✓ stylesheet CSS directives (7)
@master/css-compiler:test:      ✓ loads scanner directives from a managed CSS entry graph 4278ms
@master/css-compiler:test:      ✓ loads source directives from server template extensions 4907ms
@master/css-compiler:test:      ✓ unions source directives and subtracts source not directives 4354ms
@master/css-compiler:test:      ✓ uses stylesheet-local source directives for a pruned CSS root 8274ms
@master/css-compiler:test:      ✓ merges imported stylesheet class directives into the parent root scope 4711ms
@master/css-vite:test: stdout | tests/plugins/bug-hunt-imported-sass-original-maps.test.ts > imported Sass maps original file and token: css / scss / partial=false / identity / serve
@master/css-vite:test: {"rootExtension":"css","syntax":"scss","partial":false,"addition":"identity","command":"serve","diagnostic":{"version":2,"code":"invalid-compose-class","domain":"compiler","severity":"error","message":"Invalid @compose class: unknown-utility","source":"/private/tmp/master-css-original-import-map-plDQxs/nested/child.scss","range":{"start":{"line":3,"character":11},"end":{"line":3,"character":26}}},"additionalDataCalls":["/private/tmp/master-css-original-import-map-plDQxs/nested/child.scss"]}
@master/css-vite:test: 
@master/css-compiler:test: [success] index.html 5 classes inserted in 0.5ms 
@master/css-webpack:test:  ✓ tests/bug-hunt-resource-snapshot.test.ts (3 tests) 31422ms
@master/css-webpack:test:    ✓ resource names and bytes share one snapshot across entries: write 13626ms
@master/css-webpack:test:    ✓ resource names and bytes share one snapshot across entries: delete 9629ms
@master/css-webpack:test:    ✓ resource names and bytes share one snapshot across entries: none 8166ms
@master/css-compiler:test:  ✓ tests/bug-hunt-rendered-resource-context.test.ts (4 tests) 11899ms
@master/css-compiler:test:    ✓ node rendered resource context emits the new transitive closure without overwriting processed globals 359ms
@master/css-compiler:test:    ✓ wasm rendered resource context emits the new transitive closure without overwriting processed globals 11436ms
@master/css-webpack:test: [log]
@master/css-cli:test:  ✓ tests/bug-hunt-publication.test.ts (4 tests) 38382ms
@master/css-cli:test:    ✓ BH-0004 publication failure preserves every previously published asset 10792ms
@master/css-cli:test:    ✓ BH-0004 immutable sidecar collision preserves user-modified files 8838ms
@master/css-cli:test:    ✓ BH-0004 concurrent CLI publishers reuse complete immutable assets 8843ms
@master/css-cli:test:    ✓ BH-0004 watch retries a publication failure without changing the previous graph 9907ms
@master/css-webpack:test:  ❯ tests/bug-hunt-static-watch-recovery.test.ts (2 tests | 1 failed) 32805ms
@master/css-webpack:test:    × watch reports a missing child as compilation errors and recovers without invalidation 17521ms
@master/css-webpack:test:    ✓ watch reports a missing resource as compilation errors and recovers without invalidation 15283ms
@master/css-compiler:test:  ✓ tests/project/test.ts (18 tests) 8712ms
@master/css-compiler:test:    ✓ compiles explicit CSS project entries 592ms
@master/css-compiler:test:    ✓ loads CSS manifest resources 707ms
@master/css-compiler:test:    ✓ compiles explicit CSS project entries synchronously 897ms
@master/css-compiler:test:    ✓ loads CSS manifest resources synchronously 745ms
@master/css-compiler:test:    ✓ loads package entry preset manifest from CSS imports 2241ms
@master/css-compiler:test:    ✓ loads project-level CSS manifest entries 1242ms
@master/css-compiler:test:    ✓ serializes project manifests through the schema codec 785ms
@master/css-compiler:test:    ✓ turns CSS manifest results into JSON sources 1429ms
@master/css-vite:test: stdout | tests/plugins/bug-hunt-imported-sass-original-maps.test.ts > imported Sass maps original file and token: css / scss / partial=false / string / build
@master/css-vite:test: {"rootExtension":"css","syntax":"scss","partial":false,"addition":"string","command":"build","diagnostic":{"version":2,"code":"invalid-compose-class","domain":"compiler","severity":"error","message":"Invalid @compose class: unknown-utility","source":"/private/tmp/master-css-original-import-map-AwNoGU/nested/child.scss","range":{"start":{"line":3,"character":11},"end":{"line":3,"character":26}}},"additionalDataCalls":[]}
@master/css-vite:test: 
@master/css-astro:test: cache bypass, force executing f5fd153fffdf13ee
@master/css-astro:test: $ vitest
@master/css-compiler:test:  ✓ tests/bug-hunt-local-transform-delivery.test.ts (4 tests) 7864ms
@master/css-compiler:test:    ✓ BH-0004 local transform delivers imported compose with host resolver=false 2164ms
@master/css-compiler:test:    ✓ BH-0004 local transform delivers imported compose with host resolver=true 2396ms
@master/css-compiler:test:    ✓ BH-0004 local graph keeps reference globals and deduplicates published globals=false 1566ms
@master/css-compiler:test:    ✓ BH-0004 local graph keeps reference globals and deduplicates published globals=true 1736ms
@master/css-next:test:  ✓ tests/playground.test.ts (1 test) 32755ms
@master/css-next:test:    ✓ playground (1)
@master/css-next:test:      ✓ imports the global CSS entry as a Next config module 32754ms
@master/css-compiler:test: [success] index.html 6 classes inserted in 0.6ms 
@master/css-webpack:test:  ✓ tests/plugin.test.ts (24 tests) 33258ms
@master/css-webpack:test:    ✓ MasterCSSWebpackPlugin (C1 race fix) (24)
@master/css-webpack:test:      ✓ defers scanner initialization until Webpack starts a build 3263ms
@master/css-webpack:test:      ✓ keeps imported native CSS and keyframes in the generated CSS virtual module 5026ms
@master/css-webpack:test:      ✓ scans modules that expose source through originalSource() 1258ms
@master/css-webpack:test:      ✓ locally lowers @compose in CSS Modules without rewriting to the virtual CSS import 3953ms
@master/css-webpack:test:      ✓ dedupes local theme variables already emitted by global style entries 7251ms
@master/css-webpack:test:      ✓ style loader keeps local style dependencies registered after invalid @compose 2977ms
@master/css-webpack:test:      ✓ locally lowers explicit @reference CSS Modules and reports reference dependencies 2371ms
@master/css-webpack:test:      ✓ resolves virtual:master-css-manifest to a JS facade and external JSON asset 2549ms
@master/css-webpack:test:      ✓ keeps virtual manifest file dependencies after invalid CSS 1088ms
@master/css-webpack:test:      ✓ resolves virtual:master-css-emitted-globals to a JS virtual module 1099ms
@master/css-webpack:test:      ✓ keeps ?master-css-manifest file dependencies after invalid CSS 1039ms
@master/css-astro:test: (!) Your Vite config uses features that are unsupported by `configLoader: 'native'`, which is planned to become the default in a future major version of Vite:
@master/css-astro:test:   - import "../../shared/vitest.config" without a file extension (vitest.config.ts:2:20). Add the file extension
@master/css-astro:test:   - import "./vitest-ci-config" without a file extension (../../shared/vitest.config.ts:2:58). Add the file extension
@master/css-astro:test: Set `VITE_CONFIG_NATIVE_IGNORE_WARNING=true` to suppress this warning.
@master/css-astro:test: 
@master/css-astro:test:  RUN  v5.0.0 /Users/aron/master/css/packages/astro
@master/css-astro:test: 
@master/css-compiler:test: [success] index.html 5 classes inserted in 0.5ms 
@master/css-nuxt:build: ✔ Build succeeded for css-nuxt
@master/css-nuxt:build:   dist/runtime (total size: 1.44 kB)
@master/css-nuxt:build:   └─ dist/runtime/css-runtime.d.ts (162 B)
@master/css-nuxt:build:   └─ dist/runtime/css-runtime.js (480 B)
@master/css-nuxt:build:   └─ dist/runtime/css-server.js (677 B)
@master/css-nuxt:build:   └─ dist/runtime/css-server.d.ts (119 B)
@master/css-nuxt:build:   dist/module.mjs (total size: 130 kB, chunk size: 130 kB, exports: default, masterCSSNuxtModule)
@master/css-nuxt:build: 
@master/css-nuxt:build: Σ Total dist size (byte size): 132 kB
@master/css-nuxt:build: 
@master/css-nuxt:build:  WARN  @nuxt/module-builder will no longer generate .d.ts declaration files. You can update these paths to use the .d.mts extension instead.
@master/css-nuxt:build: 
@master/css-nuxt:build: 
@master/css-compiler:test:  ✓ tests/bug-hunt-legacy-compose-position.test.ts (9 tests) 7451ms
@master/css-compiler:test:    ✓ legacy source wasm preserves compose before native 600ms
@master/css-compiler:test:    ✓ legacy source wasm preserves compose after native 3806ms
@master/css-compiler:test:    ✓ legacy source wasm preserves one anonymous layer 2946ms
@master/css-vite:test: stdout | tests/plugins/bug-hunt-imported-sass-original-maps.test.ts > imported Sass maps original file and token: css / scss / partial=false / string / serve
@master/css-vite:test: {"rootExtension":"css","syntax":"scss","partial":false,"addition":"string","command":"serve","diagnostic":{"version":2,"code":"invalid-compose-class","domain":"compiler","severity":"error","message":"Invalid @compose class: unknown-utility","source":"/private/tmp/master-css-original-import-map-tYYsN4/nested/child.scss","range":{"start":{"line":3,"character":11},"end":{"line":3,"character":26}}},"additionalDataCalls":[]}
@master/css-vite:test: 
@master/css-svelte:lint: cache bypass, force executing f8355d878f35c37f
@master/css-svelte:lint: $ eslint
@master/css-webpack:test:  ✓ tests/bug-hunt-static-graph-delivery.test.ts (4 tests) 35154ms
@master/css-webpack:test:    ✓ publishes external child imports with their boundaries:  8712ms
@master/css-webpack:test:    ✓ publishes external child imports with their boundaries:  layer(cards) 5212ms
@master/css-webpack:test:    ✓ publishes external child imports with their boundaries:  supports(display:grid) print 4772ms
@master/css-webpack:test:    ✓ nested CSS and resource edits change the real entry content hash and preserve resource payloads 16453ms
@master/css-compiler:test:  ✓ tests/bug-hunt-collection-source-ownership.test.ts (2 tests) 5015ms
@master/css-compiler:test:    ✓ collection source selection isolates native CSS and resource ownership: delivery=false 2553ms
@master/css-compiler:test:    ✓ collection source selection isolates native CSS and resource ownership: delivery=true 2460ms
@master/css-vite:test: stdout | tests/plugins/bug-hunt-imported-sass-original-maps.test.ts > imported Sass maps original file and token: css / scss / partial=false / mapped / build
@master/css-vite:test: {"rootExtension":"css","syntax":"scss","partial":false,"addition":"mapped","command":"build","diagnostic":{"version":2,"code":"invalid-compose-class","domain":"compiler","severity":"error","message":"Invalid @compose class: unknown-utility","source":"/private/tmp/master-css-original-import-map-7xYQjx/nested/child.scss","range":{"start":{"line":3,"character":11},"end":{"line":3,"character":26}}},"additionalDataCalls":["/private/tmp/master-css-original-import-map-7xYQjx/nested/child.scss"]}
@master/css-vite:test: 
@master/eslint-config-css:test:  ✓ tests/test.ts (4 tests) 6166ms
@master/eslint-config-css:test:    ✓ lints markup and standalone stylesheets 4025ms
@master/eslint-config-css:test:    ✓ ESLint Configuration is valid 2131ms
@master/css-webpack:test: [log]
@master/eslint-config-css:test: 
@master/eslint-config-css:test:  Test Files  1 passed (1)
@master/eslint-config-css:test:       Tests  4 passed (4)
@master/eslint-config-css:test:    Start at  13:54:41
@master/eslint-config-css:test:    Duration  9.23s (tests 68%, transform 23%, import 9%)
@master/eslint-config-css:test: 
@master/css-svelte:test: cache bypass, force executing c53de32f0e637321
@master/css-svelte:test: $ vitest
@master/css-compiler:test:  ✓ tests/bug-hunt-graph-directive-metadata.test.ts (16 tests) 4200ms
@master/css-compiler:test:    ✓ BH-0004 registration scans the imported stylesheet source directory 3223ms
@master/css-compiler:test:    ✓ BH-0004 registration retains package-owned extraction policy 826ms
@master/css-compiler:test: [success] index.html 6 classes inserted in 13ms 
@master/css-compiler:test:  ✓ tests/session.test.ts (2 tests) 4340ms
@master/css-compiler:test:    ✓ native and Wasm compiler sessions execute the semantic compiler corpus 4305ms
@master/css-compiler:test: [success] app/page.html 2 classes inserted in 0.2ms 
@master/css-astro:test:  ✓ tests/server.test.ts (5 tests) 940ms
@master/css-astro:test:    ✓ Astro server middleware (5)
@master/css-astro:test:      ✓ keeps middleware page output isolated across responses 437ms
@master/css-astro:test:      ✓ does not duplicate globals already emitted by Astro stylesheets 339ms
@master/css-astro:test:  ✓ tests/core.test.ts (10 tests) 35ms
@master/css-astro:test: 
@master/css-astro:test:  Test Files  2 passed (2)
@master/css-astro:test:       Tests  15 passed (15)
@master/css-astro:test:    Start at  13:54:48
@master/css-astro:test:    Duration  2.90s (transform 68%, tests 19%, import 14%)
@master/css-astro:test: 
@master/css-astro:test:   Transform  transforming modules took 3.56s · 68% of tracked time, re-done on every run
@master/css-astro:test:              persist transforms across runs with fsModuleCache: true
@master/css-astro:test:              learn more: https://vitest.dev/guide/improving-performance#caching-between-reruns
@master/css-astro:test: 
@master/css-language-server:build: cache bypass, force executing bd30a3b526651121
@master/css-language-server:build: $ tsdown --config ../../shared/tsdown-package.config.ts
@master/css-language-server:build: ℹ tsdown v0.23.0 powered by rolldown v1.2.7
@master/css-compiler:test:  ✓ tests/bug-hunt-ordered-direct-output.test.ts (6 tests) 3693ms
@master/css-compiler:test:    ✓ ordered output and mappings survive a native/Wasm JSON round trip, including invalid-slot errors 3487ms
@master/css-compiler:test:  ✓ tests/bug-hunt-resource-urls.test.ts (4 tests) 3892ms
@master/css-compiler:test:    ✓ BH-0004 wasm: relocation retains definition origin across files 3694ms
@master/css-vite:test: stdout | tests/plugins/bug-hunt-imported-sass-original-maps.test.ts > imported Sass maps original file and token: css / scss / partial=false / mapped / serve
@master/css-vite:test: {"rootExtension":"css","syntax":"scss","partial":false,"addition":"mapped","command":"serve","diagnostic":{"version":2,"code":"invalid-compose-class","domain":"compiler","severity":"error","message":"Invalid @compose class: unknown-utility","source":"/private/tmp/master-css-original-import-map-wjuhuP/nested/child.scss","range":{"start":{"line":3,"character":11},"end":{"line":3,"character":26}}},"additionalDataCalls":["/private/tmp/master-css-original-import-map-wjuhuP/nested/child.scss"]}
@master/css-vite:test: 
@master/css-language-server:build: ℹ config file: /Users/aron/master/css/shared/tsdown-package.config.ts 
@master/css-language-server:build: ℹ entry: src/index.ts, src/server.ts
@master/css-language-server:build: ℹ target: node24.0.0
@master/css-language-server:build: ℹ tsconfig: tsconfig.prod.json
@master/css-language-server:build: ℹ Build start
@master/css-compiler:test: [success] index.html 5 classes inserted in 0.5ms 
@master/css-language-server:build: ℹ Cleaning 13 files
@master/css-language-server:build: TypeScript 7.0 does not yet have a stable API and is experimental. Some options will be unavailable.
@master/css-language-server:build: ℹ dist/index.js                                0.32 kB │ gzip: 0.15 kB
@master/css-language-server:build: ℹ dist/server.js                               0.26 kB │ gzip: 0.20 kB
@master/css-language-server:build: ℹ dist/core.js                                25.17 kB │ gzip: 5.54 kB
@master/css-language-server:build: ℹ dist/diagnostics.js                          3.01 kB │ gzip: 1.07 kB
@master/css-language-server:build: ℹ dist/internal/src/workspace-directories.js   2.59 kB │ gzip: 1.02 kB
@master/css-language-server:build: ℹ dist/internal/src/workspace.js               2.57 kB │ gzip: 0.91 kB
@master/css-language-server:build: ℹ dist/settings.js                             0.29 kB │ gzip: 0.18 kB
@master/css-language-server:build: ℹ dist/index.d.ts                              0.43 kB │ gzip: 0.18 kB
@master/css-language-server:build: ℹ dist/server.d.ts                             0.01 kB │ gzip: 0.03 kB
@master/css-language-server:build: ℹ dist/core.d.ts                               4.67 kB │ gzip: 1.23 kB
@master/css-language-server:build: ℹ dist/settings.d.ts                           0.47 kB │ gzip: 0.24 kB
@master/css-language-server:build: ℹ 11 files, total: 39.78 kB
@master/css-language-server:build: ✔ Build complete in 388ms
@master/css-language-service:lint: cache bypass, force executing f7e74191d9769684
@master/css-language-service:lint: $ eslint
@master/css-svelte:test: 
@master/css-svelte:test:  RUN  v5.0.0 /Users/aron/master/css/packages/svelte
@master/css-svelte:test: 
@master/css-language-service:test: cache bypass, force executing 29dfc5722e56c6d2
@master/css-language-service:test: $ cargo xtask build-native && vitest
@master/css-compiler:test:  ✓ tests/diagnostics/bug-hunt-source-attribution.test.ts (7 tests) 7726ms
@master/css-compiler:test:    ✓ inspection keeps source ownership: separate classes and invalid warning 697ms
@master/css-compiler:test:    ✓ inspection keeps source ownership: reverse source patterns 662ms
@master/css-compiler:test:    ✓ inspection keeps source ownership: repeated valid and invalid classes 776ms
@master/css-compiler:test:    ✓ inspection keeps source ownership: asynchronous Vue and Svelte adapters 1526ms
@master/css-compiler:test:    ✓ inspection keeps source ownership: native classes and repeated usage 1431ms
@master/css-compiler:test:    ✓ inspection keeps source ownership: safelist is not source ownership 1261ms
@master/css-compiler:test:    ✓ inspection keeps source ownership: scoped blocklist keeps source ownership 1370ms
@master/css-language-service:test:     Finished `dev` profile [unoptimized + debuginfo] target(s) in 0.19s
@master/css-language-service:test:      Running `/Users/aron/master/css/target/debug/xtask build-native`
@master/css-compiler:test:  ✓ tests/bug-hunt-bundle-transport.test.ts (4 tests) 3864ms
@master/css-compiler:test:    ✓ BH-0004 wasm bundle errors retain original source and disposed guards 3619ms
@master/css-compiler:test:  ✓ tests/diagnostics/index.test.ts (3 tests) 2635ms
@master/css-compiler:test:    ✓ @master/css-compiler/diagnostics (3)
@master/css-compiler:test:      ✓ reports scanner state, per-file discoveries, and missing CSS diagnostics 753ms
@master/css-compiler:test:      ✓ includes generated CSS and stylesheet entry metadata 1294ms
@master/css-compiler:test:      ✓ reports stylesheet entry errors without hiding scanner diagnostics 587ms
@master/css-compiler:test:  ✓ tests/bug-hunt-static-retention.test.ts (5 tests) 1832ms
@master/css-compiler:test:    ✓ BH-0003: inline static graph survives public compile and class lifetimes 412ms
@master/css-compiler:test:    ✓ BH-0003: modes static graph survives public compile and class lifetimes 439ms
@master/css-compiler:test:    ✓ BH-0003: cycle static graph survives public compile and class lifetimes 501ms
@master/css-compiler:test:  ✓ tests/bug-hunt-imported-local-classification.test.ts (3 tests) 2459ms
@master/css-compiler:test:    ✓ imported local directives classify and transform a plain root with custom resolver=false 1069ms
@master/css-compiler:test:    ✓ imported local directives classify and transform a plain root with custom resolver=true 1381ms
@master/css-vite:test: stdout | tests/plugins/bug-hunt-imported-sass-original-maps.test.ts > imported Sass maps original file and token: css / scss / partial=true / identity / build
@master/css-vite:test: {"rootExtension":"css","syntax":"scss","partial":true,"addition":"identity","command":"build","diagnostic":{"version":2,"code":"invalid-compose-class","domain":"compiler","severity":"error","message":"Invalid @compose class: unknown-utility","source":"/private/tmp/master-css-original-import-map-pzZA3T/nested/_bad.scss","range":{"start":{"line":3,"character":11},"end":{"line":3,"character":26}}},"additionalDataCalls":["/private/tmp/master-css-original-import-map-pzZA3T/nested/child.scss"]}
@master/css-vite:test: 
@master/css-compiler:test:  ✓ tests/stylesheet/public.test.ts (3 tests) 1525ms
@master/css-compiler:test:    ✓ @master/css-compiler/stylesheet public contract (3)
@master/css-compiler:test:      ✓ returns immutable high-level resolution and compilation values 403ms
@master/css-compiler:test:      ✓ encapsulates source state and disposes idempotently 1121ms
@master/css-compiler:test: [success] app/page.html 1 classes inserted in 0.1ms 
@master/css-language-service:test:     Finished `dev` profile [unoptimized + debuginfo] target(s) in 0.30s
@master/css-language-service:test: Built /Users/aron/master/css/packages/binding/artifacts/mastercss.node
@master/css-language-service:test: Built /Users/aron/master/css/packages/binding/artifacts/mcss
@master/css-compiler:test: [success] index.html 6 classes inserted in 0.5ms 
@master/css-compiler:test:  ✓ tests/reference.test.ts (4 tests) 1280ms
@master/css-compiler:test:    ✓ CSS @reference (4)
@master/css-compiler:test:      ✓ keeps ordinary package imports before expanded Master CSS entries 1141ms
@master/css-webpack:test:  ✓ tests/bug-hunt-fixed-runtime-filename.test.ts (6 tests) 40071ms
@master/css-webpack:test:    ✓ BH-0030 preserves the app filename and emits a separate runtime: fixed 11216ms
@master/css-webpack:test:    ✓ BH-0030 preserves the app filename and emits a separate runtime: nested fixed 7164ms
@master/css-webpack:test:    ✓ BH-0030 preserves the app filename and emits a separate runtime: build hash 6107ms
@master/css-webpack:test:    ✓ BH-0030 preserves the app filename and emits a separate runtime: callback fixed 5580ms
@master/css-webpack:test:    ✓ BH-0030 preserves the app filename and emits a separate runtime: name control 5279ms
@master/css-webpack:test:    ✓ BH-0030 preserves the app filename and emits a separate runtime: content hash control 4723ms
@master/css-compiler:test:  ✓ tests/diagnostics/bug-hunt-mjs-discovery.test.ts (3 tests) 1887ms
@master/css-compiler:test:    ✓ project inspection discovers ESM classes (default) 762ms
@master/css-compiler:test:    ✓ project inspection discovers ESM classes (explicit-mjs) 436ms
@master/css-compiler:test:    ✓ project inspection discovers ESM classes (explicit-js) 687ms
@master/css-compiler:test:  ✓ tests/browser.test.ts (3 tests) 868ms
@master/css-compiler:test:    ✓ universal compileManifest lowers directives with a base manifest 867ms
@master/css-compiler:test:    ✓ universal compileManifest rejects @reference directives 867ms
@master/css-compiler:test:    ✓ browser compileCSSManifest rejects @reference directives 867ms
@master/css-compiler:test:  ✓ tests/bug-hunt-output-source-maps.test.ts (6 tests) 840ms
@master/css-compiler:test:    ✓ raw Sass output map chains imported partial sources through native printing and compose lowering 347ms
@master/css-compiler:test:    ✓ native and Wasm transports retain identical rule, compose and copied graph mappings 356ms
@master/css-language-service:test: (!) Your Vite config uses features that are unsupported by `configLoader: 'native'`, which is planned to become the default in a future major version of Vite:
@master/css-language-service:test:   - import "../../shared/vitest.config" without a file extension (vitest.config.ts:2:20). Add the file extension
@master/css-language-service:test:   - import "../../shared/vitest-ci-config" without a file extension (vitest.config.ts:3:58). Add the file extension
@master/css-language-service:test:   - import "./vitest-ci-config" without a file extension (../../shared/vitest.config.ts:2:58). Add the file extension
@master/css-language-service:test: Set `VITE_CONFIG_NATIVE_IGNORE_WARNING=true` to suppress this warning.
@master/css-compiler:test: [success] index.html 5 classes inserted in 0.5ms 
@master/css-language-service:test: 
@master/css-language-service:test:  RUN  v5.0.0 /Users/aron/master/css/packages/language-service
@master/css-language-service:test: 
@master/eslint-plugin-css:test:  ✓ tests/adapter-settings.test.ts (18 tests) 37135ms
@master/eslint-plugin-css:test:    ✓ adapter source matching defaults (7)
@master/eslint-plugin-css:test:      ✓ valid (2)
@master/eslint-plugin-css:test:        ✓ twMerge('fg:white block') 2691ms
@master/eslint-plugin-css:test:        ✓ classList.contains('fg:white block') 2664ms
@master/eslint-plugin-css:test:      ✓ invalid (5)
@master/eslint-plugin-css:test:        ✓ classList.add('fg:white block') 2516ms
@master/eslint-plugin-css:test:        ✓ classList.remove('fg:white block') 2203ms
@master/eslint-plugin-css:test:        ✓ classList.toggle('fg:white block') 1667ms
@master/eslint-plugin-css:test:        ✓ classList.replace('fg:white block', 'p:2x m:2x') 2534ms
@master/eslint-plugin-css:test:        ✓ classList['add']('fg:white block') 2796ms
@master/eslint-plugin-css:test:    ✓ adapter source matching custom settings (11)
@master/eslint-plugin-css:test:      ✓ valid (4)
@master/eslint-plugin-css:test:        ✓ <div data-class-extra="fg:white block" /> 2302ms
@master/eslint-plugin-css:test:        ✓ twMerge('fg:white block') 2462ms
@master/eslint-plugin-css:test:        ✓ const stylesExtra = 'fg:white block' 1745ms
@master/eslint-plugin-css:test:        ✓ const theme = { stylesExtra: 'fg:white block' } 1904ms
@master/eslint-plugin-css:test:      ✓ invalid (7)
@master/eslint-plugin-css:test:        ✓ <div data-class="fg:white block" data-tw="p:2x m:2x" /> 2020ms
@master/eslint-plugin-css:test:        ✓ tw('fg:white block') 1651ms
@master/eslint-plugin-css:test:        ✓ tokens.cx('fg:white block') 1419ms
@master/eslint-plugin-css:test:        ✓ tokens.cx`fg:white block` 1680ms
@master/eslint-plugin-css:test:        ✓ const styles = 'fg:white block' 1620ms
@master/eslint-plugin-css:test:        ✓ const classesList = { primary: 'fg:white block' } 1490ms
@master/eslint-plugin-css:test:        ✓ const theme = { styles: 'fg:white block' } 1767ms
@master/css-compiler:test:  ✓ tests/bug-hunt-inline-graph-mappings.test.ts (3 tests) 1283ms
@master/css-compiler:test:    ✓ native inline graph preserves qualified child definitions and original output maps 746ms
@master/css-compiler:test:    ✓ wasm inline graph preserves qualified child definitions and original output maps 482ms
@master/css-compiler:test:  ✓ tests/bug-hunt-native-host-transform.test.ts (1 test) 853ms
@master/css-compiler:test:    ✓ host can explicitly deliver an already transformed native graph with original resource owners 852ms
@master/css-compiler:test:  ✓ tests/bug-hunt-rendered-delivery.test.ts (7 tests) 1434ms
@master/css-compiler:test:    ✓ rendered delivery preserves external import boundaries  683ms
@master/css-compiler:test:    ✓ rendered delivery retains real Sass dependencies and original output maps 705ms
@master/css-compiler:test:  ✓ tests/stylesheet/style.test.ts (23 tests) 37097ms
@master/css-compiler:test:    ✓ style CSS extraction helpers (23)
@master/css-compiler:test:      ✓ normalizes native CSS line endings while rendering managed CSS 431ms
@master/css-compiler:test:      ✓ ignores native CSS variable references inside comments and strings while emitting real references 423ms
@master/css-compiler:test:      ✓ preserves existing emitted resource counts and increments native keyframes 335ms
@master/css-compiler:test:      ✓ emits theme variables referenced by compiled stylesheet --alpha() values 562ms
@master/css-compiler:test:      ✓ renders native CSS and keyframes from expanded Master CSS entry graphs 3213ms
@master/css-compiler:test:      ✓ locally lowers @compose using the provided project context 2832ms
@master/css-compiler:test:      ✓ locally lowers explicit @reference styles without emitting referenced CSS 2439ms
@master/css-compiler:test:      ✓ emits referenced theme variables and keyframes used by local styles 2436ms
@master/css-compiler:test:      ✓ skips referenced theme variables and keyframes already emitted by global CSS 2882ms
@master/css-compiler:test:      ✓ emits default preset variables used by local styles referencing a globals entry 4141ms
@master/css-compiler:test:      ✓ dedupes default preset variables already emitted by a globals entry snapshot 6719ms
@master/css-compiler:test:      ✓ strips reference-only local styles and still reports dependencies 1274ms
@master/css-compiler:test:      ✓ derives package host CSS from the package entry graph 4855ms
@master/css-compiler:test:      ✓ does not load preset artifacts implicitly while registering stylesheets 1954ms
@master/css-compiler:test:      ✓ tracks default package artifacts as style dependencies 2535ms
@master/css-vite:test: stdout | tests/plugins/bug-hunt-imported-sass-original-maps.test.ts > imported Sass maps original file and token: css / scss / partial=true / identity / serve
@master/css-vite:test: {"rootExtension":"css","syntax":"scss","partial":true,"addition":"identity","command":"serve","diagnostic":{"version":2,"code":"invalid-compose-class","domain":"compiler","severity":"error","message":"Invalid @compose class: unknown-utility","source":"/private/tmp/master-css-original-import-map-wNvne8/nested/_bad.scss","range":{"start":{"line":3,"character":11},"end":{"line":3,"character":26}}},"additionalDataCalls":["/private/tmp/master-css-original-import-map-wNvne8/nested/child.scss"]}
@master/css-vite:test: 
@master/css-compiler:test:  ✓ tests/bug-hunt-native-conditionals.test.ts (3 tests) 1031ms
@master/css-compiler:test:    ✓ BH-0057 native and Wasm graphs preserve conditional structure and sibling order 837ms
@master/css-compiler:test:  ✓ tests/bug-hunt-directive-positions.test.ts (3 tests) 398ms
@master/css-compiler:test:  ✓ tests/bug-hunt-project-graphs.test.ts (5 tests) 716ms
@master/css-svelte:test:  ✓ tests/vite.test.ts (3 tests) 5ms
@master/css-compiler:test:  ✓ tests/bug-hunt-file-delivery.test.ts (6 tests) 188ms
@master/css-compiler:test:  ✓ tests/bug-hunt-filesystem-project.test.ts (12 tests) 486ms
@master/css-compiler:test:  ✓ tests/bug-hunt-stylesheet-preparation.test.ts (8 tests) 377ms
@master/css-compiler:test:  ✓ tests/bug-hunt-inline-bundle.test.ts (2 tests) 132ms
@master/css-compiler:test:  ✓ tests/bug-hunt-host-resolution.test.ts (6 tests) 170ms
@master/css-compiler:test:  ✓ tests/bug-hunt-import-conditions.test.ts (3 tests) 213ms
@master/css-compiler:test: [success] app/page.html 1 classes inserted in 0.2ms 
@master/css-svelte:test:  ✓ tests/server.test.ts (4 tests) 2253ms
@master/css-svelte:test:    ✓ Svelte server hook renderer (4)
@master/css-svelte:test:      ✓ renders a complete response across arbitrary chunks 672ms
@master/css-svelte:test:      ✓ isolates render state between responses 821ms
@master/css-svelte:test:      ✓ honors emitted globals and disabled hydration 675ms
@master/css-compiler:test:  ✓ tests/bug-hunt-legacy-project-graphs.test.ts (13 tests) 524ms
@master/css-compiler:test:    ✓ Node project retains imported definitions:  layer(cards) supports(display:grid) print, compose=false 327ms
@master/css-compiler:test:  ✓ tests/bug-hunt-node-import-discovery.test.ts (10 tests) 356ms
@master/css-compiler:test:    ✓ BH-0004 wasm: dependency analysis and flat graph use identical decoded specifiers 316ms
@master/css-compiler:test:  ✓ tests/stylesheet/style-output.test.ts (15 tests) 38408ms
@master/css-compiler:test:    ✓ style CSS extraction helpers (15)
@master/css-compiler:test:      ✓ uses the managed CSS entry config and native CSS sources 6328ms
@master/css-compiler:test:      ✓ keeps non-expandable native imports out of generated managed CSS 6202ms
@master/css-compiler:test:      ✓ reports emittedGlobals variables and animations emitted by the Master CSS entry 2075ms
@master/css-compiler:test:      ✓ does not preload inline theme tokens 1173ms
@master/css-compiler:test:      ✓ emits static theme tokens and keyframes without class references 1520ms
@master/css-compiler:test:      ✓ prunes local CSS imports from Master CSS import roots by default 5795ms
@master/css-compiler:test:      ✓ preserves native CSS when a Master CSS import root opts out of pruning 4592ms
@master/css-compiler:test:      ✓ preserves imported native CSS when a root graph opts out of pruning 4334ms
@master/css-compiler:test:      ✓ can emit pruned native CSS without generated Master CSS 1161ms
@master/css-compiler:test:      ✓ keeps package base CSS without generated utilities for Master CSS imports 4250ms
@master/css-compiler:test:      ✓ returns empty CSS when generated output is disabled without style sources 966ms
@master/css-compiler:test: [success] index.html 6 classes inserted in 0.8ms 
@master/css-compiler:test:  ✓ tests/diagnostics/bug-hunt-utf8-bytes.test.ts (1 test) 18ms
@master/css-svelte:test:  ✓ tests/rc87-rendering.test.ts (7 tests) 2432ms
@master/css-svelte:test:    ✓ rc.87 Svelte server hook renderer (7)
@master/css-svelte:test:      ✓ injects collected CSS when the head closes 584ms
@master/css-svelte:test:      ✓ supports an external hydration manifest writer 334ms
@master/css-svelte:test:      ✓ replaces an existing master style in the current chunk 601ms
@master/css-svelte:test:      ✓ replaces an existing hydration manifest in the current chunk 637ms
@master/css-svelte:test: 
@master/css-svelte:test:  Test Files  3 passed (3)
@master/css-svelte:test:       Tests  14 passed (14)
@master/css-svelte:test:    Start at  13:54:52
@master/css-svelte:test:    Duration  4.66s (transform 51%, tests 39%, import 10%)
@master/css-svelte:test: 
@master/css-svelte:test:   Transform  transforming modules took 6.19s · 51% of tracked time, re-done on every run
@master/css-svelte:test:              persist transforms across runs with fsModuleCache: true
@master/css-svelte:test:              learn more: https://vitest.dev/guide/improving-performance#caching-between-reruns
@master/css-svelte:test: 
@master/eslint-plugin-css:test:  ✓ tests/no-unapproved-raw-values.test.ts (20 tests) 37183ms
@master/eslint-plugin-css:test:    ✓ no unapproved raw values (11)
@master/eslint-plugin-css:test:      ✓ valid (7)
@master/eslint-plugin-css:test:        ✓ <div class="font:md m:md m:md|lg fg:red-60 text-center">Tokens and static utilities</div> 2436ms
@master/eslint-plugin-css:test:        ✓ <div class="font:error unknown-class">Invalid and unknown classes are ignored</div> 2606ms
@master/eslint-plugin-css:test:        ✓ <div class="font:15px">Raw values disabled</div> 2646ms
@master/eslint-plugin-css:test:        ✓ <div class="w:50%">Allowed by generated property</div> 2039ms
@master/eslint-plugin-css:test:        ✓ <div class="w:50%">Allowed by class key</div> 2243ms
@master/eslint-plugin-css:test:        ✓ <div class="m:calc(1rem+1px)">Allowed by pattern</div> 2805ms
@master/eslint-plugin-css:test:        ✓ <div class="m:md|calc(1rem+1px) m:calc(1rem+1px)|md">Allowed multi-value segment by pattern</div> 2145ms
@master/eslint-plugin-css:test:      ✓ invalid (4)
@master/eslint-plugin-css:test:        ✓ <div class="font:15px m:17px fg:#123456">Raw values</div> 2167ms
@master/eslint-plugin-css:test:        ✓ <div class="m:md|17px m:calc(1rem+1px)|18px m:19px|20px">Multi-value raw value segments</div> 2073ms
@master/eslint-plugin-css:test:        ✓ clsx('font:15px m:17px') 1676ms
@master/eslint-plugin-css:test:        ✓ ctl(`fg:#123456`) 2214ms
@master/eslint-plugin-css:test:    ✓ no unapproved raw values custom components (1)
@master/eslint-plugin-css:test:      ✓ valid (1)
@master/eslint-plugin-css:test:        ✓ <button class="btn">Component class</button> 1541ms
@master/eslint-plugin-css:test:    ✓ no unapproved raw values custom manifest (2)
@master/eslint-plugin-css:test:      ✓ valid (1)
@master/eslint-plugin-css:test:        ✓ <div class="m:card">Custom token</div> 1413ms
@master/eslint-plugin-css:test:      ✓ invalid (1)
@master/eslint-plugin-css:test:        ✓ <div class="m:17px">Custom token namespace raw value</div> 1930ms
@master/eslint-plugin-css:test:    ✓ no unapproved raw values ignored manifest registry fields (1)
@master/eslint-plugin-css:test:      ✓ valid (1)
@master/eslint-plugin-css:test:        ✓ <div class="--space:17px">Manifest-carried native namespace is ignored</div> 1345ms
@master/eslint-plugin-css:test:    ✓ no unapproved raw values parser smoke tests (4)
@master/eslint-plugin-css:test:      ✓ invalid (4)
@master/eslint-plugin-css:test:        ✓ <template><div class="font:15px">Vue</div></template> 1300ms
@master/eslint-plugin-css:test:        ✓ <div class="font:15px">Svelte</div> 1627ms
@master/eslint-plugin-css:test:        ✓ <div class="font:15px">Angular</div> 1581ms
@master/eslint-plugin-css:test:        ✓ 
@master/eslint-plugin-css:test:       # Test
@master/eslint-plugin-css:test:       <div class="font:15px">MDX</div> 1386ms
@master/css-mcp:build: cache bypass, force executing f6760bc178df9bea
@master/css-mcp:build: $ tsdown --config ../../shared/tsdown-package.config.ts
@master/css-compiler:test:  ✓ tests/entry.test.ts (4 tests) 55ms
@master/css-compiler:test:  ✓ tests/bug-hunt-build-graph.test.ts (4 tests) 494ms
@master/css-compiler:test:    ✓ BH-0004 wasm preserves an explicitly shared resource base and rejects conflicting relocation 353ms
@master/css-vite:test: stdout | tests/plugins/bug-hunt-imported-sass-original-maps.test.ts > imported Sass maps original file and token: css / scss / partial=true / string / build
@master/css-vite:test: {"rootExtension":"css","syntax":"scss","partial":true,"addition":"string","command":"build","diagnostic":{"version":2,"code":"invalid-compose-class","domain":"compiler","severity":"error","message":"Invalid @compose class: unknown-utility","source":"/private/tmp/master-css-original-import-map-vlQIco/nested/_bad.scss","range":{"start":{"line":3,"character":11},"end":{"line":3,"character":26}}},"additionalDataCalls":[]}
@master/css-vite:test: 
@master/css-compiler:test:  ✓ tests/bug-hunt-rendered-compose.test.ts (6 tests) 310ms
@master/css-compiler:test:  ✓ tests/bug-hunt-virtual-sources.test.ts (6 tests) 161ms
@master/css-mcp:build: ℹ tsdown v0.23.0 powered by rolldown v1.2.7
@master/css-compiler:test:  ✓ tests/bug-hunt-prepared-source-context.test.ts (4 tests) 233ms
@master/css-mcp:build: ℹ config file: /Users/aron/master/css/shared/tsdown-package.config.ts 
@master/css-mcp:build: ℹ entry: src/index.ts, src/bin/index.ts
@master/css-mcp:build: ℹ target: node24.0.0
@master/css-mcp:build: ℹ tsconfig: tsconfig.prod.json
@master/css-mcp:build: ℹ Build start
@master/css-mcp:type-check: cache bypass, force executing 7196546a14b0ee89
@master/css-mcp:build: ℹ Cleaning 28 files
@master/css-mcp:build: TypeScript 7.0 does not yet have a stable API and is experimental. Some options will be unavailable.
@master/css-mcp:type-check: $ tsc -b tsconfig.typecheck.json
@master/css-compiler:test:  ✓ tests/bug-hunt-virtual-reference-ownership.test.ts (10 tests) 39665ms
@master/css-compiler:test:    ✓ BH-0004 missing virtual reference reports its attempted path and registration recovers without partial state 6143ms
@master/css-compiler:test:    ✓ BH-0004 original virtual diagnostic identity survives filesystem reference rebasing 2716ms
@master/css-compiler:test:    ✓ BH-0004 physical references use filesystem owners during transform 4476ms
@master/css-compiler:test:    ✓ BH-0004 physical references use filesystem owners during collection 8014ms
@master/css-compiler:test:    ✓ BH-0004 virtual-entry references use filesystem owners during transform 4142ms
@master/css-compiler:test:    ✓ BH-0004 virtual-entry references use filesystem owners during collection 5227ms
@master/css-compiler:test:    ✓ BH-0004 virtual-child references use filesystem owners during transform 3148ms
@master/css-compiler:test:    ✓ BH-0004 virtual-child references use filesystem owners during collection 5789ms
@master/css-compiler:test: [success] index.html 5 classes inserted in 0.5ms 
@master/css-language-server:type-check: cache bypass, force executing 2761b73805796bd0
@master/css-compiler:test:  ✓ tests/bug-hunt-prepared-diagnostic-columns.test.ts (4 tests) 262ms
@master/css-language-server:type-check: $ tsc -b tsconfig.typecheck.json
@master/css-vite:test:  ❯ tests/plugins/bug-hunt-build-config-recovery.test.ts (24 tests | 20 failed) 22387ms
@master/css-vite:test:    × failed config-sync releases unstarted recovery material (static) 865ms
@master/css-vite:test:    × failed config-async releases unstarted recovery material (static) 1095ms
@master/css-vite:test:    × failed factory releases unstarted recovery material (static) 956ms
@master/css-vite:test:    × failed environment-init releases unstarted recovery material (static) 671ms
@master/css-vite:test:    ✓ custom build environment initialization and watch ownership survive (static) 2055ms
@master/css-vite:test:    × failed config-sync releases unstarted recovery material (runtime) 668ms
@master/css-vite:test:    × failed config-async releases unstarted recovery material (runtime) 734ms
@master/css-vite:test:    × failed factory releases unstarted recovery material (runtime) 635ms
@master/css-vite:test:    × failed environment-init releases unstarted recovery material (runtime) 594ms
@master/css-vite:test:    ✓ custom build environment initialization and watch ownership survive (runtime) 1362ms
@master/css-vite:test:    × failed config-sync releases unstarted recovery material (pre-render) 475ms
@master/css-vite:test:    × failed config-async releases unstarted recovery material (pre-render) 546ms
@master/css-vite:test:    × failed factory releases unstarted recovery material (pre-render) 598ms
@master/css-vite:test:    × failed environment-init releases unstarted recovery material (pre-render) 530ms
@master/css-vite:test:    ✓ custom build environment initialization and watch ownership survive (pre-render) 1867ms
@master/css-vite:test:    × failed config-sync releases unstarted recovery material (progressive) 647ms
@master/css-vite:test:    × failed config-async releases unstarted recovery material (progressive) 546ms
@master/css-vite:test:    × failed factory releases unstarted recovery material (progressive) 539ms
@master/css-vite:test:    × failed environment-init releases unstarted recovery material (progressive) 541ms
@master/css-vite:test:    ✓ custom build environment initialization and watch ownership survive (progressive) 1598ms
@master/css-vite:test:    × configuration releases unstarted environments when a peer factory fails (shared=true) 528ms
@master/css-vite:test:    × configuration releases unstarted environments when a peer init fails (shared=true) 701ms
@master/css-vite:test:    × configuration releases unstarted environments when a peer factory fails (shared=false) 1917ms
@master/css-vite:test:    × configuration releases unstarted environments when a peer init fails (shared=false) 1716ms
@master/css-mcp:build: ℹ Granting execute permission to dist/bin/index.js
@master/css-mcp:build: ℹ dist/bin/index.js                1.77 kB │ gzip: 0.83 kB
@master/css-mcp:build: ℹ dist/index.js                    0.15 kB │ gzip: 0.09 kB
@master/css-mcp:build: ℹ dist/contributor.js             26.30 kB │ gzip: 6.46 kB
@master/css-mcp:build: ℹ dist/server.js                  17.07 kB │ gzip: 3.76 kB
@master/css-mcp:build: ℹ dist/context.js                  7.53 kB │ gzip: 2.29 kB
@master/css-mcp:build: ℹ dist/classes.js                  7.05 kB │ gzip: 1.98 kB
@master/css-mcp:build: ℹ dist/setup.js                    6.80 kB │ gzip: 1.97 kB
@master/css-mcp:build: ℹ dist/manifest-query.js           5.37 kB │ gzip: 1.57 kB
@master/css-mcp:build: ℹ dist/lint.js                     4.74 kB │ gzip: 1.38 kB
@master/css-mcp:build: ℹ dist/compare.js                  4.71 kB │ gzip: 1.50 kB
@master/css-mcp:build: ℹ dist/directives.js               4.65 kB │ gzip: 1.40 kB
@master/css-mcp:build: ℹ dist/scan.js                     4.38 kB │ gzip: 1.44 kB
@master/css-mcp:build: ℹ dist/format.js                   3.22 kB │ gzip: 1.12 kB
@master/css-mcp:build: ℹ dist/preview-write-lock.js       2.82 kB │ gzip: 1.22 kB
@master/css-mcp:build: ℹ dist/internal/src/workspace.js   2.57 kB │ gzip: 0.91 kB
@master/css-mcp:build: ℹ dist/manifest-summary.js         2.14 kB │ gzip: 0.68 kB
@master/css-mcp:build: ℹ dist/language.js                 1.57 kB │ gzip: 0.64 kB
@master/css-mcp:build: ℹ dist/project.js                  1.54 kB │ gzip: 0.60 kB
@master/css-mcp:build: ℹ dist/document.js                 1.38 kB │ gzip: 0.58 kB
@master/css-mcp:build: ℹ dist/tooling-session.js          1.17 kB │ gzip: 0.49 kB
@master/css-mcp:build: ℹ dist/result.js                   0.77 kB │ gzip: 0.35 kB
@master/css-mcp:build: ℹ dist/index.d.ts                  0.15 kB │ gzip: 0.09 kB
@master/css-mcp:build: ℹ dist/bin/index.d.ts              0.01 kB │ gzip: 0.03 kB
@master/css-mcp:build: ℹ dist/context.d.ts                1.56 kB │ gzip: 0.56 kB
@master/css-mcp:build: ℹ dist/server.d.ts                 0.73 kB │ gzip: 0.32 kB
@master/css-mcp:build: ℹ 25 files, total: 110.15 kB
@master/css-mcp:build: ✔ Build complete in 467ms
@master/css-nuxt:lint: cache bypass, force executing 039c2537fb453368
@master/css-nuxt:test: cache bypass, force executing e9dbf66656e691c8
@master/css-nuxt:lint: $ eslint .
@master/css-nuxt:test: $ vitest run
@master/eslint-plugin-css:test:  ✓ tests/no-conflicting-classes.test.ts (20 tests) 41036ms
@master/eslint-plugin-css:test:    ✓ collision (20)
@master/eslint-plugin-css:test:      ✓ valid (4)
@master/eslint-plugin-css:test:        ✓ <div class="m:10px m:30px:hover m:40px@dark">Simple, basic</div> 2607ms
@master/eslint-plugin-css:test:        ✓ <div class="a c d hello:world font:error mt:0 mt:0@sm">Error class</div> 2741ms
@master/eslint-plugin-css:test:        ✓ <div class="mx:md ml:lg@sm"></div> 2755ms
@master/eslint-plugin-css:test:        ✓ <div class="mx:md m:lg"></div> 2198ms
@master/eslint-plugin-css:test:      ✓ invalid (16)
@master/eslint-plugin-css:test:        ✓ <div class="m:10px m:20px m:30px:hover m:40px@dark">collision</div> 2339ms
@master/eslint-plugin-css:test:        ✓ <div class="a c d hello:world font:error mt:0 mt:0@sm m:10px m:20px m:30px:hover m:40px@dark">Error class</div> 2169ms
@master/eslint-plugin-css:test:        ✓ <div class="m:10px m:20px m:30px">last class wins</div> 2328ms
@master/eslint-plugin-css:test:        ✓ <div class="mx:md ml:lg">partial margin axis conflict</div> 2617ms
@master/eslint-plugin-css:test:        ✓ <div class="p:md px:lg">partial padding shorthand conflict</div> 2156ms
@master/eslint-plugin-css:test:        ✓ <div class="m:md mt:lg">partial shorthand side conflict</div> 2020ms
@master/eslint-plugin-css:test:        ✓ <div class="block m:8x font:.75rem mb:12x"></div> 2039ms
@master/eslint-plugin-css:test:        ✓ <div class="mx:md ml:lg py:md pt:lg">multiple partial conflicts</div> 1908ms
@master/eslint-plugin-css:test:        ✓ <div class="p:sm p:md px:lg">full conflict before partial conflict</div> 1868ms
@master/eslint-plugin-css:test:        ✓ <div class="inset:md top:lg">partial inset conflict</div> 1507ms
@master/eslint-plugin-css:test:        ✓ <div class="r:md rtl:lg">partial radius conflict</div> 1715ms
@master/eslint-plugin-css:test:        ✓ <div class="b:1px bt:2px">partial border width conflict</div> 1530ms
@master/eslint-plugin-css:test:        ✓ <div class="b:red-60 bt:blue-60">partial border color conflict</div> 1466ms
@master/eslint-plugin-css:test:        ✓ <div class="b-solid bt-dashed">partial border style conflict</div> 1762ms
@master/eslint-plugin-css:test:        ✓ <div class="mx:md ml:lg b:1px bt:2px">mixed partial conflicts</div> 1298ms
@master/eslint-plugin-css:test:        ✓ <template><div class="b-solid bt-dashed">Vue</div></template> 2004ms
@master/css-vite:test: stdout | tests/plugins/bug-hunt-imported-sass-original-maps.test.ts > imported Sass maps original file and token: css / scss / partial=true / string / serve
@master/css-vite:test: {"rootExtension":"css","syntax":"scss","partial":true,"addition":"string","command":"serve","diagnostic":{"version":2,"code":"invalid-compose-class","domain":"compiler","severity":"error","message":"Invalid @compose class: unknown-utility","source":"/private/tmp/master-css-original-import-map-ykp7Cq/nested/_bad.scss","range":{"start":{"line":3,"character":11},"end":{"line":3,"character":26}}},"additionalDataCalls":[]}
@master/css-vite:test: 
@master/css-nuxt:test: 
@master/css-nuxt:test:  RUN  v4.1.11 /Users/aron/master/css/packages/nuxt
@master/css-nuxt:test: 
@master/css-compiler:test: [success] index.html 6 classes inserted in 0.6ms 
@master/css-cli:test:  ✓ tests/bug-hunt-watch-recovery.test.ts (6 tests) 51036ms
@master/css-cli:test:    ✓ BH-0004 CLI watch recovers deleted-resource without restart 6294ms
@master/css-cli:test:    ✓ BH-0004 CLI watch recovers deleted-import without restart 13218ms
@master/css-cli:test:    ✓ BH-0004 CLI watch recovers new-resource without restart 10734ms
@master/css-cli:test:    ✓ BH-0004 CLI watch recovers new-import without restart 8954ms
@master/css-cli:test:    ✓ BH-0004 CLI watch recovers initial-resource without restart 5724ms
@master/css-cli:test:    ✓ BH-0004 CLI watch recovers initial-import without restart 6109ms
@master/css-cli:test: 
@master/css-cli:test:  Test Files  16 passed (16)
@master/css-cli:test:       Tests  71 passed (71)
@master/css-cli:test:    Start at  13:54:08
@master/css-cli:test:    Duration  51.46s (tests 98%, transform 1%, import 1%)
@master/css-cli:test: 
@master/css-language-server:test: cache bypass, force executing de5028927d35e970
@master/css-language-server:test: $ cargo xtask build-native && vitest
@master/css-language-server:test:     Finished `dev` profile [unoptimized + debuginfo] target(s) in 0.15s
@master/css-language-server:test:      Running `/Users/aron/master/css/target/debug/xtask build-native`
@master/css-vite:test: stdout | tests/plugins/bug-hunt-imported-sass-original-maps.test.ts > imported Sass maps original file and token: css / scss / partial=true / mapped / build
@master/css-vite:test: {"rootExtension":"css","syntax":"scss","partial":true,"addition":"mapped","command":"build","diagnostic":{"version":2,"code":"invalid-compose-class","domain":"compiler","severity":"error","message":"Invalid @compose class: unknown-utility","source":"/private/tmp/master-css-original-import-map-XUsG51/nested/_bad.scss","range":{"start":{"line":3,"character":11},"end":{"line":3,"character":26}}},"additionalDataCalls":["/private/tmp/master-css-original-import-map-XUsG51/nested/child.scss"]}
@master/css-vite:test: 
@master/css-compiler:test: [success] index.html 5 classes inserted in 0.5ms 
@master/css-language-server:test:     Finished `dev` profile [unoptimized + debuginfo] target(s) in 0.20s
@master/css-language-server:test: Built /Users/aron/master/css/packages/binding/artifacts/mastercss.node
@master/css-language-server:test: Built /Users/aron/master/css/packages/binding/artifacts/mcss
@master/css-language-server:test: (!) Your Vite config uses features that are unsupported by `configLoader: 'native'`, which is planned to become the default in a future major version of Vite:
@master/css-language-server:test:   - import "../../shared/vitest.config" without a file extension (vitest.config.ts:2:20). Add the file extension
@master/css-language-server:test:   - import "./vitest-ci-config" without a file extension (../../shared/vitest.config.ts:2:58). Add the file extension
@master/css-language-server:test: Set `VITE_CONFIG_NATIVE_IGNORE_WARNING=true` to suppress this warning.
@master/css-language-server:test: 
@master/css-language-server:test:  RUN  v5.0.0 /Users/aron/master/css/packages/language-server
@master/css-language-server:test: 
@master/css-webpack:test: [success] ../styles/usage.js 1 classes inserted in 0.5ms 
@master/css-language-server:lint: cache bypass, force executing 04a4cf8790f2e3ae
@master/css-language-server:lint: $ eslint
@master/css-vite:test: stdout | tests/plugins/bug-hunt-imported-sass-original-maps.test.ts > imported Sass maps original file and token: css / scss / partial=true / mapped / serve
@master/css-vite:test: {"rootExtension":"css","syntax":"scss","partial":true,"addition":"mapped","command":"serve","diagnostic":{"version":2,"code":"invalid-compose-class","domain":"compiler","severity":"error","message":"Invalid @compose class: unknown-utility","source":"/private/tmp/master-css-original-import-map-hdUlG3/nested/_bad.scss","range":{"start":{"line":3,"character":11},"end":{"line":3,"character":26}}},"additionalDataCalls":["/private/tmp/master-css-original-import-map-hdUlG3/nested/child.scss"]}
@master/css-vite:test: 
@master/css-compiler:test: [success] index.html 6 classes inserted in 0.6ms 
@master/css-compiler:test: [success] index.html 5 classes inserted in 0.5ms 
@master/css-compiler:test:  ✓ tests/bug-hunt-reference-source-maps.test.ts (16 tests) 45893ms
@master/css-compiler:test:    ✓ BH-0004 relative maps preserve distinct partial references, child=false, transform 3344ms
@master/css-compiler:test:    ✓ BH-0004 relative maps preserve distinct partial references, child=false, collection 6267ms
@master/css-compiler:test:    ✓ BH-0004 relative maps preserve distinct partial references, child=true, transform 2929ms
@master/css-compiler:test:    ✓ BH-0004 relative maps preserve distinct partial references, child=true, collection 6305ms
@master/css-compiler:test:    ✓ BH-0004 source-root maps preserve distinct partial references, child=false, transform 2605ms
@master/css-compiler:test:    ✓ BH-0004 source-root maps preserve distinct partial references, child=false, collection 4699ms
@master/css-compiler:test:    ✓ BH-0004 source-root maps preserve distinct partial references, child=true, transform 2118ms
@master/css-compiler:test:    ✓ BH-0004 source-root maps preserve distinct partial references, child=true, collection 4321ms
@master/css-compiler:test:    ✓ BH-0004 file-url maps preserve distinct partial references, child=false, transform 1921ms
@master/css-compiler:test:    ✓ BH-0004 file-url maps preserve distinct partial references, child=false, collection 4603ms
@master/css-compiler:test:    ✓ BH-0004 file-url maps preserve distinct partial references, child=true, transform 2288ms
@master/css-compiler:test:    ✓ BH-0004 file-url maps preserve distinct partial references, child=true, collection 4435ms
@master/css-vite:test: stdout | tests/plugins/bug-hunt-imported-sass-original-maps.test.ts > imported Sass maps original file and token: css / sass / partial=false / identity / build
@master/css-vite:test: {"rootExtension":"css","syntax":"sass","partial":false,"addition":"identity","command":"build","diagnostic":{"version":2,"code":"invalid-compose-class","domain":"compiler","severity":"error","message":"Invalid @compose class: unknown-utility","source":"/private/tmp/master-css-original-import-map-dvvjf9/nested/child.sass","range":{"start":{"line":3,"character":11},"end":{"line":3,"character":26}}},"additionalDataCalls":["/private/tmp/master-css-original-import-map-dvvjf9/nested/child.sass"]}
@master/css-vite:test: 
@master/css-next:test:  ✓ tests/stylesheet-loader.test.ts (9 tests) 47920ms
@master/css-next:test:    ✓ Next style CSS loader (9)
@master/css-next:test:      ✓ derives native CSS from @master/css instead of hardcoding a package subpath 11142ms
@master/css-next:test:      ✓ keeps @master entry lightweight without importing package CSS 2262ms
@master/css-next:test:      ✓ preserves native CSS and keyframes from imported Master entry graphs 10281ms
@master/css-next:test:      ✓ leaves ordinary CSS unchanged 306ms
@master/css-next:test:      ✓ locally lowers @compose in CSS Modules without importing package CSS 3806ms
@master/css-next:test:      ✓ locally lowers explicit @reference CSS Modules without importing package CSS 2042ms
@master/css-next:test:      ✓ emits referenced default theme variables for page-level CSS 7453ms
@master/css-next:test:      ✓ dedupes referenced default theme variables already emitted by global CSS for page-level CSS 8377ms
@master/css-next:test:      ✓ keeps local style dependencies registered after invalid @compose and recovers on the next run 2246ms
@master/css-language-server:test:  ✓ tests/custom-workspace.test.ts (1 test) 28ms
@master/css-vscode:build: cache bypass, force executing 8be4c111bae3f641
@master/css-vscode:build: $ tsdown && pnpm generate
@master/css-compiler:test: [success] index.html 6 classes inserted in 0.5ms 
@master/css-nuxt:test: stderr | tests/runtime.test.ts
@master/css-nuxt:test: [NUXT_B8014] Module `@master/css-nuxt` was slow to set up, taking `5093.18ms`.
@master/css-nuxt:test: ╰▶ fix: Defer expensive operations to a later hook (e.g. `build:before`) to reduce startup time.
@master/css-nuxt:test: 
@master/css-vite:test: stdout | tests/plugins/bug-hunt-imported-sass-original-maps.test.ts > imported Sass maps original file and token: css / sass / partial=false / identity / serve
@master/css-vite:test: {"rootExtension":"css","syntax":"sass","partial":false,"addition":"identity","command":"serve","diagnostic":{"version":2,"code":"invalid-compose-class","domain":"compiler","severity":"error","message":"Invalid @compose class: unknown-utility","source":"/private/tmp/master-css-original-import-map-rWdIgw/nested/child.sass","range":{"start":{"line":3,"character":11},"end":{"line":3,"character":26}}},"additionalDataCalls":["/private/tmp/master-css-original-import-map-rWdIgw/nested/child.sass"]}
@master/css-vite:test: 
@master/css-vscode:build: ℹ tsdown v0.23.0 powered by rolldown v1.2.7
@master/css-nuxt:test: stderr | tests/bug-hunt-theme.test.ts
@master/css-nuxt:test: [NUXT_B8014] Module `@master/css-nuxt` was slow to set up, taking `5146.14ms`.
@master/css-nuxt:test: ╰▶ fix: Defer expensive operations to a later hook (e.g. `build:before`) to reduce startup time.
@master/css-nuxt:test: 
@master/css-nuxt:test: stderr | tests/pre-render.test.ts
@master/css-nuxt:test: [NUXT_B8014] Module `@master/css-nuxt` was slow to set up, taking `5174.08ms`.
@master/css-nuxt:test: ╰▶ fix: Defer expensive operations to a later hook (e.g. `build:before`) to reduce startup time.
@master/css-nuxt:test: 
@master/css-vscode:build: ℹ config file: /Users/aron/master/css/packages/vscode/tsdown.config.ts 
@master/css-vscode:build: ℹ entry: src/extension.min.ts
@master/css-vscode:build: ℹ target: node24.0.0
@master/css-vscode:build: ℹ entry: src/server.min.ts
@master/css-vscode:build: ℹ target: node24.0.0
@master/css-vscode:build: ℹ tsconfig: tsconfig.prod.json
@master/css-vscode:build: ℹ tsconfig: tsconfig.prod.json
@master/css-vscode:build: ℹ Build start
@master/css-vscode:build: ℹ Cleaning 2 files
@master/css-compiler:test: [success] index.html 5 classes inserted in 0.6ms 
@master/css-language-server:test:  ✓ tests/manifest.test.ts (1 test) 2483ms
@master/css-language-server:test:    ✓ manifest (1)
@master/css-language-server:test:      ✓ loads managed CSS entry manifest before language features run 2456ms
@master/css-vite:test: stdout | tests/plugins/bug-hunt-imported-sass-original-maps.test.ts > imported Sass maps original file and token: css / sass / partial=false / string / build
@master/css-vite:test: {"rootExtension":"css","syntax":"sass","partial":false,"addition":"string","command":"build","diagnostic":{"version":2,"code":"invalid-compose-class","domain":"compiler","severity":"error","message":"Invalid @compose class: unknown-utility","source":"/private/tmp/master-css-original-import-map-sAwmxO/nested/child.sass","range":{"start":{"line":3,"character":11},"end":{"line":3,"character":26}}},"additionalDataCalls":[]}
@master/css-vite:test: 
@master/css-vscode:build: ℹ dist/extension.min.js  1.46 MB
@master/css-vscode:build: ℹ 1 files, total: 1.46 MB
@master/css-vscode:build: ✔ Build complete in 1678ms
@master/css-vscode:build: ℹ dist/server.min.js  1.35 MB
@master/css-vscode:build: ℹ 1 files, total: 1.35 MB
@master/css-vscode:build: ✔ Build complete in 1838ms
@master/css-compiler:test:  ✓ tests/stylesheet/browser.test.ts (7 tests) 51533ms
@master/css-compiler:test:    ✓ @master/css-compiler/stylesheet/browser (7)
@master/css-compiler:test:      ✓ renders class names with the compiled manifest 5820ms
@master/css-compiler:test:      ✓ uses one explicit compiler artifact for compilation and rendering 9582ms
@master/css-compiler:test:      ✓ preserves native CSS while rendering class names 8645ms
@master/css-compiler:test:      ✓ emits variables referenced by native CSS without class names 7123ms
@master/css-compiler:test:      ✓ emits generated keyframes referenced by native CSS 6963ms
@master/css-compiler:test:      ✓ does not duplicate generated keyframes defined by native CSS 6947ms
@master/css-compiler:test:      ✓ propagates directive warnings 6451ms
@master/css-vscode:build: $ node --import tsx generate
@master/css-language-server:test:  ✓ tests/monorepo.test.ts (3 tests) 4256ms
@master/css-language-server:test:    ✓ monorepo (3)
@master/css-language-server:test:      ✓ open a document and link it to the nearest workspace 2258ms
@master/css-language-server:test:      ✓ open a document in a package dependency workspace without config 1975ms
@master/css-compiler:test: [success] index.html 6 classes inserted in 0.6ms 
@master/css-language-server:test:  ✓ tests/test.ts (8 tests) 4963ms
@master/css-language-server:test:    ✓ basic (7)
@master/css-language-server:test:      ✓ open and close a document 1603ms
@master/css-language-server:test:      ✓ coordinates concurrent document opens with closes during initialization 1808ms
@master/css-language-server:test:      ✓ open an external document 1486ms
@master/css-mcp:lint: cache bypass, force executing 7f444b8af4c33cf6
@master/css-mcp:lint: $ eslint
@master/css-language-server:test:  ✓ tests/bug-hunt-manifest-diagnostic-contract.test.ts (3 tests) 5395ms
@master/css-language-server:test:    ✓ invalid-manifest (3)
@master/css-language-server:test:      ✓ preserves the real compiler diagnostic when manifest loading fails 1954ms
@master/css-language-server:test:      ✓ keeps the generic loading code for unstructured Error 1794ms
@master/css-language-server:test:      ✓ keeps the generic loading code for unstructured CSSDirectiveError 1615ms
@master/css-vite:test: stdout | tests/plugins/bug-hunt-imported-sass-original-maps.test.ts > imported Sass maps original file and token: css / sass / partial=false / string / serve
@master/css-vite:test: {"rootExtension":"css","syntax":"sass","partial":false,"addition":"string","command":"serve","diagnostic":{"version":2,"code":"invalid-compose-class","domain":"compiler","severity":"error","message":"Invalid @compose class: unknown-utility","source":"/private/tmp/master-css-original-import-map-cCKIPN/nested/child.sass","range":{"start":{"line":3,"character":11},"end":{"line":3,"character":26}}},"additionalDataCalls":[]}
@master/css-vite:test: 
@master/css-compiler:test: [success] index.html 5 classes inserted in 0.5ms 
@master/css-webpack:test:  ✓ tests/bug-hunt-active-graph.test.ts (3 tests) 56722ms
@master/css-webpack:test:    ✓ removed stylesheet releases dependencies and restores on reattachment: cache=false 25551ms
@master/css-webpack:test:    ✓ removed stylesheet releases dependencies and restores on reattachment: cache=true 17424ms
@master/css-webpack:test:    ✓ removal retains shared resource owners and clears detached scanner classes: 0 13746ms
@master/css-webpack:test: 
@master/css-webpack:test: ⎯⎯⎯⎯⎯⎯⎯ Failed Tests 3 ⎯⎯⎯⎯⎯⎯⎯
@master/css-webpack:test: 
@master/css-webpack:test:  FAIL  tests/bug-hunt-static-watch-recovery.test.ts > watch reports a missing child as compilation errors and recovers without invalidation
@master/css-webpack:test: Error: No automatic watch result in delete; events=[]; registrations=[{"phase":"initial","childExists":true,"files":["/private/tmp/master-webpack-watch-test-EsKPLl/entry.css","/private/tmp/master-webpack-watch-test-EsKPLl/child.css","/private/tmp/master-webpack-watch-test-EsKPLl/pixel.svg","/private/tmp/master-webpack-watch-test-EsKPLl/entry.js","/private/tmp/master-webpack-watch-test-EsKPLl","/private/tmp","/private","/","/Users/aron/master/css/packages/webpack/package.json","/Users/aron/master/css/packages/webpack/dist/stylesheet-loader.js","/Users/aron/master/css/packages/webpack/dist","/Users/aron/master/css/packages/webpack","/Users/aron/master/css/packages","/Users/aron/master/css","/Users/aron/master","/Users/aron","/Users"]}]; after=1, results=[{"errors":[],"dependencies":["/private/tmp/master-webpack-watch-test-EsKPLl/entry.css","/private/tmp/master-webpack-watch-test-EsKPLl/child.css","/private/tmp/master-webpack-watch-test-EsKPLl/pixel.svg","/private/tmp/master-webpack-watch-test-EsKPLl/entry.js","/private/tmp/master-webpack-watch-test-EsKPLl","/private/tmp","/private","/","/Users/aron/master/css/packages/webpack/package.json","/Users/aron/master/css/packages/webpack/dist/stylesheet-loader.js","/Users/aron/master/css/packages/webpack/dist","/Users/aron/master/css/packages/webpack","/Users/aron/master/css/packages","/Users/aron/master/css","/Users/aron/master","/Users/aron","/Users"],"missing":["/private/tmp/master-webpack-watch-test-EsKPLl/package.json","/private/tmp/package.json","/private/package.json","/package.json","/Users/aron/master/css/packages/webpack/dist/package.json"]}]
@master/css-webpack:test:  ❯ Timeout._onTimeout tests/bug-hunt-static-watch-recovery.test.ts:60:73
@master/css-webpack:test: 
@master/css-webpack:test: 
@master/css-webpack:test: ⎯⎯⎯⎯⎯⎯⎯⎯⎯⎯⎯⎯⎯⎯⎯⎯⎯⎯⎯⎯⎯⎯⎯⎯[1/3]⎯
@master/css-webpack:test: 
@master/css-webpack:test:  FAIL  tests/plugin-runtime.test.ts > MasterCSSWebpackPlugin (C1 race fix) > fails a watch build on reset replay errors and recovers on the next reset
@master/css-webpack:test: AssertionError: promise resolved "undefined" instead of rejecting
@master/css-webpack:test: 
@master/css-webpack:test: - Expected:
@master/css-webpack:test: Error {
@master/css-webpack:test:   "message": "rejected promise",
@master/css-webpack:test: }
@master/css-webpack:test: 
@master/css-webpack:test: + Received:
@master/css-webpack:test: undefined
@master/css-webpack:test: 
@master/css-webpack:test:  ❯ tests/plugin-runtime.test.ts:500:31
@master/css-webpack:test:     498|       })
@master/css-webpack:test:     499|
@master/css-webpack:test:     500|       await expect(runWatch()).rejects.toBe(replayError)
@master/css-webpack:test:        |                               ^
@master/css-webpack:test:     501|       expect(errorLog).toHaveBeenCalledWith('[master-css.webpack] rese…
@master/css-webpack:test:     502|       expect(stylesheets.compose).toHaveBeenCalledTimes(1)
@master/css-webpack:test: 
@master/css-webpack:test: ⎯⎯⎯⎯⎯⎯⎯⎯⎯⎯⎯⎯⎯⎯⎯⎯⎯⎯⎯⎯⎯⎯⎯⎯[2/3]⎯
@master/css-webpack:test: 
@master/css-webpack:test:  FAIL  tests/plugin-runtime.test.ts > MasterCSSWebpackPlugin (C1 race fix) > registers reset dependencies with the active compilation
@master/css-webpack:test: AssertionError: expected [] to include '/tmp/master-css-webpack-deps-RLGflQ/a…'
@master/css-webpack:test:  ❯ tests/plugin-runtime.test.ts:529:44
@master/css-webpack:test:     527|       compiler.hooks.thisCompilation.call(compilation as any)
@master/css-webpack:test:     528|
@master/css-webpack:test:     529|       expect(compilation.fileDependencies).toContain(configPath)
@master/css-webpack:test:        |                                            ^
@master/css-webpack:test:     530|       expect(compilation.fileDependencies).toContain(tokenPath)
@master/css-webpack:test:     531|     } finally {
@master/css-webpack:test: 
@master/css-webpack:test: ⎯⎯⎯⎯⎯⎯⎯⎯⎯⎯⎯⎯⎯⎯⎯⎯⎯⎯⎯⎯⎯⎯⎯⎯[3/3]⎯
@master/css-webpack:test: 
@master/css-webpack:test: 
@master/css-webpack:test:  Test Files  2 failed | 10 passed (12)
@master/css-webpack:test:       Tests  3 failed | 85 passed (88)
@master/css-webpack:test:    Start at  13:54:11
@master/css-webpack:test:    Duration  59.36s (tests 93%, transform 5%, import 1%)
@master/css-webpack:test: 
@master/css-webpack:test: [ELIFECYCLE] Test failed. See above for more details.
@master/css-webpack#test:  WARNING  command finished with error, but continuing...
@master/css-mcp:test: cache bypass, force executing a32d0d4c9ff5bb8f
@master/css-mcp:test: $ cargo xtask build-native && vitest
@master/css-mcp:test:     Finished `dev` profile [unoptimized + debuginfo] target(s) in 0.17s
@master/css-mcp:test:      Running `/Users/aron/master/css/target/debug/xtask build-native`
@master/css-vite:test: stdout | tests/plugins/bug-hunt-imported-sass-original-maps.test.ts > imported Sass maps original file and token: css / sass / partial=false / mapped / build
@master/css-vite:test: {"rootExtension":"css","syntax":"sass","partial":false,"addition":"mapped","command":"build","diagnostic":{"version":2,"code":"invalid-compose-class","domain":"compiler","severity":"error","message":"Invalid @compose class: unknown-utility","source":"/private/tmp/master-css-original-import-map-b9cW0N/nested/child.sass","range":{"start":{"line":3,"character":11},"end":{"line":3,"character":26}}},"additionalDataCalls":["/private/tmp/master-css-original-import-map-b9cW0N/nested/child.sass"]}
@master/css-vite:test: 
@master/css-language-server:test:  ✓ tests/formatting.test.ts (5 tests) 7133ms
@master/css-language-server:test:    ✓ basic (3)
@master/css-language-server:test:      ✓ returns document formatting edits for CSS directives 2296ms
@master/css-language-server:test:      ✓ returns range formatting edits for CSS directives 2553ms
@master/css-language-server:test:    ✓ basic (2)
@master/css-language-server:test:      ✓ returns no formatting edits when disabled 2237ms
@master/css-mcp:test:     Finished `dev` profile [unoptimized + debuginfo] target(s) in 0.24s
@master/css-language-server:test:  ✓ tests/runtime.test.ts (4 tests) 7756ms
@master/css-language-server:test:    ✓ monorepo (2)
@master/css-language-server:test:      ✓ uses a resolved workspace Master CSS manifest when available 2113ms
@master/css-language-server:test:      ✓ uses a resolved workspace Master CSS runtime when available 2307ms
@master/css-language-server:test:    ✓ uses the bundled manifest when workspace packages are missing 1803ms
@master/css-language-server:test:    ✓ falls back to the bundled runtime when workspace packages are missing 1505ms
@master/css-mcp:test: Built /Users/aron/master/css/packages/binding/artifacts/mastercss.node
@master/css-mcp:test: Built /Users/aron/master/css/packages/binding/artifacts/mcss
@master/css-compiler:test: [success] index.html 6 classes inserted in 1.1ms 
@master/css-vite:test: stdout | tests/plugins/bug-hunt-imported-sass-original-maps.test.ts > imported Sass maps original file and token: css / sass / partial=false / mapped / serve
@master/css-vite:test: {"rootExtension":"css","syntax":"sass","partial":false,"addition":"mapped","command":"serve","diagnostic":{"version":2,"code":"invalid-compose-class","domain":"compiler","severity":"error","message":"Invalid @compose class: unknown-utility","source":"/private/tmp/master-css-original-import-map-PP550b/nested/child.sass","range":{"start":{"line":3,"character":11},"end":{"line":3,"character":26}}},"additionalDataCalls":["/private/tmp/master-css-original-import-map-PP550b/nested/child.sass"]}
@master/css-vite:test: 
@master/css-mcp:test: (!) Your Vite config uses features that are unsupported by `configLoader: 'native'`, which is planned to become the default in a future major version of Vite:
@master/css-mcp:test:   - import "../../shared/vitest.config" without a file extension (vitest.config.ts:2:20). Add the file extension
@master/css-mcp:test:   - import "./vitest-ci-config" without a file extension (../../shared/vitest.config.ts:2:58). Add the file extension
@master/css-mcp:test: Set `VITE_CONFIG_NATIVE_IGNORE_WARNING=true` to suppress this warning.
@master/css-mcp:test: 
@master/css-mcp:test:  RUN  v5.0.0 /Users/aron/master/css/packages/mcp
@master/css-mcp:test: 
@master/css-compiler:test: [success] index.html 5 classes inserted in 0.5ms 
@master/css-mcp:test:  ✓ tests/bug-hunt-preview-bytes.test.ts (5 tests) 166ms
@master/css-mcp:test:  ✓ tests/bug-hunt-preview-concurrency.test.ts (10 tests) 324ms
@master/css-language-server:test:  ✓ tests/semantic-tokens.test.ts (8 tests) 9709ms
@master/css-language-server:test:    ✓ basic (4)
@master/css-language-server:test:      ✓ returns active semantic tokens for the class at a position 1780ms
@master/css-language-server:test:      ✓ returns CSS directive class-list semantic tokens in active mode 2542ms
@master/css-language-server:test:      ✓ returns no document semantic tokens for native CSS-only documents 1703ms
@master/css-language-server:test:    ✓ basic (2)
@master/css-language-server:test:      ✓ returns full semantic tokens for opened documents 1487ms
@master/css-language-server:test:    ✓ basic (2)
@master/css-language-server:test:      ✓ returns CSS directive class-list semantic tokens when highlighting is off 2058ms
@master/css-vscode:type-check: cache bypass, force executing 0cbacbbc44269a13
@master/css-vscode:type-check: $ tsc -b tsconfig.typecheck.json
@master/css-vscode:lint: cache bypass, force executing 2ec212919af68bae
@master/css-vite:test: stdout | tests/plugins/bug-hunt-imported-sass-original-maps.test.ts > imported Sass maps original file and token: css / sass / partial=true / identity / build
@master/css-vite:test: {"rootExtension":"css","syntax":"sass","partial":true,"addition":"identity","command":"build","diagnostic":{"version":2,"code":"invalid-compose-class","domain":"compiler","severity":"error","message":"Invalid @compose class: unknown-utility","source":"/private/tmp/master-css-original-import-map-1wcmkI/nested/_bad.sass","range":{"start":{"line":3,"character":11},"end":{"line":3,"character":26}}},"additionalDataCalls":["/private/tmp/master-css-original-import-map-1wcmkI/nested/child.sass"]}
@master/css-vite:test: 
@master/css-vscode:lint: $ eslint
@master/css-vite:test: stdout | tests/plugins/bug-hunt-imported-sass-original-maps.test.ts > imported Sass maps original file and token: css / sass / partial=true / identity / serve
@master/css-vite:test: {"rootExtension":"css","syntax":"sass","partial":true,"addition":"identity","command":"serve","diagnostic":{"version":2,"code":"invalid-compose-class","domain":"compiler","severity":"error","message":"Invalid @compose class: unknown-utility","source":"/private/tmp/master-css-original-import-map-Zbb9NW/nested/_bad.sass","range":{"start":{"line":3,"character":11},"end":{"line":3,"character":26}}},"additionalDataCalls":["/private/tmp/master-css-original-import-map-Zbb9NW/nested/child.sass"]}
@master/css-vite:test: 
@master/css-vite:test: stdout | tests/plugins/bug-hunt-imported-sass-original-maps.test.ts > imported Sass maps original file and token: css / sass / partial=true / string / build
@master/css-vite:test: {"rootExtension":"css","syntax":"sass","partial":true,"addition":"string","command":"build","diagnostic":{"version":2,"code":"invalid-compose-class","domain":"compiler","severity":"error","message":"Invalid @compose class: unknown-utility","source":"/private/tmp/master-css-original-import-map-gV5h6U/nested/_bad.sass","range":{"start":{"line":3,"character":11},"end":{"line":3,"character":26}}},"additionalDataCalls":[]}
@master/css-vite:test: 
@master/css-language-service:test:  ✓ tests/get-class-position/test.ts (13 tests) 20946ms
@master/css-language-service:test:    ✓ empty class with single quotes 7979ms
@master/css-language-service:test:    ✓ empty class with double quotes 7979ms
@master/css-language-service:test:    ✓ one class 7979ms
@master/css-language-service:test:    ✓ two classes 7979ms
@master/css-language-service:test:    ✓ full-width spaces are part of the class token 7979ms
@master/css-language-service:test:    ✓ valid classes 8218ms
@master/css-language-service:test:    ✓ class in CSS @compose 8218ms
@master/css-language-service:test:    ✓ class in Vue style @compose 8218ms
@master/css-language-service:test:    ✓ ignores quoted CSS @compose classes 8218ms
@master/css-language-service:test:    ✓ quote in class 8217ms
@master/css-language-service:test:    ✓ group syntax 4748ms
@master/css-language-service:test:    ✓ ignores class attributes inside HTML comments 4748ms
@master/css-language-service:test:    ✓ nested strings and literals 4748ms
@master/css-vscode:test: cache bypass, force executing 8aae75850c15ada0
@master/css-vscode:test: $ cargo xtask build-native && vitest
@master/css-vscode:test:     Finished `dev` profile [unoptimized + debuginfo] target(s) in 0.09s
@master/css-vscode:test:      Running `/Users/aron/master/css/target/debug/xtask build-native`
@master/css-compiler:test:  ✓ tests/bug-hunt-delivery-output-modes.test.ts (17 tests) 61100ms
@master/css-compiler:test:    ✓ BH-0004 standalone output preserve=false/native=false/base=false/generated=false 3559ms
@master/css-compiler:test:    ✓ BH-0004 standalone output preserve=false/native=false/base=false/generated=true 4582ms
@master/css-compiler:test:    ✓ BH-0004 standalone output preserve=false/native=false/base=true/generated=false 4339ms
@master/css-compiler:test:    ✓ BH-0004 standalone output preserve=false/native=false/base=true/generated=true 4315ms
@master/css-compiler:test:    ✓ BH-0004 standalone output preserve=false/native=true/base=false/generated=false 4049ms
@master/css-compiler:test:    ✓ BH-0004 standalone output preserve=false/native=true/base=false/generated=true 3560ms
@master/css-compiler:test:    ✓ BH-0004 standalone output preserve=false/native=true/base=true/generated=false 3379ms
@master/css-compiler:test:    ✓ BH-0004 standalone output preserve=false/native=true/base=true/generated=true 3025ms
@master/css-compiler:test:    ✓ BH-0004 standalone output preserve=true/native=false/base=false/generated=false 3108ms
@master/css-compiler:test:    ✓ BH-0004 standalone output preserve=true/native=false/base=false/generated=true 3125ms
@master/css-compiler:test:    ✓ BH-0004 standalone output preserve=true/native=false/base=true/generated=false 2957ms
@master/css-compiler:test:    ✓ BH-0004 standalone output preserve=true/native=false/base=true/generated=true 2943ms
@master/css-compiler:test:    ✓ BH-0004 standalone output preserve=true/native=true/base=false/generated=false 3534ms
@master/css-compiler:test:    ✓ BH-0004 standalone output preserve=true/native=true/base=false/generated=true 3150ms
@master/css-compiler:test:    ✓ BH-0004 standalone output preserve=true/native=true/base=true/generated=false 2879ms
@master/css-compiler:test:    ✓ BH-0004 standalone output preserve=true/native=true/base=true/generated=true 3613ms
@master/css-compiler:test:    ✓ BH-0004 native/Wasm select native output without losing manifest definitions or local links 4978ms
@master/css-mcp:test:  ✓ tests/bug-hunt-byte-surfaces.test.ts (2 tests) 3934ms
@master/css-mcp:test:    ✓ BH-0020 directive formatting reports UTF-8 sizes in content and file previews 3485ms
@master/css-mcp:test:    ✓ BH-0020 rendered CSS bytes count UTF-8 Unicode output 448ms
@master/css-vite:test: stdout | tests/plugins/bug-hunt-imported-sass-original-maps.test.ts > imported Sass maps original file and token: css / sass / partial=true / string / serve
@master/css-vite:test: {"rootExtension":"css","syntax":"sass","partial":true,"addition":"string","command":"serve","diagnostic":{"version":2,"code":"invalid-compose-class","domain":"compiler","severity":"error","message":"Invalid @compose class: unknown-utility","source":"/private/tmp/master-css-original-import-map-luxgHX/nested/_bad.sass","range":{"start":{"line":3,"character":11},"end":{"line":3,"character":26}}},"additionalDataCalls":[]}
@master/css-vite:test: 
@master/css-language-service:test:  ✓ tests/get-class-position/svelte.test.ts (14 tests) 22214ms
@master/css-language-service:test:    ✓ empty class with single quotes 8292ms
@master/css-language-service:test:    ✓ empty class with double quotes 8292ms
@master/css-language-service:test:    ✓ one class 8292ms
@master/css-language-service:test:    ✓ two classes 8292ms
@master/css-language-service:test:    ✓ full-width spaces are part of the class token 8292ms
@master/css-language-service:test:    ✓ valid classes 8196ms
@master/css-language-service:test:    ✓ class in CSS @compose 8196ms
@master/css-language-service:test:    ✓ class in Vue style @compose 8196ms
@master/css-language-service:test:    ✓ ignores quoted CSS @compose classes 8196ms
@master/css-language-service:test:    ✓ quote in class 8196ms
@master/css-language-service:test:    ✓ group syntax 5720ms
@master/css-language-service:test:    ✓ ignores class attributes inside HTML comments 5720ms
@master/css-language-service:test:    ✓ nested strings and literals 5720ms
@master/css-language-service:test:    ✓ class in ternary operator 5720ms
@master/css-vscode:test:     Finished `dev` profile [unoptimized + debuginfo] target(s) in 0.20s
@master/css-vscode:test: Built /Users/aron/master/css/packages/binding/artifacts/mastercss.node
@master/css-vscode:test: Built /Users/aron/master/css/packages/binding/artifacts/mcss
@master/css-vscode:test: (!) Your Vite config uses features that are unsupported by `configLoader: 'native'`, which is planned to become the default in a future major version of Vite:
@master/css-vscode:test:   - import "../../shared/vitest.config" without a file extension (vitest.config.ts:2:20). Add the file extension
@master/css-vscode:test:   - import "./vitest-ci-config" without a file extension (../../shared/vitest.config.ts:2:58). Add the file extension
@master/css-vscode:test: Set `VITE_CONFIG_NATIVE_IGNORE_WARNING=true` to suppress this warning.
@master/css-vscode:test: 
@master/css-vscode:test:  RUN  v5.0.0 /Users/aron/master/css/packages/vscode
@master/css-vscode:test: 
@master/css-vite:test: stdout | tests/plugins/bug-hunt-imported-sass-original-maps.test.ts > imported Sass maps original file and token: css / sass / partial=true / mapped / build
@master/css-vite:test: {"rootExtension":"css","syntax":"sass","partial":true,"addition":"mapped","command":"build","diagnostic":{"version":2,"code":"invalid-compose-class","domain":"compiler","severity":"error","message":"Invalid @compose class: unknown-utility","source":"/private/tmp/master-css-original-import-map-VI31KT/nested/_bad.sass","range":{"start":{"line":3,"character":11},"end":{"line":3,"character":26}}},"additionalDataCalls":["/private/tmp/master-css-original-import-map-VI31KT/nested/child.sass"]}
@master/css-vite:test: 
@master/css-language-service:test:  ✓ tests/get-class-position/astro.test.ts (15 tests) 23925ms
@master/css-language-service:test:    ✓ empty class with single quotes 8266ms
@master/css-language-service:test:    ✓ empty class with double quotes 8266ms
@master/css-language-service:test:    ✓ one class 8266ms
@master/css-language-service:test:    ✓ two classes 8266ms
@master/css-language-service:test:    ✓ full-width spaces are part of the class token 8266ms
@master/css-language-service:test:    ✓ valid classes 8031ms
@master/css-language-service:test:    ✓ class in CSS @compose 8031ms
@master/css-language-service:test:    ✓ class in Vue style @compose 8031ms
@master/css-language-service:test:    ✓ ignores quoted CSS @compose classes 8031ms
@master/css-language-service:test:    ✓ quote in class 8031ms
@master/css-language-service:test:    ✓ group syntax 7626ms
@master/css-language-service:test:    ✓ ignores class attributes inside HTML comments 7626ms
@master/css-language-service:test:    ✓ nested strings and literals 7626ms
@master/css-language-service:test:    ✓ class in ternary operator 7626ms
@master/css-language-service:test:    ✓ mixed class assignment formats 7626ms
@master/css-language-service:test:  ✓ tests/get-class-position/unescape.test.ts (15 tests) 24777ms
@master/css-language-service:test:    ✓ empty class with single quotes 8397ms
@master/css-language-service:test:    ✓ empty class with double quotes 8397ms
@master/css-language-service:test:    ✓ one class 8397ms
@master/css-language-service:test:    ✓ two classes 8397ms
@master/css-language-service:test:    ✓ full-width spaces are part of the class token 8397ms
@master/css-language-service:test:    ✓ valid classes 8490ms
@master/css-language-service:test:    ✓ class in CSS @compose 8490ms
@master/css-language-service:test:    ✓ class in Vue style @compose 8490ms
@master/css-language-service:test:    ✓ ignores quoted CSS @compose classes 8490ms
@master/css-language-service:test:    ✓ quote in class 8490ms
@master/css-language-service:test:    ✓ group syntax 7850ms
@master/css-language-service:test:    ✓ ignores class attributes inside HTML comments 7850ms
@master/css-language-service:test:    ✓ nested strings and literals 7849ms
@master/css-language-service:test:    ✓ single quote 7849ms
@master/css-language-service:test:    ✓ escaped backticks 7849ms
@master/css-language-service:test:  ✓ tests/render-semantic-tokens.test.ts (15 tests) 24578ms
@master/css-language-service:test:    ✓ renders semantic tokens for class attributes 8253ms
@master/css-language-service:test:    ✓ renders semantic tokens for CSS-like values 8253ms
@master/css-language-service:test:    ✓ renders semantic tokens for vendor-prefixed native declarations 8253ms
@master/css-language-service:test:    ✓ renders semantic tokens for container queries and slash-separated string values 8253ms
@master/css-language-service:test:    ✓ renders semantic tokens for internal styles dogfood directives 8253ms
@master/css-language-service:test:    ✓ renders semantic tokens for grouped declarations, strings, units, and important marks 8752ms
@master/css-language-service:test:    ✓ renders native-aligned semantic tokens for grouped classes with selector suffixes 8752ms
@master/css-language-service:test:    ✓ renders semantic tokens only for CSS directive class-list spans 8752ms
@master/css-language-service:test:    ✓ does not render semantic tokens for theme directive declarations 8752ms
@master/css-language-service:test:    ✓ renders semantic tokens only for compose class lists inside managed definition directives 8752ms
@master/css-language-service:test:    ✓ renders CSS directive ranges with quoted semicolons 7572ms
@master/css-language-service:test:    ✓ does not tokenize quoted compose preludes as class lists 7572ms
@master/css-language-service:test:    ✓ does not render semantic tokens for custom variant directive syntax 7572ms
@master/css-language-service:test:    ✓ does not render inline theme modifier semantic tokens 7572ms
@master/css-language-service:test:    ✓ does not render non-entry @master at-rules as CSS directives 7572ms
@master/css-language-server:test:  ✓ tests/diagnostics.test.ts (9 tests) 17757ms
@master/css-language-server:test:    ✓ basic (6)
@master/css-language-server:test:      ✓ publishes exact @compose class diagnostics in CSS documents 2353ms
@master/css-language-server:test:      ✓ publishes exact @compose class diagnostics in SFC style blocks 2248ms
@master/css-language-server:test:      ✓ locates SFC diagnostics after matching attribute text 1945ms
@master/css-language-server:test:      ✓ preserves UTF-16 offsets in Svelte style fragments 2146ms
@master/css-language-server:test:      ✓ publishes quoted @compose syntax diagnostics 1706ms
@master/css-language-server:test:      ✓ publishes grouped @compose syntax diagnostics 1733ms
@master/css-language-server:test:    ✓ missing-workspace (1)
@master/css-language-server:test:      ✓ does not report manifest errors when discovery found no entries 2006ms
@master/css-language-server:test:    ✓ invalid-manifest (2)
@master/css-language-server:test:      ✓ publishes manifest loading diagnostics 1989ms
@master/css-language-server:test:      ✓ maps structured manifest diagnostics without parsing the error message 1532ms
@master/css-language-server:test: 
@master/css-language-server:test:  Test Files  9 passed (9)
@master/css-language-server:test:       Tests  42 passed (42)
@master/css-language-server:test:    Start at  13:55:02
@master/css-language-server:test:    Duration  20.79s (tests 72%, transform 22%, import 6%)
@master/css-language-server:test: 
@master/css-vite:test: stdout | tests/plugins/bug-hunt-imported-sass-original-maps.test.ts > imported Sass maps original file and token: css / sass / partial=true / mapped / serve
@master/css-vite:test: {"rootExtension":"css","syntax":"sass","partial":true,"addition":"mapped","command":"serve","diagnostic":{"version":2,"code":"invalid-compose-class","domain":"compiler","severity":"error","message":"Invalid @compose class: unknown-utility","source":"/private/tmp/master-css-original-import-map-wn8rdr/nested/_bad.sass","range":{"start":{"line":3,"character":11},"end":{"line":3,"character":26}}},"additionalDataCalls":["/private/tmp/master-css-original-import-map-wn8rdr/nested/child.sass"]}
@master/css-vite:test: 
@master/css-language-service:test:  ✓ tests/get-class-position/assignments.test.ts (16 tests) 25168ms
@master/css-language-service:test:    ✓ empty class with single quotes 8438ms
@master/css-language-service:test:    ✓ empty class with double quotes 8438ms
@master/css-language-service:test:    ✓ one class 8438ms
@master/css-language-service:test:    ✓ two classes 8438ms
@master/css-language-service:test:    ✓ full-width spaces are part of the class token 8438ms
@master/css-language-service:test:    ✓ valid classes 7546ms
@master/css-language-service:test:    ✓ class in CSS @compose 7546ms
@master/css-language-service:test:    ✓ class in Vue style @compose 7546ms
@master/css-language-service:test:    ✓ ignores quoted CSS @compose classes 7546ms
@master/css-language-service:test:    ✓ quote in class 7546ms
@master/css-language-service:test:    ✓ group syntax 7575ms
@master/css-language-service:test:    ✓ ignores class attributes inside HTML comments 7575ms
@master/css-language-service:test:    ✓ nested strings and literals 7575ms
@master/css-language-service:test:    ✓ clsx 7575ms
@master/css-language-service:test:    ✓ styled 7575ms
@master/css-language-service:test:    ✓ escaped single quotes 1606ms
@master/css-language-service:test:  ✓ tests/get-class-position/styled.test.ts (16 tests) 25238ms
@master/css-language-service:test:    ✓ empty class with single quotes 7924ms
@master/css-language-service:test:    ✓ empty class with double quotes 7924ms
@master/css-language-service:test:    ✓ one class 7924ms
@master/css-language-service:test:    ✓ two classes 7924ms
@master/css-language-service:test:    ✓ full-width spaces are part of the class token 7924ms
@master/css-language-service:test:    ✓ valid classes 8257ms
@master/css-language-service:test:    ✓ class in CSS @compose 8257ms
@master/css-language-service:test:    ✓ class in Vue style @compose 8257ms
@master/css-language-service:test:    ✓ ignores quoted CSS @compose classes 8257ms
@master/css-language-service:test:    ✓ quote in class 8257ms
@master/css-language-service:test:    ✓ group syntax 7398ms
@master/css-language-service:test:    ✓ ignores class attributes inside HTML comments 7398ms
@master/css-language-service:test:    ✓ nested strings and literals 7398ms
@master/css-language-service:test:    ✓ styled template literal 7398ms
@master/css-language-service:test:    ✓ styled template literal and new lines 7398ms
@master/css-language-service:test:    ✓ styled invoked 1652ms
@master/css-vscode:test:  ✓ tests/release-scripts.test.js (6 tests) 1978ms
@master/css-vscode:test:    ✓ release dry run reports Azure credential authentication 1966ms
@master/css-vscode:test:  ✓ tests/textmate-grammar.test.js (9 tests) 1566ms
@master/css-vscode:test:    ✓ does not change native CSS TextMate scopes when injected 916ms
@master/css-vscode:test:    ✓ highlights keyframes nested inside theme directives with native CSS scopes 335ms
@master/css-language-service:test:  ✓ tests/render-css-semantic-tokens.test.ts (16 tests) 25719ms
@master/css-language-service:test:    ✓ does not render semantic tokens for native CSS-only documents 8352ms
@master/css-language-service:test:    ✓ renders CSS document semantic tokens only inside directive class-list ranges 8351ms
@master/css-language-service:test:    ✓ renders CSS directives in SCSS-like sources 8351ms
@master/css-language-service:test:    ✓ renders detailed CSS directive semantic tokens only for class-list syntax 8350ms
@master/css-language-service:test:    ✓ renders CSS directives in LESS-like sources 8350ms
@master/css-language-service:test:    ✓ does not synthesize a closing directive brace for incomplete CSS blocks 7849ms
@master/css-language-service:test:    ✓ shares class position detection with semantic token spans 7849ms
@master/css-language-service:test:    ✓ renders active semantic tokens for the class context at a position 7849ms
@master/css-language-service:test:    ✓ renders active semantic tokens for a class context when the cursor is on whitespace 7849ms
@master/css-language-service:test:    ✓ renders active semantic tokens only for the current class string context 7849ms
@master/css-language-service:test:    ✓ skips full embedded semantic tokens in active mode 7879ms
@master/css-language-service:test:    ✓ does not render active semantic tokens for CSS directive syntax at a position 7879ms
@master/css-language-service:test:    ✓ renders active semantic tokens for CSS directive class-list spans 7879ms
@master/css-language-service:test:    ✓ does not render active semantic tokens for custom variant blocks 7879ms
@master/css-language-service:test:    ✓ skips embedded semantic tokens when syntax highlighting is off 7879ms
@master/css-language-service:test:    ✓ renders CSS directive class-list semantic tokens when embedded highlighting is off 1634ms
@master/css-compiler:test:  ✓ tests/bug-hunt-default-collection-graphs.test.ts (19 tests) 65234ms
@master/css-compiler:test:    ✓ BH-0004 default graph output preserve=false/native=false/base=false/generated=false 4945ms
@master/css-compiler:test:    ✓ BH-0004 default graph output preserve=false/native=false/base=false/generated=true 4333ms
@master/css-compiler:test:    ✓ BH-0004 default graph output preserve=false/native=false/base=true/generated=false 3980ms
@master/css-compiler:test:    ✓ BH-0004 default graph output preserve=false/native=false/base=true/generated=true 4199ms
@master/css-compiler:test:    ✓ BH-0004 default graph output preserve=false/native=true/base=false/generated=false 4021ms
@master/css-compiler:test:    ✓ BH-0004 default graph output preserve=false/native=true/base=false/generated=true 3670ms
@master/css-compiler:test:    ✓ BH-0004 default graph output preserve=false/native=true/base=true/generated=false 3250ms
@master/css-compiler:test:    ✓ BH-0004 default graph output preserve=false/native=true/base=true/generated=true 3012ms
@master/css-compiler:test:    ✓ BH-0004 default graph output preserve=true/native=false/base=false/generated=false 3127ms
@master/css-compiler:test:    ✓ BH-0004 default graph output preserve=true/native=false/base=false/generated=true 3381ms
@master/css-compiler:test:    ✓ BH-0004 default graph output preserve=true/native=false/base=true/generated=false 2814ms
@master/css-compiler:test:    ✓ BH-0004 default graph output preserve=true/native=false/base=true/generated=true 2959ms
@master/css-compiler:test:    ✓ BH-0004 default graph output preserve=true/native=true/base=false/generated=false 3057ms
@master/css-compiler:test:    ✓ BH-0004 default graph output preserve=true/native=true/base=false/generated=true 3453ms
@master/css-compiler:test:    ✓ BH-0004 default graph output preserve=true/native=true/base=true/generated=false 3201ms
@master/css-compiler:test:    ✓ BH-0004 default graph output preserve=true/native=true/base=true/generated=true 3171ms
@master/css-compiler:test:    ✓ BH-0004 default graph composes separate entries with child-owned references and definitions 6264ms
@master/css-compiler:test:    ✓ BH-0004 default graph preserves unpruned native rules plain stylesheet 1199ms
@master/css-compiler:test:    ✓ BH-0004 default graph preserves unpruned native rules @master entry;@preserve native; 1195ms
@master/css-vite:test: stdout | tests/plugins/bug-hunt-imported-sass-original-maps.test.ts > imported Sass maps original file and token: scss / scss / partial=false / identity / build
@master/css-vite:test: {"rootExtension":"scss","syntax":"scss","partial":false,"addition":"identity","command":"build","diagnostic":{"version":2,"code":"invalid-compose-class","domain":"compiler","severity":"error","message":"Invalid @compose class: unknown-utility","source":"/private/tmp/master-css-original-import-map-F1cnQs/nested/child.scss","range":{"start":{"line":3,"character":11},"end":{"line":3,"character":26}}},"additionalDataCalls":["/private/tmp/master-css-original-import-map-F1cnQs/style.module.scss","/private/tmp/master-css-original-import-map-F1cnQs/nested/child.scss"]}
@master/css-vite:test: 
@master/css-language-service:test:  ✓ tests/session.test.ts (6 tests) 26881ms
@master/css-language-service:test:    ✓ Rust-backed language service (6)
@master/css-language-service:test:      ✓ uses Rust for document contexts and hover inspection 1802ms
@master/css-language-service:test:      ✓ uses the Rust completion index 10281ms
@master/css-language-service:test:      ✓ does not render static theme modifier semantic tokens 1381ms
@master/css-language-service:test:      ✓ uses the injected runtime default manifest for completions 9786ms
@master/css-language-service:test:      ✓ uses the injected runtime for hover CSS previews 1919ms
@master/css-language-service:test:      ✓ uses the injected runtime variables for document colors 1711ms
@master/css-vscode:test:  ✓ tests/server-bundle.test.js (16 tests) 3259ms
@master/css-vscode:test:    ✓ extension bundle reuses one Master CSS output channel for the language client 2041ms
@master/css-vscode:test: 
@master/css-vscode:test:  Test Files  3 passed (3)
@master/css-vscode:test:       Tests  31 passed (31)
@master/css-vscode:test:    Start at  13:55:21
@master/css-vscode:test:    Duration  4.28s (tests 77%, transform 16%, import 7%)
@master/css-vscode:test: 
@master/css-vite:test: stdout | tests/plugins/bug-hunt-imported-sass-original-maps.test.ts > imported Sass maps original file and token: scss / scss / partial=false / identity / serve
@master/css-vite:test: {"rootExtension":"scss","syntax":"scss","partial":false,"addition":"identity","command":"serve","diagnostic":{"version":2,"code":"invalid-compose-class","domain":"compiler","severity":"error","message":"Invalid @compose class: unknown-utility","source":"/private/tmp/master-css-original-import-map-u470wQ/nested/child.scss","range":{"start":{"line":3,"character":11},"end":{"line":3,"character":26}}},"additionalDataCalls":["/private/tmp/master-css-original-import-map-u470wQ/style.module.scss","/private/tmp/master-css-original-import-map-u470wQ/nested/child.scss"]}
@master/css-vite:test: 
@master/css-language-service:test:  ✓ tests/get-class-position/strings.test.ts (17 tests) 27661ms
@master/css-language-service:test:    ✓ empty class with single quotes 8256ms
@master/css-language-service:test:    ✓ empty class with double quotes 8255ms
@master/css-language-service:test:    ✓ one class 8255ms
@master/css-language-service:test:    ✓ two classes 8255ms
@master/css-language-service:test:    ✓ full-width spaces are part of the class token 8255ms
@master/css-language-service:test:    ✓ valid classes 8576ms
@master/css-language-service:test:    ✓ class in CSS @compose 8575ms
@master/css-language-service:test:    ✓ class in Vue style @compose 8575ms
@master/css-language-service:test:    ✓ ignores quoted CSS @compose classes 8575ms
@master/css-language-service:test:    ✓ quote in class 8575ms
@master/css-language-service:test:    ✓ group syntax 7526ms
@master/css-language-service:test:    ✓ ignores class attributes inside HTML comments 7526ms
@master/css-language-service:test:    ✓ nested strings and literals 7526ms
@master/css-language-service:test:    ✓ var (3)
@master/css-language-service:test:      ✓ configured class declaration with double quotes 3106ms
@master/css-language-service:test:      ✓ configured class declaration with single quotes 3106ms
@master/css-language-service:test:      ✓ configured class declaration with literals 3301ms
@master/css-language-service:test:    ✓ object (1)
@master/css-language-service:test:      ✓ configured class declaration property with double quotes 3301ms
@master/css-language-service:test:  ✓ tests/get-class-position/vue.test.ts (18 tests) 28216ms
@master/css-language-service:test:    ✓ empty class with single quotes 7979ms
@master/css-language-service:test:    ✓ empty class with double quotes 7978ms
@master/css-language-service:test:    ✓ one class 7978ms
@master/css-language-service:test:    ✓ two classes 7978ms
@master/css-language-service:test:    ✓ full-width spaces are part of the class token 7978ms
@master/css-language-service:test:    ✓ valid classes 8160ms
@master/css-language-service:test:    ✓ class in CSS @compose 8160ms
@master/css-language-service:test:    ✓ class in Vue style @compose 8160ms
@master/css-language-service:test:    ✓ ignores quoted CSS @compose classes 8160ms
@master/css-language-service:test:    ✓ quote in class 8160ms
@master/css-language-service:test:    ✓ group syntax 7448ms
@master/css-language-service:test:    ✓ ignores class attributes inside HTML comments 7448ms
@master/css-language-service:test:    ✓ nested strings and literals 7448ms
@master/css-language-service:test:    ✓ class in class array 7448ms
@master/css-language-service:test:    ✓ class in object syntax 7448ms
@master/css-language-service:test:    ✓ class in ternary operator 4628ms
@master/css-language-service:test:    ✓ class in v-bind 4628ms
@master/css-language-service:test:    ✓ multiple :class assignments 4628ms
@master/css-vite:test: stdout | tests/plugins/bug-hunt-imported-sass-original-maps.test.ts > imported Sass maps original file and token: scss / scss / partial=false / string / build
@master/css-vite:test: {"rootExtension":"scss","syntax":"scss","partial":false,"addition":"string","command":"build","diagnostic":{"version":2,"code":"invalid-compose-class","domain":"compiler","severity":"error","message":"Invalid @compose class: unknown-utility","source":"/private/tmp/master-css-original-import-map-CV8ink/nested/child.scss","range":{"start":{"line":3,"character":11},"end":{"line":3,"character":26}}},"additionalDataCalls":[]}
@master/css-vite:test: 
@master/css-vite:test: stdout | tests/plugins/bug-hunt-imported-sass-original-maps.test.ts > imported Sass maps original file and token: scss / scss / partial=false / string / serve
@master/css-vite:test: {"rootExtension":"scss","syntax":"scss","partial":false,"addition":"string","command":"serve","diagnostic":{"version":2,"code":"invalid-compose-class","domain":"compiler","severity":"error","message":"Invalid @compose class: unknown-utility","source":"/private/tmp/master-css-original-import-map-bWByJ2/nested/child.scss","range":{"start":{"line":3,"character":11},"end":{"line":3,"character":26}}},"additionalDataCalls":[]}
@master/css-vite:test: 
@master/css-language-service:test:  ✓ tests/suggest-syntax/completion-cache.test.ts (3 tests) 32228ms
@master/css-language-service:test:    ✓ returns fresh class completion items from cached skeletons 32225ms
@master/css-language-service:test:    ✓ does not leak selector insertText mutations between requests 32225ms
@master/css-language-service:test:    ✓ documentation CSS generation does not mutate language service state 32225ms
@master/css-vite:test: stdout | tests/plugins/bug-hunt-imported-sass-original-maps.test.ts > imported Sass maps original file and token: scss / scss / partial=false / mapped / build
@master/css-vite:test: {"rootExtension":"scss","syntax":"scss","partial":false,"addition":"mapped","command":"build","diagnostic":{"version":2,"code":"invalid-compose-class","domain":"compiler","severity":"error","message":"Invalid @compose class: unknown-utility","source":"/private/tmp/master-css-original-import-map-1pGCWt/nested/child.scss","range":{"start":{"line":3,"character":11},"end":{"line":3,"character":26}}},"additionalDataCalls":["/private/tmp/master-css-original-import-map-1pGCWt/style.module.scss","/private/tmp/master-css-original-import-map-1pGCWt/nested/child.scss"]}
@master/css-vite:test: 
@master/css-compiler:test:  ✓ tests/bug-hunt-compiled-stylesheets.test.ts (22 tests) 73328ms
@master/css-compiler:test:    ✓ BH-0004 compiled stylesheet boundaries: external-first 338ms
@master/css-compiler:test:    ✓ BH-0004 compiled stylesheet boundaries: external-last 5395ms
@master/css-compiler:test:    ✓ BH-0004 compiled stylesheet boundaries: same-layer 4868ms
@master/css-compiler:test:    ✓ BH-0004 compiled stylesheet boundaries: different-layers 3977ms
@master/css-compiler:test:    ✓ BH-0004 compiled stylesheet boundaries: predeclared-layers 4465ms
@master/css-compiler:test:    ✓ BH-0004 compiled stylesheet boundaries: conditional-local 4004ms
@master/css-compiler:test:    ✓ BH-0004 compiled stylesheet boundaries: nested-plain 3414ms
@master/css-compiler:test:    ✓ BH-0004 compiled stylesheet boundaries: nested-named 3509ms
@master/css-compiler:test:    ✓ BH-0004 compiled stylesheet boundaries: nested-anonymous 2937ms
@master/css-compiler:test:    ✓ BH-0004 compiled stylesheet boundaries: nested-supports-media 2927ms
@master/css-compiler:test:    ✓ BH-0004 compiled stylesheet boundaries: external-last-important 3486ms
@master/css-compiler:test:    ✓ BH-0004 compiled stylesheet boundaries: different-layers-important 3109ms
@master/css-compiler:test:    ✓ BH-0004 compiled stylesheet boundaries: nested-shared-anonymous-important 3464ms
@master/css-compiler:test:    ✓ BH-0004 compiled stylesheet boundaries: repeated-anonymous 3153ms
@master/css-compiler:test:    ✓ BH-0004 compiled stylesheet boundaries: nested-negated-media 3736ms
@master/css-compiler:test:    ✓ BH-0004 compiled stylesheet boundaries: nested-media-lists 2976ms
@master/css-compiler:test:    ✓ BH-0004 compiled stylesheet boundaries: false-supports-layer 3058ms
@master/css-compiler:test:    ✓ BH-0004 compiled stylesheet boundaries: anonymous-before-named 3456ms
@master/css-compiler:test:    ✓ BH-0004 shared finalized manifest resolves child compose and revives extraction patterns 2562ms
@master/css-compiler:test:    ✓ BH-0004 graph compilation reports missing delivery URLs and disposed sessions 3097ms
@master/css-compiler:test:    ✓ BH-0004 reference context is explicit and is not merged into the emitted manifest 2679ms
@master/css-compiler:test:    ✓ BH-0004 native/Wasm agree on explicitly scoped sibling resource delivery 2707ms
@master/css-compiler:test: 
@master/css-compiler:test:  Test Files  57 passed (57)
@master/css-compiler:test:       Tests  428 passed (428)
@master/css-compiler:test:    Start at  13:54:16
@master/css-compiler:test:    Duration  74.38s (tests 93%, transform 4%, import 3%)
@master/css-compiler:test: 
@master/css-vite:test: stdout | tests/plugins/bug-hunt-imported-sass-original-maps.test.ts > imported Sass maps original file and token: scss / scss / partial=false / mapped / serve
@master/css-vite:test: {"rootExtension":"scss","syntax":"scss","partial":false,"addition":"mapped","command":"serve","diagnostic":{"version":2,"code":"invalid-compose-class","domain":"compiler","severity":"error","message":"Invalid @compose class: unknown-utility","source":"/private/tmp/master-css-original-import-map-LNuEn8/nested/child.scss","range":{"start":{"line":3,"character":11},"end":{"line":3,"character":26}}},"additionalDataCalls":["/private/tmp/master-css-original-import-map-LNuEn8/style.module.scss","/private/tmp/master-css-original-import-map-LNuEn8/nested/child.scss"]}
@master/css-vite:test: 
@master/css-language-service:test:  ✓ tests/rc87-browser.test.ts (5 tests) 6842ms
@master/css-language-service:test:    ✓ collects browser semantic tokens for HTML class attributes 6841ms
@master/css-language-service:test:    ✓ encodes browser role-derived semantic token modifiers 6840ms
@master/css-language-service:test:    ✓ collects browser semantic tokens only for CSS directive class-list spans 6840ms
@master/css-language-service:test:    ✓ does not collect browser semantic tokens for managed syntax without class-list spans 6840ms
@master/css-language-service:test:    ✓ encodes browser semantic tokens 6840ms
@master/css-language-service:test:  ✓ tests/inspect-syntax.test.ts (3 tests) 7855ms
@master/css-language-service:test:    ✓ text-center 7854ms
@master/css-language-service:test:    ✓ hidden 7853ms
@master/css-language-service:test:    ✓ vendor-prefixed native declarations use unprefixed MDN hover syntax 7853ms
@master/css-vite:test: stdout | tests/plugins/bug-hunt-imported-sass-original-maps.test.ts > imported Sass maps original file and token: scss / scss / partial=true / identity / build
@master/css-vite:test: {"rootExtension":"scss","syntax":"scss","partial":true,"addition":"identity","command":"build","diagnostic":{"version":2,"code":"invalid-compose-class","domain":"compiler","severity":"error","message":"Invalid @compose class: unknown-utility","source":"/private/tmp/master-css-original-import-map-vGvkkc/nested/_bad.scss","range":{"start":{"line":3,"character":11},"end":{"line":3,"character":26}}},"additionalDataCalls":["/private/tmp/master-css-original-import-map-vGvkkc/style.module.scss","/private/tmp/master-css-original-import-map-vGvkkc/nested/child.scss"]}
@master/css-vite:test: 
@master/css-language-service:test:  ✓ tests/suggest-syntax/styles.test.ts (2 tests) 8228ms
@master/css-language-service:test:    ✓ info 8227ms
@master/css-language-service:test:    ✓ types btn: and should not hint 8226ms
@master/css-vite:test: stdout | tests/plugins/bug-hunt-imported-sass-original-maps.test.ts > imported Sass maps original file and token: scss / scss / partial=true / identity / serve
@master/css-vite:test: {"rootExtension":"scss","syntax":"scss","partial":true,"addition":"identity","command":"serve","diagnostic":{"version":2,"code":"invalid-compose-class","domain":"compiler","severity":"error","message":"Invalid @compose class: unknown-utility","source":"/private/tmp/master-css-original-import-map-9jAqyv/nested/_bad.scss","range":{"start":{"line":3,"character":11},"end":{"line":3,"character":26}}},"additionalDataCalls":["/private/tmp/master-css-original-import-map-9jAqyv/style.module.scss","/private/tmp/master-css-original-import-map-9jAqyv/nested/child.scss"]}
@master/css-vite:test: 
@master/css-mcp:test:  ✓ tests/bug-hunt-mjs-discovery.test.ts (9 tests) 17784ms
@master/css-mcp:test:    ✓ scan finds ESM source (default) 1106ms
@master/css-mcp:test:    ✓ scan finds ESM source (explicit-mjs) 734ms
@master/css-mcp:test:    ✓ scan finds ESM source (explicit-js) 652ms
@master/css-mcp:test:    ✓ extract finds ESM source (default) 2809ms
@master/css-mcp:test:    ✓ extract finds ESM source (explicit-mjs) 2981ms
@master/css-mcp:test:    ✓ extract finds ESM source (explicit-js) 2331ms
@master/css-mcp:test:    ✓ trace finds ESM source (default) 1965ms
@master/css-mcp:test:    ✓ trace finds ESM source (explicit-mjs) 2495ms
@master/css-mcp:test:    ✓ trace finds ESM source (explicit-js) 2551ms
@master/css-nuxt:test:  ❯ tests/static.test.ts (1 test | 1 failed) 34158ms
@master/css-nuxt:test:    × should contain stylesheet link and CSS with specific class 17ms
@master/css-language-service:test:  ✓ tests/suggest-syntax/keys.test.ts (17 tests) 7704ms
@master/css-language-service:test:    ✓ should not hint selectors 7402ms
@master/css-language-service:test:    ✓ animation delay on invoked 7398ms
@master/css-language-service:test:    ✓ transition delay on invoked 7398ms
@master/css-language-service:test:    ✓ starts with @ 7377ms
@master/css-language-service:test:    ✓ starts with @d 7377ms
@master/css-language-service:test:  ✓ tests/suggest-syntax/animations.test.ts (7 tests) 9197ms
@master/css-language-service:test:    ✓ @ 8167ms
@master/css-language-service:test:    ✓ animate: 8166ms
@master/css-language-service:test:    ✓ animation:fade| 8166ms
@master/css-language-service:test:    ✓ animation: 8166ms
@master/css-language-service:test:    ✓ animation-name: 8166ms
@master/css-language-service:test:    ✓ selector 1007ms
@master/css-language-service:test:    ✓ at 1006ms
@master/css-language-service:test:  ✓ tests/format-directives.test.ts (7 tests) 11719ms
@master/css-language-service:test:    ✓ formats CSS @compose important markers 8901ms
@master/css-language-service:test:    ✓ formats SCSS and LESS directive class lists 8901ms
@master/css-language-service:test:    ✓ formats CSS-family SFC style blocks only 8901ms
@master/css-language-service:test:    ✓ locates SFC style content after matching attribute text 8900ms
@master/css-language-service:test:    ✓ formats safelist quoted class lists 8900ms
@master/css-language-service:test:    ✓ returns no edits when directive formatting is disabled 2816ms
@master/css-language-service:test:    ✓ respects range formatting 2816ms
@master/css-language-service:test:  ✓ tests/suggest-syntax/base.test.ts (6 tests) 10045ms
@master/css-language-service:test:    ✓ types " should hint completions 7335ms
@master/css-language-service:test:    ✓ types   should hint completions 7334ms
@master/css-language-service:test:    ✓ types dynamic enum key should hint enum values 7334ms
@master/css-language-service:test:    ✓ types any trigger character in "" should not hint 1320ms
@master/css-language-service:test:    ✓ types any trigger character in '' should not hint 1389ms
@master/css-language-service:test:  ✓ tests/shiki-session.test.ts (2 tests) 7827ms
@master/css-language-service:test:    ✓ batch classifies unique classes without requesting CSS inspections or disposing a caller session 820ms
@master/css-language-service:test:    ✓ preserves complete HAST across host languages compared with full inspection classification 7006ms
@master/css-language-service:test:  ✓ tests/suggest-syntax/utilities.test.ts (3 tests) 7261ms
@master/css-language-service:test:    ✓ types a 7253ms
@master/css-language-service:test:    ✓ hints semantic utilities 7188ms
@master/css-language-service:test:    ✓ info 7188ms
@master/css-vite:test: stdout | tests/plugins/bug-hunt-imported-sass-original-maps.test.ts > imported Sass maps original file and token: scss / scss / partial=true / string / build
@master/css-vite:test: {"rootExtension":"scss","syntax":"scss","partial":true,"addition":"string","command":"build","diagnostic":{"version":2,"code":"invalid-compose-class","domain":"compiler","severity":"error","message":"Invalid @compose class: unknown-utility","source":"/private/tmp/master-css-original-import-map-ctkGBy/nested/_bad.scss","range":{"start":{"line":3,"character":11},"end":{"line":3,"character":26}}},"additionalDataCalls":[]}
@master/css-vite:test: 
@master/css-language-service:test:  ✓ tests/suggest-syntax/selectors.test.ts (18 tests) 12765ms
@master/css-language-service:test:    ✓ pseudo-class (8)
@master/css-language-service:test:      ✓ : 9689ms
@master/css-language-service:test:      ✓ two 9689ms
@master/css-language-service:test:      ✓ utility 9689ms
@master/css-language-service:test:      ✓ functional labels 9689ms
@master/css-language-service:test:      ✓ should take into account trigger character : 921ms
@master/css-language-service:test:      ✓ should insert functional pseudo-class text without the trigger character 927ms
@master/css-language-service:test:      ✓ should take into account trigger character + 927ms
@master/css-language-service:test:      ✓ info 927ms
@master/css-language-service:test:    ✓ pseudo-element (8)
@master/css-language-service:test:      ✓ :: 920ms
@master/css-language-service:test:      ✓ two 920ms
@master/css-language-service:test:      ✓ utility 920ms
@master/css-language-service:test:      ✓ removed aliases 920ms
@master/css-language-service:test:      ✓ should take into account trigger character : 928ms
@master/css-language-service:test:    ✓ sorting 9694ms
@master/css-language-service:test:    ✓ types _ should hint 1220ms
@master/css-language-service:test:  ✓ tests/suggest-syntax/values.test.ts (22 tests) 36597ms
@master/css-language-service:test:    ✓ should ignore values containing blanks 9565ms
@master/css-language-service:test:    ✓ types | delimiter 9564ms
@master/css-language-service:test:    ✓ types , separator 9564ms
@master/css-language-service:test:    ✓ ends with @ and not to hint values 9564ms
@master/css-language-service:test:    ✓ ends with : and not to hint values 9564ms
@master/css-language-service:test:    ✓ ambiguous (1)
@master/css-language-service:test:      ✓ removed fixed text aliases 776ms
@master/css-language-service:test:    ✓ detail and documentation (2)
@master/css-language-service:test:      ✓ font: 776ms
@master/css-language-service:test:      ✓ font-style: 776ms
@master/css-language-service:test:    ✓ retype on no hints (2)
@master/css-language-service:test:      ✓ "text:c" 776ms
@master/css-language-service:test:      ✓ "display:b" 776ms
@master/css-language-service:test:    ✓ negative values (2)
@master/css-language-service:test:      ✓ should hint negative values 9466ms
@master/css-language-service:test:      ✓ types - to hint number values 9466ms
@master/css-language-service:test:    ✓ key aliases (5)
@master/css-language-service:test:      ✓ radius alias values use canonical radius utility 9466ms
@master/css-language-service:test:      ✓ native value namespace alias values use canonical property namespace 9466ms
@master/css-language-service:test:      ✓ background alias values include raw utility color scopes and native values 9466ms
@master/css-language-service:test:      ✓ CSS @compose background alias values include raw utility color scopes 9006ms
@master/css-language-service:test:      ✓ vendor-prefixed text-size-adjust values use unprefixed syntax data 9006ms
@master/css-language-service:test:    ✓ sorting (4)
@master/css-language-service:test:      ✓ colors 9006ms
@master/css-language-service:test:      ✓ base hue and text color aliases 9006ms
@master/css-language-service:test:      ✓ surface aliases 9006ms
@master/css-language-service:test:      ✓ unitful numeric variables 7766ms
@master/css-language-service:test:    ✓ functions (1)
@master/css-language-service:test:      ✓ functions 7766ms
@master/css:test:  ✓ tests/engine/rust-engine.test.ts (68 tests) 88221ms
@master/css:test:    ✓ Rust engine session (68)
@master/css:test:      ✓ executes semantic engine corpus case engine-basic-order through native and Wasm sessions 680ms
@master/css:test:      ✓ executes semantic engine corpus case engine-basic-order-reversed through native and Wasm sessions 1113ms
@master/css:test:      ✓ executes semantic engine corpus case engine-grouped-declarations through native and Wasm sessions 1423ms
@master/css:test:      ✓ executes semantic engine corpus case engine-selector-condition-layer through native and Wasm sessions 1295ms
@master/css:test:      ✓ executes semantic engine corpus case engine-selector-condition-metadata through native and Wasm sessions 1147ms
@master/css:test:      ✓ executes semantic engine corpus case engine-variable-lifecycle through native and Wasm sessions 939ms
@master/css:test:      ✓ executes semantic engine corpus case engine-inline-theme-variable-dependencies through native and Wasm sessions 537ms
@master/css:test:      ✓ executes semantic engine corpus case engine-emitted-global-variable through native and Wasm sessions 1171ms
@master/css:test:      ✓ executes semantic engine corpus case engine-mode-conditions through native and Wasm sessions 1384ms
@master/css:test:      ✓ executes semantic engine corpus case engine-functions-and-negative-values through native and Wasm sessions 2377ms
@master/css:test:      ✓ executes semantic engine corpus case engine-negative-base-unit-bytes through native and Wasm sessions 2404ms
@master/css:test:      ✓ executes semantic engine corpus case engine-negative-variable-identifier-bytes through native and Wasm sessions 2041ms
@master/css:test:      ✓ executes semantic engine corpus case engine-legacy-pseudo-element-bytes through native and Wasm sessions 2522ms
@master/css:test:      ✓ executes semantic engine corpus case engine-selector-priority-metadata through native and Wasm sessions 2002ms
@master/css:test:      ✓ executes semantic engine corpus case engine-animation-resource-metadata through native and Wasm sessions 1199ms
@master/css:test:      ✓ executes semantic engine corpus case engine-border-radius-aliases through native and Wasm sessions 2448ms
@master/css:test:      ✓ executes semantic engine corpus case engine-pseudo-and-responsive-selectors through native and Wasm sessions 2166ms
@master/css:test:      ✓ executes semantic engine corpus case engine-complex-utility-values through native and Wasm sessions 1577ms
@master/css:test:      ✓ executes semantic engine corpus case engine-responsive-priority through native and Wasm sessions 1830ms
@master/css:test:      ✓ executes semantic engine corpus case engine-rejects-retired-syntax through native and Wasm sessions 1825ms
@master/css:test:      ✓ executes semantic engine corpus case engine-semantic-manifest-layer through native and Wasm sessions 707ms
@master/css:test:      ✓ executes semantic engine corpus case engine-same-class-across-layers through native and Wasm sessions 892ms
@master/css:test:      ✓ executes semantic engine corpus case engine-native-alias-global-variable through native and Wasm sessions 743ms
@master/css:test:      ✓ executes semantic engine corpus case engine-native-alias-warm-session through native and Wasm sessions 1161ms
@master/css:test:      ✓ executes semantic engine corpus case rc87-rule-b34b6305ef89bb24 through native and Wasm sessions 1708ms
@master/css:test:      ✓ executes semantic engine corpus case rc87-rule-7a36e09838ade737 through native and Wasm sessions 1362ms
@master/css:test:      ✓ executes semantic engine corpus case rc87-rule-c04505259861369b through native and Wasm sessions 1362ms
@master/css:test:      ✓ executes semantic engine corpus case rc87-rule-3f25eb2d165c2792 through native and Wasm sessions 1450ms
@master/css:test:      ✓ executes semantic engine corpus case rc87-rule-6d53dce3a8f4a608 through native and Wasm sessions 1578ms
@master/css:test:      ✓ executes semantic engine corpus case rc87-rule-59505396e17bdf8e through native and Wasm sessions 1429ms
@master/css:test:      ✓ executes semantic engine corpus case rc87-rule-5230468339100f6c through native and Wasm sessions 1440ms
@master/css:test:      ✓ executes semantic engine corpus case rc87-rule-f491aa129b9a3a74 through native and Wasm sessions 1741ms
@master/css:test:      ✓ executes semantic engine corpus case rc87-rule-d289666fcc196b64 through native and Wasm sessions 1839ms
@master/css:test:      ✓ executes semantic engine corpus case rc87-rule-8d2ee1e868c38dd6 through native and Wasm sessions 1714ms
@master/css:test:      ✓ executes semantic engine corpus case rc87-rule-fb85c91f2d14846a through native and Wasm sessions 1442ms
@master/css:test:      ✓ executes semantic engine corpus case rc87-rule-afba0d33467fc574 through native and Wasm sessions 1698ms
@master/css:test:      ✓ executes semantic engine corpus case rc87-rule-4d6d766d11fd57af through native and Wasm sessions 1646ms
@master/css:test:      ✓ executes semantic engine corpus case rc87-rule-743a5f3fb61f7d88 through native and Wasm sessions 1508ms
@master/css:test:      ✓ executes semantic engine corpus case rc87-rule-5e304b15af0d12dd through native and Wasm sessions 1923ms
@master/css:test:      ✓ executes semantic engine corpus case rc87-rule-22b7c994c8342eaa through native and Wasm sessions 1673ms
@master/css:test:      ✓ executes semantic engine corpus case rc87-rule-3054317e5047ac84 through native and Wasm sessions 1522ms
@master/css:test:      ✓ executes semantic engine corpus case rc87-rule-afbc5c93d6ab3dc2 through native and Wasm sessions 1393ms
@master/css:test:      ✓ executes semantic engine corpus case rc87-rule-9c9ee122cd4a3bd3 through native and Wasm sessions 1588ms
@master/css:test:      ✓ executes semantic engine corpus case rc87-rule-8a293bcf0d290eb7 through native and Wasm sessions 1877ms
@master/css:test:      ✓ executes semantic engine corpus case rc87-rule-acdce9660356cb28 through native and Wasm sessions 1612ms
@master/css:test:      ✓ executes semantic engine corpus case rc87-rule-9895f7ecdc656497 through native and Wasm sessions 1550ms
@master/css:test:      ✓ executes semantic engine corpus case rc87-rule-4a94dd75caf59534 through native and Wasm sessions 1432ms
@master/css:test:      ✓ executes semantic engine corpus case rc87-rule-2f0ff0b730818d53 through native and Wasm sessions 1432ms
@master/css:test:      ✓ executes semantic engine corpus case rc87-rule-2f7b1c97993db611 through native and Wasm sessions 1594ms
@master/css:test:      ✓ executes semantic engine corpus case rc87-rule-5169d112e4169271 through native and Wasm sessions 1291ms
@master/css:test:      ✓ executes semantic engine corpus case rc87-rule-ff4cac57b6cc0943 through native and Wasm sessions 1336ms
@master/css:test:      ✓ executes semantic engine corpus case rc87-rule-bc7c658b17e46149 through native and Wasm sessions 1144ms
@master/css:test:      ✓ executes semantic engine corpus case rc87-rule-081769c168f88151 through native and Wasm sessions 1300ms
@master/css:test:      ✓ executes semantic engine corpus case rc87-rule-cb69eb9c0c7aad3d through native and Wasm sessions 1268ms
@master/css:test:      ✓ executes semantic engine corpus case rc87-rule-9e6b271a6d859a81 through native and Wasm sessions 1334ms
@master/css:test:      ✓ executes semantic engine corpus case rc87-rule-067aa7686b1c6ef6 through native and Wasm sessions 1360ms
@master/css:test:      ✓ executes semantic engine corpus case rc87-rule-81dae146767af74c through native and Wasm sessions 1329ms
@master/css:test:      ✓ serializes manifests when refreshing a Wasm engine 376ms
@master/css:test:      ✓ registers emitted globals through native and Wasm engines 882ms
@master/css:test:      ✓ preserves descendant selectors across condition-only variants in native and Wasm 675ms
@master/css:test:      ✓ resolves inline dependencies in emitted mode variables in native and Wasm 464ms
@master/css:test: 
@master/css:test:  Test Files  4 passed (4)
@master/css:test:       Tests  72 passed (72)
@master/css:test:    Start at  13:54:07
@master/css:test:    Duration  88.85s (tests 99%, transform 1%)
@master/css:test: 
@master/css-language-service:test:  ✓ tests/edit-syntax-colors.test.ts (12 tests) 16854ms
@master/css-language-service:test:    ✓ hex 7568ms
@master/css-language-service:test:    ✓ variable 7568ms
@master/css-language-service:test:    ✓ rgb 7568ms
@master/css-language-service:test:    ✓ rgba 7568ms
@master/css-language-service:test:    ✓ hsl 7568ms
@master/css-language-service:test:    ✓ hsla 7063ms
@master/css-language-service:test:    ✓ hwb 7063ms
@master/css-language-service:test:    ✓ lab 7063ms
@master/css-language-service:test:    ✓ lch 7063ms
@master/css-language-service:test:    ✓ oklab 7063ms
@master/css-language-service:test:    ✓ oklch 2221ms
@master/css-language-service:test:    ✓ hex to hex8 2221ms
@master/css-language-service:test:  ✓ tests/bug-hunt.test.ts (1 test) 1244ms
@master/css-language-service:test:    ✓ audit control: updated documents replace class and color ranges 1243ms
@master/css-vite:test: stdout | tests/plugins/bug-hunt-imported-sass-original-maps.test.ts > imported Sass maps original file and token: scss / scss / partial=true / string / serve
@master/css-vite:test: {"rootExtension":"scss","syntax":"scss","partial":true,"addition":"string","command":"serve","diagnostic":{"version":2,"code":"invalid-compose-class","domain":"compiler","severity":"error","message":"Invalid @compose class: unknown-utility","source":"/private/tmp/master-css-original-import-map-G2abVh/nested/_bad.scss","range":{"start":{"line":3,"character":11},"end":{"line":3,"character":26}}},"additionalDataCalls":[]}
@master/css-vite:test: 
@master/css-language-service:test:  ✓ tests/get-class-position/react.test.ts (25 tests) 39016ms
@master/css-language-service:test:    ✓ empty class with single quotes 8425ms
@master/css-language-service:test:    ✓ empty class with double quotes 8424ms
@master/css-language-service:test:    ✓ one class 8424ms
@master/css-language-service:test:    ✓ two classes 8424ms
@master/css-language-service:test:    ✓ full-width spaces are part of the class token 8424ms
@master/css-language-service:test:    ✓ valid classes 8477ms
@master/css-language-service:test:    ✓ class in CSS @compose 8477ms
@master/css-language-service:test:    ✓ class in Vue style @compose 8477ms
@master/css-language-service:test:    ✓ ignores quoted CSS @compose classes 8477ms
@master/css-language-service:test:    ✓ quote in class 8476ms
@master/css-language-service:test:    ✓ group syntax 8004ms
@master/css-language-service:test:    ✓ ignores class attributes inside HTML comments 8004ms
@master/css-language-service:test:    ✓ nested strings and literals 8004ms
@master/css-language-service:test:    ✓ empty string with single quote 8004ms
@master/css-language-service:test:    ✓ empty string with double quote 8004ms
@master/css-language-service:test:    ✓ spaced jsx attribute assignment 6986ms
@master/css-language-service:test:    ✓ empty binding 6986ms
@master/css-language-service:test:    ✓ empty string binding with double quote 6986ms
@master/css-language-service:test:    ✓ empty clsx 6986ms
@master/css-language-service:test:    ✓ two classes in clsx fn 6986ms
@master/css-language-service:test:    ✓ quote in clsx fn 7113ms
@master/css-language-service:test:    ✓ template literal and newlines 7113ms
@master/css-language-service:test:    ✓ template literal expressions use quasi ranges 7113ms
@master/css-language-service:test:    ✓ parse failure falls back to regex positions 7113ms
@master/css-language-service:test:    ✓ regex fallback ignores class attributes inside JS comments 7113ms
@master/css-nuxt:test:  ❯ tests/pre-render.test.ts (3 tests | 1 failed) 37569ms
@master/css-nuxt:test:    × matches generated CSS 36ms
@master/css-nuxt:test:    ✓ externalizes Nitro prerender hydration manifests 3ms
@master/css-nuxt:test:    ✓ registers hydration externalization on Nitro prerender generation 3ms
@master/css-vite:test: stdout | tests/plugins/bug-hunt-imported-sass-original-maps.test.ts > imported Sass maps original file and token: scss / scss / partial=true / mapped / build
@master/css-vite:test: {"rootExtension":"scss","syntax":"scss","partial":true,"addition":"mapped","command":"build","diagnostic":{"version":2,"code":"invalid-compose-class","domain":"compiler","severity":"error","message":"Invalid @compose class: unknown-utility","source":"/private/tmp/master-css-original-import-map-o9MbwL/nested/_bad.scss","range":{"start":{"line":3,"character":11},"end":{"line":3,"character":26}}},"additionalDataCalls":["/private/tmp/master-css-original-import-map-o9MbwL/style.module.scss","/private/tmp/master-css-original-import-map-o9MbwL/nested/child.scss"]}
@master/css-vite:test: 
@master/css-language-service:test:  ✓ tests/shiki.test.ts (22 tests) 6299ms
@master/css-language-service:test:    ✓ supports Shiki dynamic language imports 479ms
@master/css-language-service:test:    ✓ does not attach semantic metadata to guide theme CSS directive syntax 1367ms
@master/css-language-service:test:    ✓ does not resolve guide theme CSS directive syntax through semantic scope styles 1367ms
@master/css-language-service:test:    ✓ does not create Master Shiki decorations for native-only CSS 1367ms
@master/css-language-service:test:    ✓ normalizes Shiki language ids separately from class-list languages 1367ms
@master/css-language-service:test:    ✓ creates Shiki decorations from Master CSS semantic tokens 1367ms
@master/css-language-service:test:    ✓ creates Shiki decorations for CSS directive class-list spans 1131ms
@master/css-language-service:test:    ✓ creates Shiki decorations for raw Master CSS class lists 1131ms
@master/css-language-service:test:    ✓ skips semantic token decorations inside host comments 1131ms
@master/css-language-service:test:    ✓ applies semantic token styles by type and modifier 1131ms
@master/css-language-service:test:    ✓ wraps host class attribute values around Master CSS semantic spans 538ms
@master/css-language-service:test:    ✓ can disable host class attribute value wrappers 422ms
@master/css-language-service:test:    ✓ handles caller Shiki decorations around host class attribute value wrappers 625ms
@master/css-language-service:test:    ✓ does not create host wrappers for raw class-list highlighting 1483ms
@master/css-language-service:test:    ✓ applies semantic decorations in the Shiki tokens hook 1483ms
@master/css-language-service:test:    ✓ uses semantic token scope styles for selector semantic tokens 1483ms
@master/css-language-service:test:    ✓ uses semantic token scope styles for documentation Master CSS tokens 1483ms
@master/css-language-service:test:    ✓ uses semantic token scope styles for CSS directive class-list tokens 1483ms
@master/css-language-service:test:  ✓ tests/rc87-shiki.test.ts (18 tests) 3870ms
@master/css-language-service:test:    ✓ supports Shiki dynamic language imports 383ms
@master/css-language-service:test:    ✓ does not attach semantic metadata to guide theme CSS directive syntax 1129ms
@master/css-language-service:test:    ✓ does not resolve guide theme CSS directive syntax through semantic scope styles 1128ms
@master/css-language-service:test:    ✓ does not create Master Shiki decorations for native-only CSS 1128ms
@master/css-language-service:test:    ✓ normalizes Shiki language ids separately from class-list languages 1128ms
@master/css-language-service:test:    ✓ creates Shiki decorations from Master CSS semantic tokens 1128ms
@master/css-language-service:test:    ✓ creates Shiki decorations for CSS directive class-list spans 1040ms
@master/css-language-service:test:    ✓ creates Shiki decorations for raw Master CSS class lists 1040ms
@master/css-language-service:test:    ✓ skips semantic token decorations inside host comments 1040ms
@master/css-language-service:test:    ✓ applies semantic token styles by type and modifier 1040ms
@master/css-language-service:test:    ✓ applies semantic decorations in the Shiki tokens hook 1040ms
@master/css-language-service:test:    ✓ uses semantic token scope styles for selector semantic tokens 958ms
@master/css-language-service:test:    ✓ uses semantic token scope styles for documentation Master CSS tokens 958ms
@master/css-language-service:test:    ✓ uses semantic token scope styles for CSS directive class-list tokens 958ms
@master/css-vite:test: stdout | tests/plugins/bug-hunt-imported-sass-original-maps.test.ts > imported Sass maps original file and token: scss / scss / partial=true / mapped / serve
@master/css-vite:test: {"rootExtension":"scss","syntax":"scss","partial":true,"addition":"mapped","command":"serve","diagnostic":{"version":2,"code":"invalid-compose-class","domain":"compiler","severity":"error","message":"Invalid @compose class: unknown-utility","source":"/private/tmp/master-css-original-import-map-bXOgHX/nested/_bad.scss","range":{"start":{"line":3,"character":11},"end":{"line":3,"character":26}}},"additionalDataCalls":["/private/tmp/master-css-original-import-map-bXOgHX/style.module.scss","/private/tmp/master-css-original-import-map-bXOgHX/nested/child.scss"]}
@master/css-vite:test: 
@master/css-language-service:test:  ✓ tests/suggest-syntax/variables.test.ts (2 tests) 6800ms
@master/css-language-service:test:    ✓ sorting (2)
@master/css-language-service:test:      ✓ positive container 6798ms
@master/css-language-service:test:      ✓ negative container 6794ms
@master/css-nuxt:test:  ✓ tests/bug-hunt-theme.test.ts (1 test) 39213ms
@master/css-nuxt:test:    ✓ BH-0036 compiles theme variables before runtime uses emitted globals  1163ms
@master/css-nuxt:test:  ✓ tests/runtime.test.ts (3 tests) 39172ms
@master/css-nuxt:test:    ✓ lets runtime utilities override global component layer CSS  853ms
@master/css-nuxt:test:  ❯ tests/progressive.test.ts (1 test | 1 failed) 39758ms
@master/css-nuxt:test:    × matches generated CSS snapshot 67ms
@master/css-vite:test: stdout | tests/plugins/bug-hunt-imported-sass-original-maps.test.ts > imported Sass maps original file and token: scss / sass / partial=false / identity / build
@master/css-vite:test: {"rootExtension":"scss","syntax":"sass","partial":false,"addition":"identity","command":"build","diagnostic":{"version":2,"code":"invalid-compose-class","domain":"compiler","severity":"error","message":"Invalid @compose class: unknown-utility","source":"/private/tmp/master-css-original-import-map-8NlDsp/nested/child.sass","range":{"start":{"line":3,"character":11},"end":{"line":3,"character":26}}},"additionalDataCalls":["/private/tmp/master-css-original-import-map-8NlDsp/style.module.scss","/private/tmp/master-css-original-import-map-8NlDsp/nested/child.sass"]}
@master/css-vite:test: 
@master/css-nuxt:test:  ✓ tests/bug-hunt-progressive.test.ts (1 test) 40125ms
@master/css-nuxt:test:    ✓ loads its client manifest and handles new runtime classes  618ms
@master/css-nuxt:test: 
@master/css-nuxt:test: ⎯⎯⎯⎯⎯⎯⎯ Failed Tests 3 ⎯⎯⎯⎯⎯⎯⎯
@master/css-nuxt:test: 
@master/css-nuxt:test:  FAIL  tests/pre-render.test.ts > matches generated CSS
@master/css-nuxt:test: AssertionError: expected '@import "./master-css-438efbe0355aa13…' to contain '.box'
@master/css-nuxt:test: 
@master/css-nuxt:test: Expected: ".box"
@master/css-nuxt:test: Received: "@import "./master-css-438efbe0355aa13d7cf2-1.css";"
@master/css-nuxt:test: 
@master/css-nuxt:test:  ❯ tests/pre-render.test.ts:35:15
@master/css-nuxt:test:      33|   expect(html).not.toContain('--color-host:')
@master/css-nuxt:test:      34|   const css = await $fetch(href) as string
@master/css-nuxt:test:      35|   expect(css).toContain('.box')
@master/css-nuxt:test:        |               ^
@master/css-nuxt:test:      36|   expect(css).toMatch(/\.box\s*{[^}]*display:\s*flex/)
@master/css-nuxt:test:      37|   expect(css).toMatch(/\.box\s*{[^}]*font-size:\s*1em/)
@master/css-nuxt:test: 
@master/css-nuxt:test: ⎯⎯⎯⎯⎯⎯⎯⎯⎯⎯⎯⎯⎯⎯⎯⎯⎯⎯⎯⎯⎯⎯⎯⎯[1/3]⎯
@master/css-nuxt:test: 
@master/css-nuxt:test:  FAIL  tests/progressive.test.ts > matches generated CSS snapshot
@master/css-nuxt:test: AssertionError: expected '@import "./master-css-801532c4e09f315…' to contain '.box'
@master/css-nuxt:test: 
@master/css-nuxt:test: Expected: ".box"
@master/css-nuxt:test: Received: "@import "./master-css-801532c4e09f31591be3-1.css";"
@master/css-nuxt:test: 
@master/css-nuxt:test:  ❯ tests/progressive.test.ts:30:15
@master/css-nuxt:test:      28|   expect(html).not.toContain('--color-host:')
@master/css-nuxt:test:      29|   const css = await $fetch(href) as string
@master/css-nuxt:test:      30|   expect(css).toContain('.box')
@master/css-nuxt:test:        |               ^
@master/css-nuxt:test:      31|   expect(css).toMatch(/\.box\s*{[^}]*display:\s*flex/)
@master/css-nuxt:test:      32|   expect(css).toMatch(/\.box\s*{[^}]*font-size:\s*1em/)
@master/css-nuxt:test: 
@master/css-nuxt:test: ⎯⎯⎯⎯⎯⎯⎯⎯⎯⎯⎯⎯⎯⎯⎯⎯⎯⎯⎯⎯⎯⎯⎯⎯[2/3]⎯
@master/css-nuxt:test: 
@master/css-nuxt:test:  FAIL  tests/static.test.ts > should contain stylesheet link and CSS with specific class
@master/css-nuxt:test: AssertionError: expected '@import "./master-css-8333ef41b0dde35…' to contain '.box'
@master/css-nuxt:test: 
@master/css-nuxt:test: Expected: ".box"
@master/css-nuxt:test: Received: "@import "./master-css-8333ef41b0dde35452bd-1.css";"
@master/css-nuxt:test: 
@master/css-nuxt:test:  ❯ tests/static.test.ts:23:15
@master/css-nuxt:test:      21|   const css = await $fetch(href) as string
@master/css-nuxt:test:      22|   expect(typeof css).toBe('string')
@master/css-nuxt:test:      23|   expect(css).toContain('.box')
@master/css-nuxt:test:        |               ^
@master/css-nuxt:test:      24|   expect(css).toMatch(/\.box\s*{[^}]*display:\s*flex/)
@master/css-nuxt:test:      25|   expect(css).toMatch(/\.box\s*{[^}]*font-size:\s*1em/)
@master/css-nuxt:test: 
@master/css-nuxt:test: ⎯⎯⎯⎯⎯⎯⎯⎯⎯⎯⎯⎯⎯⎯⎯⎯⎯⎯⎯⎯⎯⎯⎯⎯[3/3]⎯
@master/css-nuxt:test: 
@master/css-nuxt:test: 
@master/css-nuxt:test:  Test Files  3 failed | 3 passed (6)
@master/css-nuxt:test:       Tests  3 failed | 7 passed (10)
@master/css-nuxt:test:    Start at  13:54:59
@master/css-nuxt:test:    Duration  40.77s (transform 131ms, setup 0ms, import 1.60s, tests 229.99s, environment 1ms)
@master/css-nuxt:test: 
@master/css-nuxt:test: [ELIFECYCLE] Test failed. See above for more details.
@master/css-nuxt#test:  WARNING  command finished with error, but continuing...
@master/css-language-service:test:  ✓ tests/suggest-syntax/media.test.ts (8 tests) 6088ms
@master/css-language-service:test:    ✓ breakpoint 6054ms
@master/css-language-service:test:    ✓ & 6054ms
@master/css-language-service:test:    ✓ &> 6054ms
@master/css-language-service:test:    ✓ &>= 6054ms
@master/css-language-service:test:    ✓ &< 6054ms
@master/css-vite:test: stdout | tests/plugins/bug-hunt-imported-sass-original-maps.test.ts > imported Sass maps original file and token: scss / sass / partial=false / identity / serve
@master/css-vite:test: {"rootExtension":"scss","syntax":"sass","partial":false,"addition":"identity","command":"serve","diagnostic":{"version":2,"code":"invalid-compose-class","domain":"compiler","severity":"error","message":"Invalid @compose class: unknown-utility","source":"/private/tmp/master-css-original-import-map-lZDlTi/nested/child.sass","range":{"start":{"line":3,"character":11},"end":{"line":3,"character":26}}},"additionalDataCalls":["/private/tmp/master-css-original-import-map-lZDlTi/style.module.scss","/private/tmp/master-css-original-import-map-lZDlTi/nested/child.sass"]}
@master/css-vite:test: 
@master/css-language-service:test:  ✓ tests/suggest-syntax/react.test.ts (3 tests) 5242ms
@master/css-language-service:test:    ✓ types next class and starts with white space 5241ms
@master/css-language-service:test:    ✓ types next class and starts with b 5241ms
@master/css-language-service:test:    ✓ types inside spaced jsx attribute assignment 5241ms
@master/css-language-service:test:  ✓ tests/suggest-syntax/group.test.ts (4 tests) 5051ms
@master/css-language-service:test:    ✓ one declaration 5048ms
@master/css-language-service:test:    ✓ two declarations 5047ms
@master/css-language-service:test:    ✓ should not hint selectors 5047ms
@master/css-language-service:test:    ✓ should not hint at 5047ms
@master/css-vite:test: stdout | tests/plugins/bug-hunt-imported-sass-original-maps.test.ts > imported Sass maps original file and token: scss / sass / partial=false / string / build
@master/css-vite:test: {"rootExtension":"scss","syntax":"sass","partial":false,"addition":"string","command":"build","diagnostic":{"version":2,"code":"invalid-compose-class","domain":"compiler","severity":"error","message":"Invalid @compose class: unknown-utility","source":"/private/tmp/master-css-original-import-map-L133uv/nested/child.sass","range":{"start":{"line":3,"character":11},"end":{"line":3,"character":26}}},"additionalDataCalls":[]}
@master/css-vite:test: 
@master/eslint-plugin-css:test:  ✓ tests/sort-classes.test.ts (48 tests) 84114ms
@master/eslint-plugin-css:test:    ✓ sort classes (48)
@master/eslint-plugin-css:test:      ✓ valid (20)
@master/eslint-plugin-css:test:        ✓ <div class="m:2x p:2x font:1.5rem bg:black fg:white">Simple, basic</div> 2456ms
@master/eslint-plugin-css:test:        ✓ <div class="mt:5x card">Traditional class + syntax</div> 2311ms
@master/eslint-plugin-css:test:        ✓ <div className={ctl(`${live && 'bg:blue-10 bg:purple-40@dark r:0.313rem@sm'} p:0.625rem w:full`)}>ctl + exp</div> 2798ms
@master/eslint-plugin-css:test:        ✓ <div className={ctl(`${className} r:100% bg:blue-50 h:12x w:12x`)}>ctl + var</div> 2123ms
@master/eslint-plugin-css:test:        ✓ <div className={ctl(`${live && 'bg: black@dark white'} p:0.625rem w:full`)}>Space trim issue</div> 2189ms
@master/eslint-plugin-css:test:        ✓ <div class='m:2x p:2x font:1.5rem bg:black fg:white'>Simple quotes</div> 1718ms
@master/eslint-plugin-css:test:        ✓ <div class="p:2x ">Extra space at the end</div> 2820ms
@master/eslint-plugin-css:test:        ✓ <div class="p:0.313rem px:0.375rem px:0.188rem@sm py:0.125rem@md p:1x@lg">'p', then 'px' then 'py'</div> 2231ms
@master/eslint-plugin-css:test:        ✓ ctl(`
@master/eslint-plugin-css:test:         flex
@master/eslint-plugin-css:test:         container
@master/eslint-plugin-css:test:         w:3x
@master/eslint-plugin-css:test:         w:0.375rem@sm
@master/eslint-plugin-css:test:         w:1x@lg
@master/eslint-plugin-css:test:       `) 1876ms
@master/eslint-plugin-css:test:        ✓ <div class="w:3x w:500px@lg">Allowed arbitrary value</div> 2183ms
@master/eslint-plugin-css:test:        ✓ <div class="bg:black:focus:hover@dark bg:gray-40:disabled:focus:hover@md@dark">Stackable variants</div> 1995ms
@master/eslint-plugin-css:test:        ✓ <div className={clsx(`abs bottom:0 flex flex-col h:270px w:full`)}>clsx</div> 1858ms
@master/eslint-plugin-css:test:        ✓ <div class="zDialog flex w:3x">Number values</div> 1640ms
@master/eslint-plugin-css:test:        ✓ <div class="   flex  m:0.625rem   ">Extra spaces</div> 1555ms
@master/eslint-plugin-css:test:        ✓ 
@master/eslint-plugin-css:test:         <div className={`${yolo ? 'flex flex-col' : 'block'} rel overflow:hidden w:full`}>Issue #131</div>
@master/eslint-plugin-css:test:        2036ms
@master/eslint-plugin-css:test:        ✓ <div class>No errors while typing</div> 1614ms
@master/eslint-plugin-css:test:        ✓ <div class="block flex　my:1px">Do not treat full width space as class separator</div> 1629ms
@master/eslint-plugin-css:test:        ✓ <div class="m:0.625rem m:5x m:1.875rem:hover m:10x@dark">Collision class</div> 1631ms
@master/eslint-plugin-css:test:        ✓ 
@master/eslint-plugin-css:test:         export default () => (
@master/eslint-plugin-css:test:           <Demo $py={0}>
@master/eslint-plugin-css:test:             <div className="transition:transform|.2s transform:scale(1.1):hover">
@master/eslint-plugin-css:test:               <Image
@master/eslint-plugin-css:test:                 src={mobileImage}
@master/eslint-plugin-css:test:                 className="untouchable"
@master/eslint-plugin-css:test:                 width="480"
@master/eslint-plugin-css:test:                 height="319"
@master/eslint-plugin-css:test:                 priority={true}
@master/eslint-plugin-css:test:                 alt="hello world"
@master/eslint-plugin-css:test:               />
@master/eslint-plugin-css:test:               <h1 className="abs inset:0 height:fit m:auto font:7vw font:heavy text-center fg:white animation:flash|3s|infinite font:2.5rem@xs blend:overlay">
@master/eslint-plugin-css:test:                 Hello, World!
@master/eslint-plugin-css:test:               </h1>
@master/eslint-plugin-css:test:             </div>
@master/eslint-plugin-css:test:           </Demo>
@master/eslint-plugin-css:test:         )
@master/eslint-plugin-css:test:        1976ms
@master/eslint-plugin-css:test:        ✓ <div class="mt:0 mt:0@sm a c d font:error hello:world">Error class</div> 1868ms
@master/eslint-plugin-css:test:      ✓ invalid (28)
@master/eslint-plugin-css:test:        ✓ <div class="font:1.5rem fg:white m:2x p:2x bg:black">Classnames will be ordered</div> 1499ms
@master/eslint-plugin-css:test:        ✓ <div class="flex uppercase m:0 m:0>li text-decoration:none>li>a px:1x>li align-items:baseline fg:gray-30>li>a gap-x:7x font:.75rem font:medium pb:0.375rem>li pt:5x pt:0.625rem>li {bb:3px|solid|black}>li:has(>.router-link-active) {fg:black}>li:has(>.router-link-active)>a fg:gray-10>li>a:hover box-shadow:none>li>a:focus">Group</div> 1851ms
@master/eslint-plugin-css:test:        ✓ <div test="p:1x px:0.438rem@sm p:2x@lg py:0.313rem@sm">Enhancing readability with 'test' prop</div> 1787ms
@master/eslint-plugin-css:test:        ✓ <div class="grid grid-cols:1 grid-cols:2@sm px:2x@sm py:3x@sm gap:2x py:4x@md">:)...</div> 1602ms
@master/eslint-plugin-css:test:        ✓ <div className={ctl(`${live && 'bg:black@dark bg:white'} flex p:0.625rem`)}>Space trim issue with fix</div> 1629ms
@master/eslint-plugin-css:test:        ✓ <div class='bg:black@dark bg:white'>Simple quotes</div> 2104ms
@master/eslint-plugin-css:test:        ✓ clsx('fg:#aaaaaa {content:\'\';block;h:full;w:full;abs}::after bg:#ffffff') 1530ms
@master/eslint-plugin-css:test:        ✓ <div class="w:3x w:0.375rem@lg w:3x">removeDuplicates</div> 1626ms
@master/eslint-plugin-css:test:        ✓ <div class="w:3x  w:0.375rem@lg  w:3x">Single line dups + no head/tail spaces</div> 1665ms
@master/eslint-plugin-css:test:        ✓ <div class=" w:3x  w:0.375rem@lg   w:3x">Single dups line + head spaces</div> 1876ms
@master/eslint-plugin-css:test:        ✓ <div class="w:3x  w:0.375rem@lg   w:3x ">Single line dups + tail spaces</div> 1633ms
@master/eslint-plugin-css:test:        ✓ 
@master/eslint-plugin-css:test:         ctl(`
@master/eslint-plugin-css:test:           hidden
@master/eslint-plugin-css:test:           w:0.375rem@sm
@master/eslint-plugin-css:test:           block
@master/eslint-plugin-css:test:           hidden
@master/eslint-plugin-css:test:           flex
@master/eslint-plugin-css:test:           block
@master/eslint-plugin-css:test:           w:3x
@master/eslint-plugin-css:test:           flex
@master/eslint-plugin-css:test:           block
@master/eslint-plugin-css:test:           w:1x@lg
@master/eslint-plugin-css:test:           w:1x@lg
@master/eslint-plugin-css:test:         `);
@master/eslint-plugin-css:test:        1967ms
@master/eslint-plugin-css:test:        ✓ 
@master/eslint-plugin-css:test:         ctl(`
@master/eslint-plugin-css:test:           invalid
@master/eslint-plugin-css:test:           w:0.375rem@sm
@master/eslint-plugin-css:test:           flex
@master/eslint-plugin-css:test:           container
@master/eslint-plugin-css:test:           w:3x
@master/eslint-plugin-css:test:           w:1x@lg
@master/eslint-plugin-css:test:         `);
@master/eslint-plugin-css:test:        1643ms
@master/eslint-plugin-css:test:        ✓ <div class="w:3x@sm w:320px">Allowed arbitrary value but incorrect order</div> 1783ms
@master/eslint-plugin-css:test:        ✓ clsx(`abs bottom:0 w:full h:70px flex flex-col`); 1656ms
@master/eslint-plugin-css:test:        ✓ cva({
@master/eslint-plugin-css:test:         primary: ["abs bottom:0 w:full h:70px flex flex-col"],
@master/eslint-plugin-css:test:       }) 1570ms
@master/eslint-plugin-css:test:        ✓ <div className={clsx(`abs bottom:0 w:full h:270px flex flex-col`)}>clsx</div> 1360ms
@master/eslint-plugin-css:test:        ✓ 
@master/eslint-plugin-css:test:         ctl(`
@master/eslint-plugin-css:test:           ${
@master/eslint-plugin-css:test:               !isDisabled &&
@master/eslint-plugin-css:test:               `
@master/eslint-plugin-css:test:               flex
@master/eslint-plugin-css:test:               top:0
@master/eslint-plugin-css:test:               b:0
@master/eslint-plugin-css:test:               `
@master/eslint-plugin-css:test:           }
@master/eslint-plugin-css:test:           ${
@master/eslint-plugin-css:test:               isDisabled &&
@master/eslint-plugin-css:test:               `
@master/eslint-plugin-css:test:               b:0
@master/eslint-plugin-css:test:               mx:0
@master/eslint-plugin-css:test:               `
@master/eslint-plugin-css:test:           }
@master/eslint-plugin-css:test:           flex
@master/eslint-plugin-css:test:           px:0.125rem
@master/eslint-plugin-css:test:         `)
@master/eslint-plugin-css:test:        1480ms
@master/eslint-plugin-css:test:        ✓ <div className="px:0.125rem flex">...</div> 1505ms
@master/eslint-plugin-css:test:        ✓ ctl(`${enabled && "px:0.125rem flex"}`) 1538ms
@master/eslint-plugin-css:test:        ✓ ctl(`px:0.125rem flex`) 1619ms
@master/eslint-plugin-css:test:        ✓ 
@master/eslint-plugin-css:test:         ctl(`
@master/eslint-plugin-css:test:           px:0.125rem
@master/eslint-plugin-css:test:           flex
@master/eslint-plugin-css:test:         `)
@master/eslint-plugin-css:test:        1607ms
@master/eslint-plugin-css:test:        ✓ 
@master/eslint-plugin-css:test:         <div
@master/eslint-plugin-css:test:           className={clsx(
@master/eslint-plugin-css:test:             "w:full h:0.625rem rounded",
@master/eslint-plugin-css:test:             name === "white"
@master/eslint-plugin-css:test:               ? "m:0.625rem flex"
@master/eslint-plugin-css:test:               : undefined
@master/eslint-plugin-css:test:           )}
@master/eslint-plugin-css:test:         />
@master/eslint-plugin-css:test:        1551ms
@master/eslint-plugin-css:test:        ✓ 
@master/eslint-plugin-css:test:         classnames([
@master/eslint-plugin-css:test:           'invalid w:4px@lg w:6px@sm',
@master/eslint-plugin-css:test:           ['w:3x flex'],
@master/eslint-plugin-css:test:         ]) 1418ms
@master/eslint-plugin-css:test:        ✓ 
@master/eslint-plugin-css:test:         classnames({
@master/eslint-plugin-css:test:           invalid,
@master/eslint-plugin-css:test:           flex: myFlag,
@master/eslint-plugin-css:test:           'w:4px@lg w:6px@sm': resize
@master/eslint-plugin-css:test:         }) 1352ms
@master/eslint-plugin-css:test:        ✓ ctl(`p:0.188rem b:3px|solid|gray m:1x h:6x p:1x@lg flex b:2px m:1x@lg`) 1085ms
@master/eslint-plugin-css:test:        ✓ <div class="a mt:0 mt:0@sm c d hello:world font:error">Error class</div> 848ms
@master/eslint-plugin-css:test:        ✓ <div className="gap:0.938rem grid-cols:2 grid-cols:3@2xs grid-cols:4@sm grid-cols:5@md p:10x">order</div> 810ms
@master/css-vite:test: stdout | tests/plugins/bug-hunt-imported-sass-original-maps.test.ts > imported Sass maps original file and token: scss / sass / partial=false / string / serve
@master/css-vite:test: {"rootExtension":"scss","syntax":"sass","partial":false,"addition":"string","command":"serve","diagnostic":{"version":2,"code":"invalid-compose-class","domain":"compiler","severity":"error","message":"Invalid @compose class: unknown-utility","source":"/private/tmp/master-css-original-import-map-zRhFxs/nested/child.sass","range":{"start":{"line":3,"character":11},"end":{"line":3,"character":26}}},"additionalDataCalls":[]}
@master/css-vite:test: 
@master/css-vite:test: stdout | tests/plugins/bug-hunt-imported-sass-original-maps.test.ts > imported Sass maps original file and token: scss / sass / partial=false / mapped / build
@master/css-vite:test: {"rootExtension":"scss","syntax":"sass","partial":false,"addition":"mapped","command":"build","diagnostic":{"version":2,"code":"invalid-compose-class","domain":"compiler","severity":"error","message":"Invalid @compose class: unknown-utility","source":"/private/tmp/master-css-original-import-map-inUJOh/nested/child.sass","range":{"start":{"line":3,"character":11},"end":{"line":3,"character":26}}},"additionalDataCalls":["/private/tmp/master-css-original-import-map-inUJOh/style.module.scss","/private/tmp/master-css-original-import-map-inUJOh/nested/child.sass"]}
@master/css-vite:test: 
@master/css-vite:test: stdout | tests/plugins/bug-hunt-imported-sass-original-maps.test.ts > imported Sass maps original file and token: scss / sass / partial=false / mapped / serve
@master/css-vite:test: {"rootExtension":"scss","syntax":"sass","partial":false,"addition":"mapped","command":"serve","diagnostic":{"version":2,"code":"invalid-compose-class","domain":"compiler","severity":"error","message":"Invalid @compose class: unknown-utility","source":"/private/tmp/master-css-original-import-map-puak9O/nested/child.sass","range":{"start":{"line":3,"character":11},"end":{"line":3,"character":26}}},"additionalDataCalls":["/private/tmp/master-css-original-import-map-puak9O/style.module.scss","/private/tmp/master-css-original-import-map-puak9O/nested/child.sass"]}
@master/css-vite:test: 
@master/css-mcp:test:  ✓ tests/core.test.ts (17 tests) 27438ms
@master/css-mcp:test:    ✓ @master/css-mcp (17)
@master/css-mcp:test:      ✓ registers tools, resources, prompts, and renders CSS through MCP 9624ms
@master/css-mcp:test:      ✓ audits setup and inspects CSS-first directives through MCP 541ms
@master/css-mcp:test:      ✓ traces, extracts, queries, and compares Master CSS classes through MCP 10122ms
@master/css-mcp:test:      ✓ previews directive formatting without writing until the preview is applied 2666ms
@master/css-mcp:test:      ✓ previews and applies lint fixes only with a confirmation token 2183ms
@master/css-mcp:test:      ✓ lints cjs files with the shared script language mapping 770ms
@master/css-mcp:test:      ✓ lints in-memory content without requiring a file on disk 728ms
@master/css-mcp:test: 
@master/css-mcp:test:  Test Files  5 passed (5)
@master/css-mcp:test:       Tests  43 passed (43)
@master/css-mcp:test:    Start at  13:55:13
@master/css-mcp:test:    Duration  30.38s (tests 86%, transform 11%, import 3%)
@master/css-mcp:test: 
@master/css-vite:test: stdout | tests/plugins/bug-hunt-imported-sass-original-maps.test.ts > imported Sass maps original file and token: scss / sass / partial=true / identity / build
@master/css-vite:test: {"rootExtension":"scss","syntax":"sass","partial":true,"addition":"identity","command":"build","diagnostic":{"version":2,"code":"invalid-compose-class","domain":"compiler","severity":"error","message":"Invalid @compose class: unknown-utility","source":"/private/tmp/master-css-original-import-map-qg0g1U/nested/_bad.sass","range":{"start":{"line":3,"character":11},"end":{"line":3,"character":26}}},"additionalDataCalls":["/private/tmp/master-css-original-import-map-qg0g1U/style.module.scss","/private/tmp/master-css-original-import-map-qg0g1U/nested/child.sass"]}
@master/css-vite:test: 
@master/css-vite:test: stdout | tests/plugins/bug-hunt-imported-sass-original-maps.test.ts > imported Sass maps original file and token: scss / sass / partial=true / identity / serve
@master/css-vite:test: {"rootExtension":"scss","syntax":"sass","partial":true,"addition":"identity","command":"serve","diagnostic":{"version":2,"code":"invalid-compose-class","domain":"compiler","severity":"error","message":"Invalid @compose class: unknown-utility","source":"/private/tmp/master-css-original-import-map-BoRxDV/nested/_bad.sass","range":{"start":{"line":3,"character":11},"end":{"line":3,"character":26}}},"additionalDataCalls":["/private/tmp/master-css-original-import-map-BoRxDV/style.module.scss","/private/tmp/master-css-original-import-map-BoRxDV/nested/child.sass"]}
@master/css-vite:test: 
@master/css-vite:test: stdout | tests/plugins/bug-hunt-imported-sass-original-maps.test.ts > imported Sass maps original file and token: scss / sass / partial=true / string / build
@master/css-vite:test: {"rootExtension":"scss","syntax":"sass","partial":true,"addition":"string","command":"build","diagnostic":{"version":2,"code":"invalid-compose-class","domain":"compiler","severity":"error","message":"Invalid @compose class: unknown-utility","source":"/private/tmp/master-css-original-import-map-fJ8TUZ/nested/_bad.sass","range":{"start":{"line":3,"character":11},"end":{"line":3,"character":26}}},"additionalDataCalls":[]}
@master/css-vite:test: 
@master/css-vite:test: stdout | tests/plugins/bug-hunt-imported-sass-original-maps.test.ts > imported Sass maps original file and token: scss / sass / partial=true / string / serve
@master/css-vite:test: {"rootExtension":"scss","syntax":"sass","partial":true,"addition":"string","command":"serve","diagnostic":{"version":2,"code":"invalid-compose-class","domain":"compiler","severity":"error","message":"Invalid @compose class: unknown-utility","source":"/private/tmp/master-css-original-import-map-7I2feg/nested/_bad.sass","range":{"start":{"line":3,"character":11},"end":{"line":3,"character":26}}},"additionalDataCalls":[]}
@master/css-vite:test: 
@master/css-vite:test: stdout | tests/plugins/bug-hunt-imported-sass-original-maps.test.ts > imported Sass maps original file and token: scss / sass / partial=true / mapped / build
@master/css-vite:test: {"rootExtension":"scss","syntax":"sass","partial":true,"addition":"mapped","command":"build","diagnostic":{"version":2,"code":"invalid-compose-class","domain":"compiler","severity":"error","message":"Invalid @compose class: unknown-utility","source":"/private/tmp/master-css-original-import-map-P1ZWjP/nested/_bad.sass","range":{"start":{"line":3,"character":11},"end":{"line":3,"character":26}}},"additionalDataCalls":["/private/tmp/master-css-original-import-map-P1ZWjP/style.module.scss","/private/tmp/master-css-original-import-map-P1ZWjP/nested/child.sass"]}
@master/css-vite:test: 
@master/css-vite:test: stdout | tests/plugins/bug-hunt-imported-sass-original-maps.test.ts > imported Sass maps original file and token: scss / sass / partial=true / mapped / serve
@master/css-vite:test: {"rootExtension":"scss","syntax":"sass","partial":true,"addition":"mapped","command":"serve","diagnostic":{"version":2,"code":"invalid-compose-class","domain":"compiler","severity":"error","message":"Invalid @compose class: unknown-utility","source":"/private/tmp/master-css-original-import-map-RhMcDp/nested/_bad.sass","range":{"start":{"line":3,"character":11},"end":{"line":3,"character":26}}},"additionalDataCalls":["/private/tmp/master-css-original-import-map-RhMcDp/style.module.scss","/private/tmp/master-css-original-import-map-RhMcDp/nested/child.sass"]}
@master/css-vite:test: 
@master/css-vite:test: stdout | tests/plugins/bug-hunt-imported-sass-original-maps.test.ts > pure Vite direct preprocessing exposes original imported-partial maps: scss
@master/css-vite:test: {"control":"pure-vite-preprocessCSS","syntax":"scss","origin":{"generatedLine":1,"generatedColumn":2,"originalSource":"/private/tmp/master-css-vite-map-control-ss3RPA/_bad.scss","originalLine":2,"originalColumn":2},"sources":["/private/tmp/master-css-vite-map-control-ss3RPA/_bad.scss"],"pass":true}
@master/css-vite:test: 
@master/css-vite:test: stdout | tests/plugins/bug-hunt-imported-sass-original-maps.test.ts > pure Vite direct preprocessing exposes original imported-partial maps: sass
@master/css-vite:test: {"control":"pure-vite-preprocessCSS","syntax":"sass","origin":{"generatedLine":1,"generatedColumn":2,"originalSource":"/private/tmp/master-css-vite-map-control-HZH6ql/_bad.sass","originalLine":2,"originalColumn":2},"sources":["/private/tmp/master-css-vite-map-control-HZH6ql/_bad.sass"],"pass":true}
@master/css-vite:test: 
@master/css-vite:test:  ✓ tests/plugins/bug-hunt-manifest-startup-recovery.test.ts (13 tests) 47617ms
@master/css-vite:test:    ✓ BH-0004 manifest bootstrap reports HTTP errors and recovers without module requests or watcher events in static 4877ms
@master/css-vite:test:    ✓ BH-0004 manifest bootstrap reports HTTP errors and recovers without module requests or watcher events in runtime 4455ms
@master/css-vite:test:    ✓ BH-0004 manifest bootstrap reports HTTP errors and recovers without module requests or watcher events in pre-render 7864ms
@master/css-vite:test:    ✓ BH-0004 manifest bootstrap reports HTTP errors and recovers without module requests or watcher events in progressive 10224ms
@master/css-vite:test:    ✓ BH-0004 production still fails for missing project manifest dependencies in static 824ms
@master/css-vite:test:    ✓ BH-0004 production still fails for missing project manifest dependencies in runtime 815ms
@master/css-vite:test:    ✓ BH-0004 production still fails for missing project manifest dependencies in pre-render 698ms
@master/css-vite:test:    ✓ BH-0004 production still fails for missing project manifest dependencies in progressive 522ms
@master/css-vite:test:    ✓ BH-0004 manifest bootstrap recovery respects client close 1181ms
@master/css-vite:test:    ✓ BH-0004 manifest bootstrap recovery respects ssr close 4840ms
@master/css-vite:test:    ✓ BH-0004 manifest bootstrap recovery respects server close 815ms
@master/css-vite:test:    ✓ BH-0004 invalid manifest after good render never serves the old renderer in pre-render 6394ms
@master/css-vite:test:    ✓ BH-0004 invalid manifest after good render never serves the old renderer in progressive 4105ms
@master/css-language-service:test:  ✓ tests/render-syntax-colors.test.ts (22 tests) 49217ms
@master/css-language-service:test:    ✓ hex 8370ms
@master/css-language-service:test:    ✓ shorthand 8369ms
@master/css-language-service:test:    ✓ with | 8369ms
@master/css-language-service:test:    ✓ with ! 8369ms
@master/css-language-service:test:    ✓ should ignore invalid rgb 8369ms
@master/css-language-service:test:    ✓ should ignore single # 8147ms
@master/css-language-service:test:    ✓ should ignore utility 8147ms
@master/css-language-service:test:    ✓ should ignore number 8147ms
@master/css-language-service:test:    ✓ box-shadow 8147ms
@master/css-language-service:test:    ✓ gradient 8147ms
@master/css-language-service:test:    ✓ custom variable 5847ms
@master/css-language-service:test:    ✓ custom variable/alpha 5847ms
@master/css-language-service:test:    ✓ variable 5847ms
@master/css-language-service:test:    ✓ variable/opacity 5847ms
@master/css-language-service:test:    ✓ CSS color() function 1465ms
@master/css-language-service:test:    ✓ CSS color-mix() function 15970ms
@master/css-language-service:test:    ✓ click to switch color spaces 1158ms
@master/css-language-service:test:    ✓ convert any color spaces to RGB and hint correctly 5909ms
@master/css-language-service:test:    ✓ maps out-of-gamut colors into the LSP channel range 2348ms
@master/css-language-service:test:    ✓ color space (3)
@master/css-language-service:test:      ✓ rgb 1694ms
@master/css-language-service:test:      ✓ lab 1694ms
@master/css-language-service:test:      ✓ hsla 1694ms
@master/css-language-service:test: 
@master/css-language-service:test:  Test Files  33 passed (33)
@master/css-language-service:test:       Tests  373 passed (373)
@master/css-language-service:test:    Start at  13:54:55
@master/css-language-service:test:    Duration  52.42s (tests 91%, import 5%, transform 4%)
@master/css-language-service:test: 
@master/css-vite:test: stdout | tests/plugins/bug-hunt-sass-partial-references.test.ts > pure Vite maps a partial reference to its original scss file
@master/css-vite:test: {"control":"pure-vite-partial-reference","syntax":"scss","code":"@reference \"./tokens.css\";\n.target {\n  @compose paint;\n}","origin":{"generatedLine":0,"generatedColumn":0,"originalSource":"/private/tmp/master-css-partial-reference-fdyXHE/shared/_rules.scss","originalLine":0,"originalColumn":0}}
@master/css-vite:test: 
@master/css-vite:test: stdout | tests/plugins/bug-hunt-sass-partial-references.test.ts > pure Vite maps a partial reference to its original sass file
@master/css-vite:test: {"control":"pure-vite-partial-reference","syntax":"sass","code":"@reference \"./tokens.css\";\n.target {\n  @compose paint;\n}","origin":{"generatedLine":0,"generatedColumn":0,"originalSource":"/private/tmp/master-css-partial-reference-En9utz/shared/_rules.sass","originalLine":0,"originalColumn":0}}
@master/css-vite:test: 
@master/css-vite:test: stdout | tests/plugins/bug-hunt-sass-partial-references.test.ts > pure Vite needs the root identity when chaining a partial-only scss map with additionalData
@master/css-vite:test: {"control":"pure-vite-additional-map-chain","syntax":"scss","marker":false,"sources":["style.scss"],"origin":{}}
@master/css-vite:test: 
@master/css-vite:test: stdout | tests/plugins/bug-hunt-sass-partial-references.test.ts > pure Vite needs the root identity when chaining a partial-only scss map with additionalData
@master/css-vite:test: {"control":"pure-vite-additional-map-chain","syntax":"scss","marker":true,"sources":["/private/tmp/master-css-partial-reference-zUWQsn/shared/_rules.scss"],"origin":{"generatedLine":0,"generatedColumn":0,"originalSource":"/private/tmp/master-css-partial-reference-zUWQsn/shared/_rules.scss","originalLine":0,"originalColumn":0}}
@master/css-vite:test: 
@master/css-vite:test: stdout | tests/plugins/bug-hunt-sass-partial-references.test.ts > pure Vite needs the root identity when chaining a partial-only sass map with additionalData
@master/css-vite:test: {"control":"pure-vite-additional-map-chain","syntax":"sass","marker":false,"sources":["style.sass"],"origin":{}}
@master/css-vite:test: 
@master/css-vite:test: stdout | tests/plugins/bug-hunt-sass-partial-references.test.ts > pure Vite needs the root identity when chaining a partial-only sass map with additionalData
@master/css-vite:test: {"control":"pure-vite-additional-map-chain","syntax":"sass","marker":true,"sources":["/private/tmp/master-css-partial-reference-xm390Y/shared/_rules.sass"],"origin":{"generatedLine":0,"generatedColumn":0,"originalSource":"/private/tmp/master-css-partial-reference-xm390Y/shared/_rules.sass","originalLine":0,"originalColumn":0}}
@master/css-vite:test: 
@master/css-vite:test:  ✓ tests/plugins/bug-hunt-imported-sass-original-maps.test.ts (54 tests) 68273ms
@master/css-vite:test:    ✓ imported Sass maps original file and token: css / scss / partial=false / identity / build 2980ms
@master/css-vite:test:    ✓ imported Sass maps original file and token: css / scss / partial=false / identity / serve 2068ms
@master/css-vite:test:    ✓ imported Sass maps original file and token: css / scss / partial=false / string / build 1702ms
@master/css-vite:test:    ✓ imported Sass maps original file and token: css / scss / partial=false / string / serve 1463ms
@master/css-vite:test:    ✓ imported Sass maps original file and token: css / scss / partial=false / mapped / build 1465ms
@master/css-vite:test:    ✓ imported Sass maps original file and token: css / scss / partial=false / mapped / serve 1601ms
@master/css-vite:test:    ✓ imported Sass maps original file and token: css / scss / partial=true / identity / build 1754ms
@master/css-vite:test:    ✓ imported Sass maps original file and token: css / scss / partial=true / identity / serve 2153ms
@master/css-vite:test:    ✓ imported Sass maps original file and token: css / scss / partial=true / string / build 1773ms
@master/css-vite:test:    ✓ imported Sass maps original file and token: css / scss / partial=true / string / serve 1625ms
@master/css-vite:test:    ✓ imported Sass maps original file and token: css / scss / partial=true / mapped / build 1716ms
@master/css-vite:test:    ✓ imported Sass maps original file and token: css / scss / partial=true / mapped / serve 1877ms
@master/css-vite:test:    ✓ imported Sass maps original file and token: css / sass / partial=false / identity / build 1759ms
@master/css-vite:test:    ✓ imported Sass maps original file and token: css / sass / partial=false / identity / serve 2010ms
@master/css-vite:test:    ✓ imported Sass maps original file and token: css / sass / partial=false / string / build 1945ms
@master/css-vite:test:    ✓ imported Sass maps original file and token: css / sass / partial=false / string / serve 1826ms
@master/css-vite:test:    ✓ imported Sass maps original file and token: css / sass / partial=false / mapped / build 1578ms
@master/css-vite:test:    ✓ imported Sass maps original file and token: css / sass / partial=false / mapped / serve 1448ms
@master/css-vite:test:    ✓ imported Sass maps original file and token: css / sass / partial=true / identity / build 1744ms
@master/css-vite:test:    ✓ imported Sass maps original file and token: css / sass / partial=true / identity / serve 1648ms
@master/css-vite:test:    ✓ imported Sass maps original file and token: css / sass / partial=true / string / build 1615ms
@master/css-vite:test:    ✓ imported Sass maps original file and token: css / sass / partial=true / string / serve 1589ms
@master/css-vite:test:    ✓ imported Sass maps original file and token: css / sass / partial=true / mapped / build 1407ms
@master/css-vite:test:    ✓ imported Sass maps original file and token: css / sass / partial=true / mapped / serve 1571ms
@master/css-vite:test:    ✓ imported Sass maps original file and token: scss / scss / partial=false / identity / build 1637ms
@master/css-vite:test:    ✓ imported Sass maps original file and token: scss / scss / partial=false / identity / serve 1343ms
@master/css-vite:test:    ✓ imported Sass maps original file and token: scss / scss / partial=false / string / build 1403ms
@master/css-vite:test:    ✓ imported Sass maps original file and token: scss / scss / partial=false / string / serve 1275ms
@master/css-vite:test:    ✓ imported Sass maps original file and token: scss / scss / partial=false / mapped / build 1395ms
@master/css-vite:test:    ✓ imported Sass maps original file and token: scss / scss / partial=false / mapped / serve 1427ms
@master/css-vite:test:    ✓ imported Sass maps original file and token: scss / scss / partial=true / identity / build 1365ms
@master/css-vite:test:    ✓ imported Sass maps original file and token: scss / scss / partial=true / identity / serve 1134ms
@master/css-vite:test:    ✓ imported Sass maps original file and token: scss / scss / partial=true / string / build 1678ms
@master/css-vite:test:    ✓ imported Sass maps original file and token: scss / scss / partial=true / string / serve 1271ms
@master/css-vite:test:    ✓ imported Sass maps original file and token: scss / scss / partial=true / mapped / build 1019ms
@master/css-vite:test:    ✓ imported Sass maps original file and token: scss / scss / partial=true / mapped / serve 1216ms
@master/css-vite:test:    ✓ imported Sass maps original file and token: scss / sass / partial=false / identity / build 1080ms
@master/css-vite:test:    ✓ imported Sass maps original file and token: scss / sass / partial=false / identity / serve 807ms
@master/css-vite:test:    ✓ imported Sass maps original file and token: scss / sass / partial=false / string / build 706ms
@master/css-vite:test:    ✓ imported Sass maps original file and token: scss / sass / partial=false / string / serve 643ms
@master/css-vite:test:    ✓ imported Sass maps original file and token: scss / sass / partial=false / mapped / build 627ms
@master/css-vite:test:    ✓ imported Sass maps original file and token: scss / sass / partial=false / mapped / serve 599ms
@master/css-vite:test:    ✓ imported Sass maps original file and token: scss / sass / partial=true / identity / build 463ms
@master/css-vite:test:    ✓ imported Sass maps original file and token: scss / sass / partial=true / identity / serve 544ms
@master/css-vite:test:    ✓ imported Sass maps original file and token: scss / sass / partial=true / string / build 661ms
@master/css-vite:test:    ✓ imported Sass maps original file and token: scss / sass / partial=true / string / serve 569ms
@master/css-vite:test:    ✓ imported Sass maps original file and token: scss / sass / partial=true / mapped / build 503ms
@master/css-vite:test:    ✓ imported Sass maps original file and token: scss / sass / partial=true / mapped / serve 577ms
@master/css-vite:test:    ✓ imported scss keeps honest interpolated diagnostic precision 501ms
@master/css-vite:test:    ✓ imported scss keeps honest unmapped diagnostic precision 471ms
@master/css-vite:test:    ✓ imported sass keeps honest interpolated diagnostic precision 471ms
@master/css-vite:test:    ✓ imported sass keeps honest unmapped diagnostic precision 534ms
@master/css-vite:test:  ✓ tests/plugins/bug-hunt-local-compose-graphs.test.ts (32 tests) 73451ms
@master/css-vite:test:    ✓ BH-0004 local compose retains qualified child imports in serve/root-compose=false/child-compose=false/static 2235ms
@master/css-vite:test:    ✓ BH-0004 local compose retains qualified child imports in serve/root-compose=false/child-compose=false/runtime 1355ms
@master/css-vite:test:    ✓ BH-0004 local compose retains qualified child imports in serve/root-compose=false/child-compose=false/pre-render 2075ms
@master/css-vite:test:    ✓ BH-0004 local compose retains qualified child imports in serve/root-compose=false/child-compose=false/progressive 2033ms
@master/css-vite:test:    ✓ BH-0004 local compose retains qualified child imports in serve/root-compose=false/child-compose=true/static 2140ms
@master/css-vite:test:    ✓ BH-0004 local compose retains qualified child imports in serve/root-compose=false/child-compose=true/runtime 2383ms
@master/css-vite:test:    ✓ BH-0004 local compose retains qualified child imports in serve/root-compose=false/child-compose=true/pre-render 2699ms
@master/css-vite:test:    ✓ BH-0004 local compose retains qualified child imports in serve/root-compose=false/child-compose=true/progressive 2738ms
@master/css-vite:test:    ✓ BH-0004 local compose retains qualified child imports in serve/root-compose=true/child-compose=false/static 2611ms
@master/css-vite:test:    ✓ BH-0004 local compose retains qualified child imports in serve/root-compose=true/child-compose=false/runtime 2122ms
@master/css-vite:test:    ✓ BH-0004 local compose retains qualified child imports in serve/root-compose=true/child-compose=false/pre-render 2703ms
@master/css-vite:test:    ✓ BH-0004 local compose retains qualified child imports in serve/root-compose=true/child-compose=false/progressive 2889ms
@master/css-vite:test:    ✓ BH-0004 local compose retains qualified child imports in serve/root-compose=true/child-compose=true/static 2781ms
@master/css-vite:test:    ✓ BH-0004 local compose retains qualified child imports in serve/root-compose=true/child-compose=true/runtime 2917ms
@master/css-vite:test:    ✓ BH-0004 local compose retains qualified child imports in serve/root-compose=true/child-compose=true/pre-render 3434ms
@master/css-vite:test:    ✓ BH-0004 local compose retains qualified child imports in serve/root-compose=true/child-compose=true/progressive 3452ms
@master/css-vite:test:    ✓ BH-0004 local compose retains qualified child imports in build/root-compose=false/child-compose=false/static 1457ms
@master/css-vite:test:    ✓ BH-0004 local compose retains qualified child imports in build/root-compose=false/child-compose=false/runtime 2358ms
@master/css-vite:test:    ✓ BH-0004 local compose retains qualified child imports in build/root-compose=false/child-compose=false/pre-render 2361ms
@master/css-vite:test:    ✓ BH-0004 local compose retains qualified child imports in build/root-compose=false/child-compose=false/progressive 2991ms
@master/css-vite:test:    ✓ BH-0004 local compose retains qualified child imports in build/root-compose=false/child-compose=true/static 2354ms
@master/css-vite:test:    ✓ BH-0004 local compose retains qualified child imports in build/root-compose=false/child-compose=true/runtime 2773ms
@master/css-vite:test:    ✓ BH-0004 local compose retains qualified child imports in build/root-compose=false/child-compose=true/pre-render 3380ms
@master/css-vite:test:    ✓ BH-0004 local compose retains qualified child imports in build/root-compose=false/child-compose=true/progressive 3131ms
@master/css-vite:test:    ✓ BH-0004 local compose retains qualified child imports in build/root-compose=true/child-compose=false/static 1951ms
@master/css-vite:test:    ✓ BH-0004 local compose retains qualified child imports in build/root-compose=true/child-compose=false/runtime 1855ms
@master/css-vite:test:    ✓ BH-0004 local compose retains qualified child imports in build/root-compose=true/child-compose=false/pre-render 1428ms
@master/css-vite:test:    ✓ BH-0004 local compose retains qualified child imports in build/root-compose=true/child-compose=false/progressive 1729ms
@master/css-vite:test:    ✓ BH-0004 local compose retains qualified child imports in build/root-compose=true/child-compose=true/static 1147ms
@master/css-vite:test:    ✓ BH-0004 local compose retains qualified child imports in build/root-compose=true/child-compose=true/runtime 1247ms
@master/css-vite:test:    ✓ BH-0004 local compose retains qualified child imports in build/root-compose=true/child-compose=true/pre-render 1317ms
@master/css-vite:test:    ✓ BH-0004 local compose retains qualified child imports in build/root-compose=true/child-compose=true/progressive 1401ms
@master/css-vite:test:  ✓ tests/bug-hunt-hydration-url-matrix.test.ts (6 tests) 77384ms
@master/css-vite:test:    ✓ BH-0016 resolves each emitted manifest for progressive / ./ / assets 19157ms
@master/css-vite:test:    ✓ BH-0016 resolves each emitted manifest for progressive /  / custom/files 17872ms
@master/css-vite:test:    ✓ BH-0016 resolves each emitted manifest for progressive / ./ /  17178ms
@master/css-vite:test:    ✓ BH-0016 resolves each emitted manifest for progressive / /app/ / assets 12271ms
@master/css-vite:test:    ✓ BH-0016 resolves each emitted manifest for progressive / https://cdn.example.test/app/ / assets 6016ms
@master/css-vite:test:    ✓ BH-0016 resolves each emitted manifest for pre-render / ./ / custom/files 4887ms
@master/css-vite:test:  ❯ tests/plugins/bug-hunt-failed-dependency-reconciliation.test.ts (22 tests | 3 failed) 77799ms
@master/css-vite:test:    ✓ BH-0004 reconciles failed dependency without delivered watcher events in static (resource=false) 4031ms
@master/css-vite:test:    ✓ BH-0004 reconciles failed dependency without delivered watcher events in runtime (resource=false) 3751ms
@master/css-vite:test:    ✓ BH-0004 reconciles failed dependency without delivered watcher events in pre-render (resource=false) 3816ms
@master/css-vite:test:    ✓ BH-0004 reconciles failed dependency without delivered watcher events in progressive (resource=false) 3438ms
@master/css-vite:test:    × BH-0004 reconciles failed dependency without delivered watcher events in static (resource=true) 5773ms
@master/css-vite:test:    × BH-0004 reconciles failed dependency without delivered watcher events in runtime (resource=true) 5631ms
@master/css-vite:test:    × BH-0004 reconciles failed dependency without delivered watcher events in pre-render (resource=true) 13022ms
@master/css-vite:test:    ✓ BH-0004 reconciles failed dependency without delivered watcher events in progressive (resource=true) 11446ms
@master/css-vite:test:    ✓ BH-0004 failed dependency reconciliation respects closing ssr 2650ms
@master/css-vite:test:    ✓ BH-0004 failed dependency reconciliation respects closing client 1309ms
@master/css-vite:test:    ✓ BH-0004 failed dependency reconciliation respects closing server 1108ms
@master/css-vite:test:    ✓ BH-0004 pending reconciliations remain isolated across servers (shared=false) 5522ms
@master/css-vite:test:    ✓ BH-0004 pending reconciliations remain isolated across servers (shared=true) 4004ms
@master/css-vite:test:    ✓ BH-0004 unchanged failures are not retried continuously and corrected contents recover 1987ms
@master/css-vite:test:    ✓ BH-0004 a successful edit drops obsolete failed dependency reconciliation 844ms
@master/css-vite:test:    ✓ BH-0004 reconciliation respects watch configuration: disabled 1288ms
@master/css-vite:test:    ✓ BH-0004 reconciliation respects watch configuration: glob 1338ms
@master/css-vite:test:    ✓ BH-0004 reconciliation respects watch configuration: function 1298ms
@master/css-vite:test:    ✓ BH-0004 two failed owners recover independently in one environment 2303ms
@master/css-vite:test:    ✓ BH-0004 closing client during a reconciliation suppresses stale updates 861ms
@master/css-vite:test:    ✓ BH-0004 closing server during a reconciliation suppresses stale updates 803ms
@master/css-vite:test:    ✓ BH-0004 server restart drops reconciliations owned by the previous environment 1574ms
@master/css-vite:test:  ✓ tests/plugins/bug-hunt-shared-plugin-builds.test.ts (8 tests) 78378ms
@master/css-vite:test:    ✓ BH-0004 shared static plugins isolate concurrent HTML builds and resources 10970ms
@master/css-vite:test:    ✓ BH-0004 shared runtime plugins isolate concurrent HTML builds and resources 10977ms
@master/css-vite:test:    ✓ BH-0004 shared pre-render plugins isolate concurrent HTML builds and resources 16893ms
@master/css-vite:test:    ✓ BH-0004 shared progressive plugins isolate concurrent HTML builds and resources 17700ms
@master/css-vite:test:    ✓ BH-0004 shared SSR/client plugins preserve base= with config file false 8892ms
@master/css-vite:test:    ✓ BH-0004 shared SSR/client plugins preserve base=./ with config file false 4567ms
@master/css-vite:test:    ✓ BH-0004 shared SSR/client plugins preserve base= with config file true 4314ms
@master/css-vite:test:    ✓ BH-0004 shared SSR/client plugins preserve base=./ with config file true 4050ms
@master/eslint-plugin-css:test:  ✓ tests/prefer-canonical-classes.test.ts (66 tests) 94636ms
@master/eslint-plugin-css:test:    ✓ prefer canonical classes (39)
@master/eslint-plugin-css:test:      ✓ valid (13)
@master/eslint-plugin-css:test:        ✓ <div class="text-center font:md m:md r:md fg:red-60">Recommended classes</div> 3129ms
@master/eslint-plugin-css:test:        ✓ <div class="btn width:error unknown-class">Unknown classes are ignored</div> 2246ms
@master/eslint-plugin-css:test:        ✓ <div class="text:muted grid-col-span:4">Manifest aliases are preserved</div> 2562ms
@master/eslint-plugin-css:test:        ✓ <div class="font:16px">Theme tokens disabled</div> 2475ms
@master/eslint-plugin-css:test:        ✓ <div class="margin:md">Property aliases disabled</div> 2969ms
@master/eslint-plugin-css:test:        ✓ <div class="display:block">Static utilities disabled</div> 2156ms
@master/eslint-plugin-css:test:        ✓ <div class="m:var(--spacing-md)">Variable references disabled</div> 1948ms
@master/eslint-plugin-css:test:        ✓ <div class="m:1rem|1.5rem">Multi-value tokens disabled</div> 2187ms
@master/eslint-plugin-css:test:        ✓ <div class="w:md h:md">Composition utilities disabled</div> 1936ms
@master/eslint-plugin-css:test:        ✓ <div class="mt:md mb:md">Axis composition utilities disabled</div> 1831ms
@master/eslint-plugin-css:test:        ✓ <div class="block@dark@sm">Condition order disabled</div> 2318ms
@master/eslint-plugin-css:test:        ✓ <div class="font:16px@dark@sm">Theme tokens and condition order disabled</div> 1789ms
@master/eslint-plugin-css:test:        ✓ <div class="block@sm:hover block:focus:hover block@start@sm block@print@sm block@supports(display:grid)@sm">Unsafe suffix order</div> 1898ms
@master/eslint-plugin-css:test:      ✓ invalid (26)
@master/eslint-plugin-css:test:        ✓ <div class="text-align:center:hover@sm">Static pattern utility with variants</div> 1458ms
@master/eslint-plugin-css:test:        ✓ <div class="display:block align-items:center">Static utilities</div> 1559ms
@master/eslint-plugin-css:test:        ✓ <div class="font:16px font:1rem r:.375rem">Variables</div> 1833ms
@master/eslint-plugin-css:test:        ✓ <div class="m:4x margin:md padding-inline:md color:red-60">Aliases</div> 2490ms
@master/eslint-plugin-css:test:        ✓ <div class="font-size:md background-color:red-60">Named token keys</div> 2558ms
@master/eslint-plugin-css:test:        ✓ <div class="m:1rem|1.5rem p:.5rem|1rem r:.25rem|.375rem">Multi-value tokens</div> 1582ms
@master/eslint-plugin-css:test:        ✓ <div class="m:var(--spacing-md) r:var(--radius-md) fg:var(--color-red-60)">Variable references</div> 2312ms
@master/eslint-plugin-css:test:        ✓ <div class="block@dark@sm block:hover@dark@sm block!@dark@sm">Condition order</div> 1983ms
@master/eslint-plugin-css:test:        ✓ <div class="font:16px@dark@sm text-align:center@dark@sm">Condition order with canonical classes</div> 1868ms
@master/eslint-plugin-css:test:        ✓ <div class="font:16px@dark@sm">Condition order disabled keeps theme token fix</div> 2072ms
@master/eslint-plugin-css:test:        ✓ <div class="font:16px@dark@sm">Theme tokens disabled keeps condition order fix</div> 1719ms
@master/eslint-plugin-css:test:        ✓ <div class="margin:md@dark@sm">Property aliases disabled keeps condition order fix</div> 1763ms
@master/eslint-plugin-css:test:        ✓ <div class="m:var(--spacing-md)@dark@sm">Variable references disabled keeps condition order fix</div> 1670ms
@master/eslint-plugin-css:test:        ✓ <div class="m:1rem|1.5rem@dark@sm">Multi-value tokens disabled keeps condition order fix</div> 1777ms
@master/eslint-plugin-css:test:        ✓ <div class="w:md h:md min-w:md min-h:md max-w:md max-h:md">Composition utilities</div> 1694ms
@master/eslint-plugin-css:test:        ✓ <div class="mt:md mb:md ml:md mr:md pt:md pb:md pl:md pr:md">Axis composition utilities</div> 1996ms
@master/eslint-plugin-css:test:        ✓ <div class="mt:md@dark@sm mb:md@dark@sm">Axis composition with condition order</div> 1674ms
@master/eslint-plugin-css:test:        ✓ <div class="width:md height:md w:1rem h:1rem w:md:hover h:md:hover margin-top:md margin-bottom:md padding-left:1rem padding-right:1rem">Composition after canonicalization</div> 2297ms
@master/eslint-plugin-css:test:        ✓ clsx('display:block font:16px') 1489ms
@master/eslint-plugin-css:test:        ✓ clsx('block@dark@sm font:16px@dark@sm') 1557ms
@master/eslint-plugin-css:test:        ✓ clsx('width:md height:md') 1504ms
@master/eslint-plugin-css:test:        ✓ clsx('margin-top:md margin-bottom:md') 1577ms
@master/eslint-plugin-css:test:        ✓ ctl(`font:1rem r:.375rem`) 1532ms
@master/eslint-plugin-css:test:        ✓ ctl(`block:hover@dark@sm`) 1472ms
@master/eslint-plugin-css:test:        ✓ ctl(`w:1rem h:1rem`) 1481ms
@master/eslint-plugin-css:test:        ✓ ctl(`padding-left:1rem padding-right:1rem`) 1296ms
@master/eslint-plugin-css:test:    ✓ prefer canonical classes custom components (1)
@master/eslint-plugin-css:test:      ✓ valid (1)
@master/eslint-plugin-css:test:        ✓ <button class="btn">Component class</button> 1488ms
@master/eslint-plugin-css:test:    ✓ prefer canonical classes custom manifest (2)
@master/eslint-plugin-css:test:      ✓ valid (1)
@master/eslint-plugin-css:test:        ✓ <div class="block@midnight@wide btn@midnight@tablet">Custom variants and components</div> 1134ms
@master/eslint-plugin-css:test:      ✓ invalid (1)
@master/eslint-plugin-css:test:        ✓ <div class="m:1.25rem@midnight@tablet content-visibility:auto">Custom manifest</div> 1435ms
@master/eslint-plugin-css:test:    ✓ prefer canonical classes parser smoke tests (8)
@master/eslint-plugin-css:test:      ✓ invalid (8)
@master/eslint-plugin-css:test:        ✓ <template><div class="mt:md mb:md">Vue</div></template> 989ms
@master/eslint-plugin-css:test:        ✓ <template><div class="block@dark@sm">Vue condition</div></template> 698ms
@master/eslint-plugin-css:test:        ✓ <div class="ml:md mr:md">Svelte</div> 806ms
@master/eslint-plugin-css:test:        ✓ <div class="block@dark@sm">Svelte condition</div> 688ms
@master/eslint-plugin-css:test:        ✓ <div class="pt:md pb:md">Angular</div> 698ms
@master/eslint-plugin-css:test:        ✓ <div class="block@dark@sm">Angular condition</div> 591ms
@master/eslint-plugin-css:test:        ✓ 
@master/eslint-plugin-css:test:             # Test
@master/eslint-plugin-css:test:             <div class="pl:md pr:md">MDX</div> 762ms
@master/eslint-plugin-css:test:        ✓ 
@master/eslint-plugin-css:test:             # Test
@master/eslint-plugin-css:test:             <div class="block@dark@sm">MDX condition</div> 567ms
@master/eslint-plugin-css:test:    ✓ prefer canonical classes in compose directives (5)
@master/eslint-plugin-css:test:      ✓ valid (1)
@master/eslint-plugin-css:test:        ✓ .btn {
@master/eslint-plugin-css:test:     @compose text-center;
@master/eslint-plugin-css:test:     contain: content;
@master/eslint-plugin-css:test: } 603ms
@master/eslint-plugin-css:test:      ✓ invalid (4)
@master/eslint-plugin-css:test:        ✓ .btn {
@master/eslint-plugin-css:test:     @compose text-align:center contain:content;
@master/eslint-plugin-css:test: } 612ms
@master/eslint-plugin-css:test:        ✓ .btn { @compose contain:content; } 578ms
@master/eslint-plugin-css:test:        ✓ @components {
@master/eslint-plugin-css:test:     btn {
@master/eslint-plugin-css:test:         @compose bg:blue-60:hover@sm block@dark;
@master/eslint-plugin-css:test:     }
@master/eslint-plugin-css:test: } 712ms
@master/eslint-plugin-css:test:        ✓ .btn {
@master/eslint-plugin-css:test:     @compose contain:content contain:none;
@master/eslint-plugin-css:test: } 582ms
@master/eslint-plugin-css:test:    ✓ prefer canonical classes compose directives (11)
@master/eslint-plugin-css:test:      ✓ valid (5)
@master/eslint-plugin-css:test:        ✓ .btn { @compose "font:16px margin:md"; } 486ms
@master/eslint-plugin-css:test:        ✓ .btn { @compose { font:16px margin:md }; } 499ms
@master/eslint-plugin-css:test:        ✓ const css = '.btn { @compose font:16px margin:md; }' 554ms
@master/eslint-plugin-css:test:        ✓ <template><p>@compose font:16px margin:md</p></template><style>.btn { @compose font:md m:md; }</style> 510ms
@master/eslint-plugin-css:test:        ✓ <script>const css = '.btn { @compose font:16px margin:md; }'</script><style>.btn { @compose font:md m:md; }</style> 508ms
@master/eslint-plugin-css:test:      ✓ invalid (6)
@master/eslint-plugin-css:test:        ✓ .btn { @compose font:16px margin:md; } 573ms
@master/eslint-plugin-css:test:        ✓ .btn { @compose w:md h:md mt:md mb:md; } 569ms
@master/eslint-plugin-css:test:        ✓ .btn { @compose block@dark@sm font:16px@dark@sm; } 545ms
@master/eslint-plugin-css:test:        ✓ .btn {
@master/eslint-plugin-css:test:   @compose
@master/eslint-plugin-css:test:     font:16px
@master/eslint-plugin-css:test:     margin:md
@master/eslint-plugin-css:test:   ;
@master/eslint-plugin-css:test: } 597ms
@master/eslint-plugin-css:test:        ✓ <template><button /></template><style>.btn { @compose font:16px margin:md; }</style> 561ms
@master/eslint-plugin-css:test:        ✓ <script>const value = true</script><style>.btn { @compose w:md h:md; }</style> 614ms
@master/eslint-plugin-css:test: 
@master/eslint-plugin-css:test:  Test Files  24 passed (24)
@master/eslint-plugin-css:test:       Tests  291 passed (291)
@master/eslint-plugin-css:test:    Start at  13:54:14
@master/eslint-plugin-css:test:    Duration  100.14s (tests 85%, setup 6%, transform 6%, import 3%)
@master/eslint-plugin-css:test: 
@master/css-vite:test:  ❯ tests/plugins/bug-hunt-build-failure-lifecycle.test.ts (12 tests | 3 failed) 81198ms
@master/css-vite:test:    ✓ build recovery replaces failures and forgets successful dependencies in static (managed=false) 10642ms
@master/css-vite:test:    ✓ build recovery replaces failures and forgets successful dependencies in runtime (managed=false) 7519ms
@master/css-vite:test:    ✓ build recovery replaces failures and forgets successful dependencies in pre-render (managed=false) 10933ms
@master/css-vite:test:    ✓ build recovery replaces failures and forgets successful dependencies in progressive (managed=false) 10947ms
@master/css-vite:test:    ✓ build recovery replaces failures and forgets successful dependencies in static (managed=true) 8610ms
@master/css-vite:test:    ✓ build recovery replaces failures and forgets successful dependencies in runtime (managed=true) 7977ms
@master/css-vite:test:    × build recovery replaces failures and forgets successful dependencies in pre-render (managed=true) 7516ms
@master/css-vite:test:    ✓ build recovery replaces failures and forgets successful dependencies in progressive (managed=true) 5159ms
@master/css-vite:test:    ✓ closing a failed build releases its polling and owned cache files 597ms
@master/css-vite:test:    ✓ build recovery respects excluded dependencies 677ms
@master/css-vite:test:    × watch filters allow reference recovery with authored-file include 5301ms
@master/css-vite:test:    × watch filters allow reference recovery with cache-directory exclude 5314ms
@master/css-vite:test:  ✓ tests/plugins/bug-hunt-manifest-lifecycle.test.ts (17 tests) 87511ms
@master/css-vite:test:    ✓ BH-0004 SSR close preserves the live client renderer after pending manifest response in pre-render (failure=false) 13685ms
@master/css-vite:test:    ✓ BH-0004 SSR close preserves the live client renderer after pending manifest response in progressive (failure=false) 11975ms
@master/css-vite:test:    ✓ BH-0004 SSR close preserves the live client renderer after pending manifest response in pre-render (failure=true) 12609ms
@master/css-vite:test:    ✓ BH-0004 SSR close preserves the live client renderer after pending manifest response in progressive (failure=true) 11270ms
@master/css-vite:test:    ✓ BH-0004 restarting a failed manifest server transfers recovery to the new environment in static 2291ms
@master/css-vite:test:    ✓ BH-0004 restarting a failed manifest server transfers recovery to the new environment in runtime 2349ms
@master/css-vite:test:    ✓ BH-0004 restarting a failed manifest server transfers recovery to the new environment in pre-render 5543ms
@master/css-vite:test:    ✓ BH-0004 restarting a failed manifest server transfers recovery to the new environment in progressive 4227ms
@master/css-vite:test:    ✓ BH-0004 an in-flight HMR manifest operation cannot notify or report errors after close in pre-render (failure=false) 4572ms
@master/css-vite:test:    ✓ BH-0004 an in-flight HMR manifest operation cannot notify or report errors after close in progressive (failure=false) 3713ms
@master/css-vite:test:    ✓ BH-0004 an in-flight HMR manifest operation cannot notify or report errors after close in pre-render (failure=true) 3458ms
@master/css-vite:test:    ✓ BH-0004 an in-flight HMR manifest operation cannot notify or report errors after close in progressive (failure=true) 3366ms
@master/css-vite:test:    ✓ BH-0004 reconciliation updates an already loaded manifest through its HMR boundary 2045ms
@master/css-vite:test:    ✓ BH-0004 closing client during manifest recovery prevents late notifications (failure=false) 1611ms
@master/css-vite:test:    ✓ BH-0004 closing server during manifest recovery prevents late notifications (failure=false) 1703ms
@master/css-vite:test:    ✓ BH-0004 closing client during manifest recovery prevents late notifications (failure=true) 1543ms
@master/css-vite:test:    ✓ BH-0004 closing server during manifest recovery prevents late notifications (failure=true) 1551ms
@master/css-vite:test:  ✓ tests/plugins/style-entry-vite-build.test.ts (6 tests) 17471ms
@master/css-vite:test:    ✓ StyleEntryPlugin Vite build integration (6)
@master/css-vite:test:      ✓ keeps package imports legal when @master/css appears first in the import block 1877ms
@master/css-vite:test:      ✓ default runtime mode emits preset base CSS for the root Master CSS import 2616ms
@master/css-vite:test:      ✓ progressive mode emits preset base CSS for the root Master CSS import 5298ms
@master/css-vite:test:      ✓ pre-render mode emits preset base CSS for the root Master CSS import 4762ms
@master/css-vite:test:      ✓ static mode emits preset base CSS for the root Master CSS import 1880ms
@master/css-vite:test:      ✓ default runtime mode lets Vite expand the explicit base.css subpath import 1035ms
@master/css-vite:test:  ✓ tests/plugins/bug-hunt-local-query-graphs.test.ts (16 tests) 18708ms
@master/css-vite:test:    ✓ local imported directives survive serve/?url/static 872ms
@master/css-vite:test:    ✓ local imported directives survive serve/?url/runtime 864ms
@master/css-vite:test:    ✓ local imported directives survive serve/?url/pre-render 991ms
@master/css-vite:test:    ✓ local imported directives survive serve/?url/progressive 1023ms
@master/css-vite:test:    ✓ local imported directives survive serve/?theme=dark/static 1241ms
@master/css-vite:test:    ✓ local imported directives survive serve/?theme=dark/runtime 1174ms
@master/css-vite:test:    ✓ local imported directives survive serve/?theme=dark/pre-render 1295ms
@master/css-vite:test:    ✓ local imported directives survive serve/?theme=dark/progressive 1327ms
@master/css-vite:test:    ✓ local imported directives survive build/?url/static 853ms
@master/css-vite:test:    ✓ local imported directives survive build/?url/runtime 1239ms
@master/css-vite:test:    ✓ local imported directives survive build/?url/pre-render 1231ms
@master/css-vite:test:    ✓ local imported directives survive build/?url/progressive 1670ms
@master/css-vite:test:    ✓ local imported directives survive build/?theme=dark/static 908ms
@master/css-vite:test:    ✓ local imported directives survive build/?theme=dark/runtime 1223ms
@master/css-vite:test:    ✓ local imported directives survive build/?theme=dark/pre-render 1219ms
@master/css-vite:test:    ✓ local imported directives survive build/?theme=dark/progressive 1576ms
@master/css-vite:test:  ✓ tests/plugins/bug-hunt-sass-partial-references.test.ts (22 tests) 20556ms
@master/css-vite:test:    ✓ BH-0004 partial scss reference with none additionalData retains original owner in plain-root 1203ms
@master/css-vite:test:    ✓ BH-0004 partial scss reference with none additionalData retains original owner in module-root 1110ms
@master/css-vite:test:    ✓ BH-0004 partial scss reference with none additionalData retains original owner in retained-module 1089ms
@master/css-vite:test:    ✓ BH-0004 partial sass reference with none additionalData retains original owner in plain-root 1075ms
@master/css-vite:test:    ✓ BH-0004 partial sass reference with none additionalData retains original owner in module-root 1271ms
@master/css-vite:test:    ✓ BH-0004 partial sass reference with none additionalData retains original owner in retained-module 1183ms
@master/css-vite:test:    ✓ BH-0004 partial scss reference with string additionalData retains original owner in plain-root 1077ms
@master/css-vite:test:    ✓ BH-0004 partial scss reference with string additionalData retains original owner in module-root 1017ms
@master/css-vite:test:    ✓ BH-0004 partial scss reference with string additionalData retains original owner in retained-module 1049ms
@master/css-vite:test:    ✓ BH-0004 partial sass reference with string additionalData retains original owner in plain-root 1088ms
@master/css-vite:test:    ✓ BH-0004 partial sass reference with string additionalData retains original owner in module-root 1053ms
@master/css-vite:test:    ✓ BH-0004 partial sass reference with string additionalData retains original owner in retained-module 1111ms
@master/css-vite:test:    ✓ BH-0004 partial scss reference with mapped additionalData retains original owner in plain-root 1148ms
@master/css-vite:test:    ✓ BH-0004 partial scss reference with mapped additionalData retains original owner in module-root 1187ms
@master/css-vite:test:    ✓ BH-0004 partial scss reference with mapped additionalData retains original owner in retained-module 1206ms
@master/css-vite:test:    ✓ BH-0004 partial sass reference with mapped additionalData retains original owner in plain-root 1150ms
@master/css-vite:test:    ✓ BH-0004 partial sass reference with mapped additionalData retains original owner in module-root 1032ms
@master/css-vite:test:    ✓ BH-0004 partial sass reference with mapped additionalData retains original owner in retained-module 1235ms
@master/css-vite:test:  ✓ tests/plugins/bug-hunt-retained-sass-references.test.ts (16 tests) 93195ms
@master/css-vite:test:    ✓ BH-0004 retained scss references keep child owners in static/build 6846ms
@master/css-vite:test:    ✓ BH-0004 retained scss references keep child owners in static/serve 13689ms
@master/css-vite:test:    ✓ BH-0004 retained sass references keep child owners in static/build 4702ms
@master/css-vite:test:    ✓ BH-0004 retained sass references keep child owners in static/serve 13518ms
@master/css-vite:test:    ✓ BH-0004 retained scss references keep child owners in runtime/build 4378ms
@master/css-vite:test:    ✓ BH-0004 retained scss references keep child owners in runtime/serve 12412ms
@master/css-vite:test:    ✓ BH-0004 retained sass references keep child owners in runtime/build 3925ms
@master/css-vite:test:    ✓ BH-0004 retained sass references keep child owners in runtime/serve 7770ms
@master/css-vite:test:    ✓ BH-0004 retained scss references keep child owners in pre-render/build 1847ms
@master/css-vite:test:    ✓ BH-0004 retained scss references keep child owners in pre-render/serve 4766ms
@master/css-vite:test:    ✓ BH-0004 retained sass references keep child owners in pre-render/build 1671ms
@master/css-vite:test:    ✓ BH-0004 retained sass references keep child owners in pre-render/serve 4565ms
@master/css-vite:test:    ✓ BH-0004 retained scss references keep child owners in progressive/build 1702ms
@master/css-vite:test:    ✓ BH-0004 retained scss references keep child owners in progressive/serve 4647ms
@master/css-vite:test:    ✓ BH-0004 retained sass references keep child owners in progressive/build 1819ms
@master/css-vite:test:    ✓ BH-0004 retained sass references keep child owners in progressive/serve 4936ms
@master/css-vite:test:  ✓ tests/plugins/bug-hunt-dev-resource-paths.test.ts (14 tests) 14795ms
@master/css-vite:test:    ✓ development resource path mode=static name=pixel.svg 782ms
@master/css-vite:test:    ✓ development resource path mode=static name=pixel space.svg 673ms
@master/css-vite:test:    ✓ development resource path mode=static name=pixel#part.svg 717ms
@master/css-vite:test:    ✓ development resource path mode=static name=pixel?query.svg 698ms
@master/css-vite:test:    ✓ development resource path mode=static name=pixel%value.svg 675ms
@master/css-vite:test:    ✓ development resource path mode=static name=圖像.svg 671ms
@master/css-vite:test:    ✓ development resource path mode=static name=private.svg 669ms
@master/css-vite:test:    ✓ development resource path mode=progressive name=pixel.svg 1507ms
@master/css-vite:test:    ✓ development resource path mode=progressive name=pixel space.svg 1355ms
@master/css-vite:test:    ✓ development resource path mode=progressive name=pixel#part.svg 1398ms
@master/css-vite:test:    ✓ development resource path mode=progressive name=pixel?query.svg 1411ms
@master/css-vite:test:    ✓ development resource path mode=progressive name=pixel%value.svg 1420ms
@master/css-vite:test:    ✓ development resource path mode=progressive name=圖像.svg 1350ms
@master/css-vite:test:    ✓ development resource path mode=progressive name=private.svg 1468ms
@master/css-vite:test:  ✓ tests/plugins/bug-hunt-local-sass-url-hmr.test.ts (8 tests) 15849ms
@master/css-vite:test:    ✓ local Sass URL reloads retained child and resource under //static 2178ms
@master/css-vite:test:    ✓ local Sass URL reloads retained child and resource under //runtime 1808ms
@master/css-vite:test:    ✓ local Sass URL reloads retained child and resource under //pre-render 1984ms
@master/css-vite:test:    ✓ local Sass URL reloads retained child and resource under //progressive 2120ms
@master/css-vite:test:    ✓ local Sass URL reloads retained child and resource under /nested//static 1722ms
@master/css-vite:test:    ✓ local Sass URL reloads retained child and resource under /nested//runtime 1933ms
@master/css-vite:test:    ✓ local Sass URL reloads retained child and resource under /nested//pre-render 2091ms
@master/css-vite:test:    ✓ local Sass URL reloads retained child and resource under /nested//progressive 2010ms
@master/css-vite:test:  ✓ tests/plugins/bug-hunt-module-import-contexts.test.ts (4 tests) 15901ms
@master/css-vite:test:    ✓ shared imported CSS keeps two root module scopes, resources and HMR in static 3882ms
@master/css-vite:test:    ✓ shared imported CSS keeps two root module scopes, resources and HMR in runtime 3797ms
@master/css-vite:test:    ✓ shared imported CSS keeps two root module scopes, resources and HMR in pre-render 4082ms
@master/css-vite:test:    ✓ shared imported CSS keeps two root module scopes, resources and HMR in progressive 4137ms
@master/css-vite:test:  ❯ tests/plugins/bug-hunt-missing-directory-watch.test.ts (24 tests | 1 failed) 95661ms
@master/css-vite:test:    ✓ BH-0004 missing directory recovers reference-one in static via default 6361ms
@master/css-vite:test:    ✓ BH-0004 missing directory recovers reference-one in static via node 3674ms
@master/css-vite:test:    ✓ BH-0004 missing directory recovers reference-three in static via default 4578ms
@master/css-vite:test:    ✓ BH-0004 missing directory recovers reference-three in static via node 2895ms
@master/css-vite:test:    ✓ BH-0004 missing directory recovers entry-resource-three in static via default 9079ms
@master/css-vite:test:    × BH-0004 missing directory recovers entry-resource-three in static via node 6610ms
@master/css-vite:test:    ✓ BH-0004 missing directory recovers reference-one in runtime via default 4744ms
@master/css-vite:test:    ✓ BH-0004 missing directory recovers reference-one in runtime via node 4516ms
@master/css-vite:test:    ✓ BH-0004 missing directory recovers reference-three in runtime via default 4432ms
@master/css-vite:test:    ✓ BH-0004 missing directory recovers reference-three in runtime via node 2658ms
@master/css-vite:test:    ✓ BH-0004 missing directory recovers entry-resource-three in runtime via default 7849ms
@master/css-vite:test:    ✓ BH-0004 missing directory recovers entry-resource-three in runtime via node 4328ms
@master/css-vite:test:    ✓ BH-0004 missing directory recovers reference-one in pre-render via default 3584ms
@master/css-vite:test:    ✓ BH-0004 missing directory recovers reference-one in pre-render via node 2209ms
@master/css-vite:test:    ✓ BH-0004 missing directory recovers reference-three in pre-render via default 2177ms
@master/css-vite:test:    ✓ BH-0004 missing directory recovers reference-three in pre-render via node 1381ms
@master/css-vite:test:    ✓ BH-0004 missing directory recovers entry-resource-three in pre-render via default 4681ms
@master/css-vite:test:    ✓ BH-0004 missing directory recovers entry-resource-three in pre-render via node 3793ms
@master/css-vite:test:    ✓ BH-0004 missing directory recovers reference-one in progressive via default 1814ms
@master/css-vite:test:    ✓ BH-0004 missing directory recovers reference-one in progressive via node 1270ms
@master/css-vite:test:    ✓ BH-0004 missing directory recovers reference-three in progressive via default 1910ms
@master/css-vite:test:    ✓ BH-0004 missing directory recovers reference-three in progressive via node 1888ms
@master/css-vite:test:    ✓ BH-0004 missing directory recovers entry-resource-three in progressive via default 5056ms
@master/css-vite:test:    ✓ BH-0004 missing directory recovers entry-resource-three in progressive via node 4171ms
@master/css-vite:test:  ✓ tests/plugins/bug-hunt-module-sass-import-contexts.test.ts (32 tests) 96024ms
@master/css-vite:test:    ✓ equal Sass outputs retain root scope and resource owners in static / css / scss / expanded 7057ms
@master/css-vite:test:    ✓ equal Sass outputs retain root scope and resource owners in static / css / scss / compressed 4744ms
@master/css-vite:test:    ✓ equal Sass outputs retain root scope and resource owners in static / css / sass / expanded 4238ms
@master/css-vite:test:    ✓ equal Sass outputs retain root scope and resource owners in static / css / sass / compressed 4647ms
@master/css-vite:test:    ✓ equal Sass outputs retain root scope and resource owners in static / scss / scss / expanded 4895ms
@master/css-vite:test:    ✓ equal Sass outputs retain root scope and resource owners in static / scss / scss / compressed 4393ms
@master/css-vite:test:    ✓ equal Sass outputs retain root scope and resource owners in static / scss / sass / expanded 5040ms
@master/css-vite:test:    ✓ equal Sass outputs retain root scope and resource owners in static / scss / sass / compressed 4450ms
@master/css-vite:test:    ✓ equal Sass outputs retain root scope and resource owners in runtime / css / scss / expanded 4391ms
@master/css-vite:test:    ✓ equal Sass outputs retain root scope and resource owners in runtime / css / scss / compressed 4335ms
@master/css-vite:test:    ✓ equal Sass outputs retain root scope and resource owners in runtime / css / sass / expanded 4091ms
@master/css-vite:test:    ✓ equal Sass outputs retain root scope and resource owners in runtime / css / sass / compressed 4130ms
@master/css-vite:test:    ✓ equal Sass outputs retain root scope and resource owners in runtime / scss / scss / expanded 4121ms
@master/css-vite:test:    ✓ equal Sass outputs retain root scope and resource owners in runtime / scss / scss / compressed 3321ms
@master/css-vite:test:    ✓ equal Sass outputs retain root scope and resource owners in runtime / scss / sass / expanded 2184ms
@master/css-vite:test:    ✓ equal Sass outputs retain root scope and resource owners in runtime / scss / sass / compressed 1789ms
@master/css-vite:test:    ✓ equal Sass outputs retain root scope and resource owners in pre-render / css / scss / expanded 1978ms
@master/css-vite:test:    ✓ equal Sass outputs retain root scope and resource owners in pre-render / css / scss / compressed 1751ms
@master/css-vite:test:    ✓ equal Sass outputs retain root scope and resource owners in pre-render / css / sass / expanded 1722ms
@master/css-vite:test:    ✓ equal Sass outputs retain root scope and resource owners in pre-render / css / sass / compressed 1665ms
@master/css-vite:test:    ✓ equal Sass outputs retain root scope and resource owners in pre-render / scss / scss / expanded 1614ms
@master/css-vite:test:    ✓ equal Sass outputs retain root scope and resource owners in pre-render / scss / scss / compressed 1878ms
@master/css-vite:test:    ✓ equal Sass outputs retain root scope and resource owners in pre-render / scss / sass / expanded 1603ms
@master/css-vite:test:    ✓ equal Sass outputs retain root scope and resource owners in pre-render / scss / sass / compressed 1713ms
@master/css-vite:test:    ✓ equal Sass outputs retain root scope and resource owners in progressive / css / scss / expanded 1625ms
@master/css-vite:test:    ✓ equal Sass outputs retain root scope and resource owners in progressive / css / scss / compressed 1952ms
@master/css-vite:test:    ✓ equal Sass outputs retain root scope and resource owners in progressive / css / sass / expanded 1927ms
@master/css-vite:test:    ✓ equal Sass outputs retain root scope and resource owners in progressive / css / sass / compressed 1699ms
@master/css-vite:test:    ✓ equal Sass outputs retain root scope and resource owners in progressive / scss / scss / expanded 1724ms
@master/css-vite:test:    ✓ equal Sass outputs retain root scope and resource owners in progressive / scss / scss / compressed 1806ms
@master/css-vite:test:    ✓ equal Sass outputs retain root scope and resource owners in progressive / scss / sass / expanded 1800ms
@master/css-vite:test:    ✓ equal Sass outputs retain root scope and resource owners in progressive / scss / sass / compressed 1736ms
@master/css-vite:test:  ✓ tests/plugins/bug-hunt-local-graph-requests.test.ts (8 tests) 14814ms
@master/css-vite:test:    ✓ local graph keeps CSS Modules exports and inline output in serve/static 1518ms
@master/css-vite:test:    ✓ local graph keeps CSS Modules exports and inline output in serve/runtime 1549ms
@master/css-vite:test:    ✓ local graph keeps CSS Modules exports and inline output in serve/pre-render 1761ms
@master/css-vite:test:    ✓ local graph keeps CSS Modules exports and inline output in serve/progressive 1683ms
@master/css-vite:test:    ✓ local graph keeps CSS Modules exports and inline output in build/static 1862ms
@master/css-vite:test:    ✓ local graph keeps CSS Modules exports and inline output in build/runtime 2036ms
@master/css-vite:test:    ✓ local graph keeps CSS Modules exports and inline output in build/pre-render 2009ms
@master/css-vite:test:    ✓ local graph keeps CSS Modules exports and inline output in build/progressive 2392ms
@master/css-next:test:  ✓ tests/static.test.ts (9 tests) 115966ms
@master/css-next:test:    ✓ Next static mode (9)
@master/css-next:test:      ✓ writes extracted CSS from source files including imported modules 22711ms
@master/css-next:test:      ✓ replaces @master/css imports for dev CSS chunks and preserves ordinary CSS 29704ms
@master/css-next:test:      ✓ prunes dev CSS chunks that import @master/css 26624ms
@master/css-next:test:      ✓ adds output and managed CSS entry files as CSS loader dependencies for dev updates 7929ms
@master/css-next:test:      ✓ ignores app stylesheets with @theme when they do not import @master/css 2643ms
@master/css-next:test:      ✓ lets the scanner loader feed an imported module into the scanner incrementally 5226ms
@master/css-next:test:      ✓ does not scan excluded node_modules modules from the static loader 5210ms
@master/css-next:test:      ✓ updates static CSS when Turbopack reruns the source loader 8079ms
@master/css-next:test:      ✓ updates static CSS when Turbopack reruns the CSS loader 7835ms
@master/css-next:test: 
@master/css-next:test:  Test Files  24 passed (24)
@master/css-next:test:       Tests  152 passed (152)
@master/css-next:test:    Start at  13:54:14
@master/css-next:test:    Duration  118.20s (tests 91%, transform 6%, import 3%)
@master/css-next:test: 
@master/css-vite:test:  ✓ tests/plugins/bug-hunt-dev-graph-environments.test.ts (16 tests) 96935ms
@master/css-vite:test:    ✓ retained graphs survive idle environment replacement mode=static perEnvironment=false 6136ms
@master/css-vite:test:    ✓ retained graphs survive idle environment replacement mode=static perEnvironment=true 6235ms
@master/css-vite:test:    ✓ retained graphs survive idle environment replacement mode=runtime perEnvironment=false 4312ms
@master/css-vite:test:    ✓ retained graphs survive idle environment replacement mode=runtime perEnvironment=true 6216ms
@master/css-vite:test:    ✓ retained graphs survive idle environment replacement mode=pre-render perEnvironment=false 9094ms
@master/css-vite:test:    ✓ retained graphs survive idle environment replacement mode=pre-render perEnvironment=true 12627ms
@master/css-vite:test:    ✓ retained graphs survive idle environment replacement mode=progressive perEnvironment=false 7327ms
@master/css-vite:test:    ✓ retained graphs survive idle environment replacement mode=progressive perEnvironment=true 10726ms
@master/css-vite:test:    ✓ retained graph restart mode=static middleware=false 3257ms
@master/css-vite:test:    ✓ retained graph restart mode=static middleware=true 2061ms
@master/css-vite:test:    ✓ retained graph restart mode=runtime middleware=false 2062ms
@master/css-vite:test:    ✓ retained graph restart mode=runtime middleware=true 1851ms
@master/css-vite:test:    ✓ retained graph restart mode=pre-render middleware=false 4549ms
@master/css-vite:test:    ✓ retained graph restart mode=pre-render middleware=true 7670ms
@master/css-vite:test:    ✓ retained graph restart mode=progressive middleware=false 4681ms
@master/css-vite:test:    ✓ retained graph restart mode=progressive middleware=true 8127ms
@master/css-vite:test:  ✓ tests/plugins/bug-hunt-custom-environment-close.test.ts (6 tests) 9184ms
@master/css-vite:test:    ✓ BH-0004 remaining environments load fresh styles after closing edge (managed=false) 482ms
@master/css-vite:test:    ✓ BH-0004 remaining environments load fresh styles after closing edge (managed=true) 2848ms
@master/css-vite:test:    ✓ BH-0004 remaining environments load fresh styles after closing ssr (managed=true) 2842ms
@master/css-vite:test:    ✓ BH-0004 remaining environments load fresh styles after closing client (managed=true) 2673ms
@master/css-vite:test:  ✓ tests/plugins/bug-hunt-reference-host-recovery.test.ts (26 tests) 97219ms
@master/css-vite:test:    ✓ BH-0004 dev reference recovery scss/plain-root/startup=false 11679ms
@master/css-vite:test:    ✓ BH-0004 dev reference recovery scss/plain-root/startup=true 5104ms
@master/css-vite:test:    ✓ BH-0004 dev reference recovery scss/module-root/startup=false 7587ms
@master/css-vite:test:    ✓ BH-0004 dev reference recovery scss/module-root/startup=true 5349ms
@master/css-vite:test:    ✓ BH-0004 dev reference recovery scss/retained-module/startup=false 5901ms
@master/css-vite:test:    ✓ BH-0004 dev reference recovery scss/retained-module/startup=true 5127ms
@master/css-vite:test:    ✓ BH-0004 dev reference recovery sass/plain-root/startup=false 6375ms
@master/css-vite:test:    ✓ BH-0004 dev reference recovery sass/plain-root/startup=true 4246ms
@master/css-vite:test:    ✓ BH-0004 dev reference recovery sass/module-root/startup=false 6656ms
@master/css-vite:test:    ✓ BH-0004 dev reference recovery sass/module-root/startup=true 4039ms
@master/css-vite:test:    ✓ BH-0004 dev reference recovery sass/retained-module/startup=false 3195ms
@master/css-vite:test:    ✓ BH-0004 dev reference recovery sass/retained-module/startup=true 2132ms
@master/css-vite:test:    ✓ BH-0004 build-watch reference recovery scss/plain-root/startup=false 2658ms
@master/css-vite:test:    ✓ BH-0004 build-watch reference recovery scss/plain-root/startup=true 1452ms
@master/css-vite:test:    ✓ BH-0004 build-watch reference recovery scss/module-root/startup=false 2494ms
@master/css-vite:test:    ✓ BH-0004 build-watch reference recovery scss/module-root/startup=true 1441ms
@master/css-vite:test:    ✓ BH-0004 build-watch reference recovery scss/retained-module/startup=false 2676ms
@master/css-vite:test:    ✓ BH-0004 build-watch reference recovery scss/retained-module/startup=true 1476ms
@master/css-vite:test:    ✓ BH-0004 build-watch reference recovery sass/plain-root/startup=false 2566ms
@master/css-vite:test:    ✓ BH-0004 build-watch reference recovery sass/plain-root/startup=true 1616ms
@master/css-vite:test:    ✓ BH-0004 build-watch reference recovery sass/module-root/startup=false 3483ms
@master/css-vite:test:    ✓ BH-0004 build-watch reference recovery sass/module-root/startup=true 1535ms
@master/css-vite:test:    ✓ BH-0004 build-watch reference recovery sass/retained-module/startup=false 2838ms
@master/css-vite:test:    ✓ BH-0004 build-watch reference recovery sass/retained-module/startup=true 1576ms
@master/css-vite:test:    ✓ BH-0004 external missing reference survives SSR close; check obsolete edges=false 1748ms
@master/css-vite:test:    ✓ BH-0004 external missing reference survives SSR close; check obsolete edges=true 2259ms
@master/css-vite:test: stderr | tests/dev-hmr.test.ts > Vite dev HMR > updates runtime CSS without full reload and recovers after invalid CSS
@master/css-vite:test: [browser] Failed to load resource: the server responded with a status of 500 (Internal Server Error)
@master/css-vite:test: 
@master/css-vite:test: stderr | tests/dev-hmr.test.ts > Vite dev HMR > updates runtime CSS without full reload and recovers after invalid CSS
@master/css-vite:test: [browser] [vite] Failed to reload /@id/__x00__virtual:master-css-manifest. This could be due to syntax errors or importing non-existent modules. (see errors above)
@master/css-vite:test: 
@master/css-vite:test:  ✓ tests/dev-hmr.test.ts (2 tests) 6705ms
@master/css-vite:test:    ✓ Vite dev HMR (2)
@master/css-vite:test:      ✓ loads global CSS before the runtime stylesheet in runtime mode 4272ms
@master/css-vite:test:      ✓ updates runtime CSS without full reload and recovers after invalid CSS 2430ms
@master/css-vite:test:  ✓ tests/plugins/bug-hunt-environment-replacement.test.ts (8 tests) 8851ms
@master/css-vite:test:    ✓ BH-0004 idle replacement survives old environments closing (managed=false, perEnvironment=false) 365ms
@master/css-vite:test:    ✓ BH-0004 idle replacement survives old environments closing (managed=true, perEnvironment=false) 1583ms
@master/css-vite:test:    ✓ BH-0004 idle replacement survives old environments closing (managed=true, perEnvironment=true) 1397ms
@master/css-vite:test:    ✓ BH-0004 environment startup attaches HMR listeners once (perEnvironment=false) 1029ms
@master/css-vite:test:    ✓ BH-0004 environment startup attaches HMR listeners once (perEnvironment=true) 1062ms
@master/css-vite:test:    ✓ BH-0004 late server environment startup preserves client Sass dependencies (perEnvironment=false) 1588ms
@master/css-vite:test:    ✓ BH-0004 late server environment startup preserves client Sass dependencies (perEnvironment=true) 1663ms
@master/css-vite:test:  ✓ tests/plugins/style-entry.test.ts (12 tests) 8223ms
@master/css-vite:test:    ✓ StyleEntryPlugin (12)
@master/css-vite:test:      ✓ treats @master/css import stylesheets as managed native CSS pruning entries 711ms
@master/css-vite:test:      ✓ build transform retains native imports in the source graph when @master/css comes first 771ms
@master/css-vite:test:      ✓ serve transform emits current CSS and reloads the managed stylesheet for HMR 1462ms
@master/css-vite:test:      ✓ serve transform keeps native imports before generated CSS when @master/css comes first 1457ms
@master/css-vite:test:      ✓ non-generated modes emit package base CSS for Master imports without generated utilities 1608ms
@master/css-vite:test:      ✓ non-generated modes preserve native imports when consuming empty Master entries 1570ms
@master/css-vite:test:  ✓ tests/plugins/local-compose.test.ts (7 tests) 7249ms
@master/css-vite:test:    ✓ LocalComposePlugin (7)
@master/css-vite:test:      ✓ lowers @compose in CSS Modules without emitting a Master CSS slot 965ms
@master/css-vite:test:      ✓ dedupes theme variables already emitted by global style entries 1928ms
@master/css-vite:test:      ✓ lowers @compose in SFC style requests 987ms
@master/css-vite:test:      ✓ lowers explicit @reference styles and watches the reference file 1154ms
@master/css-vite:test:      ✓ keeps local style dependencies registered after invalid @compose and recovers on the next run 1173ms
@master/css-vite:test:      ✓ reloads local compose modules without forcing a full reload when project manifest dependencies change 974ms
@master/css-vite:test:  ✓ tests/plugins/bug-hunt-runtime-dev-base.test.ts (12 tests) 7592ms
@master/css-vite:test:    ✓ dev runtime is served with mode=runtime base=/ 642ms
@master/css-vite:test:    ✓ dev runtime is served with mode=runtime base=/base/ 512ms
@master/css-vite:test:    ✓ dev runtime is served with mode=runtime base=/deep/base/ 466ms
@master/css-vite:test:    ✓ dev runtime is served with mode=runtime base= 461ms
@master/css-vite:test:    ✓ dev runtime is served with mode=runtime base=./ 438ms
@master/css-vite:test:    ✓ dev runtime is served with mode=runtime base=https://cdn.example.test/base/ 528ms
@master/css-vite:test:    ✓ dev runtime is served with mode=progressive base=/ 755ms
@master/css-vite:test:    ✓ dev runtime is served with mode=progressive base=/base/ 793ms
@master/css-vite:test:    ✓ dev runtime is served with mode=progressive base=/deep/base/ 701ms
@master/css-vite:test:    ✓ dev runtime is served with mode=progressive base= 765ms
@master/css-vite:test:    ✓ dev runtime is served with mode=progressive base=./ 813ms
@master/css-vite:test:    ✓ dev runtime is served with mode=progressive base=https://cdn.example.test/base/ 715ms
@master/css-vite:test:  ✓ tests/plugins/bug-hunt-sass-diagnostics.test.ts (15 tests) 8416ms
@master/css-vite:test:    ✓ BH-0004 Sass diagnostic original partial and token: ./style.scss 821ms
@master/css-vite:test:    ✓ BH-0004 Sass diagnostic original partial and token: ./style.scss?inline 545ms
@master/css-vite:test:    ✓ BH-0004 Sass diagnostic original partial and token: ./entry.css 514ms
@master/css-vite:test:    ✓ BH-0004 Sass diagnostic original partial and token: ./style.module.scss 618ms
@master/css-vite:test:    ✓ BH-0004 Sass diagnostic preserves original CRLF and UTF-16 positions 560ms
@master/css-vite:test:    ✓ BH-0004 Sass directive parse error points at the original directive 337ms
@master/css-vite:test:    ✓ BH-0004 Sass interpolation reports a mapped segment without inventing a token span 636ms
@master/css-vite:test:    ✓ BH-0004 plain CSS compiler diagnostics retain their original positions 508ms
@master/css-vite:test:    ✓ BH-0004 consumed directives before a Sass error do not shift its position 549ms
@master/css-vite:test:    ✓ BH-0004 indented Sass maps original partial diagnostics 665ms
@master/css-vite:test:    ✓ BH-0004 string additionalData preserves authored root positions 524ms
@master/css-vite:test:    ✓ BH-0004 unmapped additionalData keeps an explicit generated location: string 569ms
@master/css-vite:test:    ✓ BH-0004 unmapped additionalData keeps an explicit generated location: function 566ms
@master/css-vite:test:    ✓ BH-0004 additionalData callbacks can supply original source maps 493ms
@master/css-vite:test:    ✓ BH-0004 local Sass compose diagnostics also point to the original partial 507ms
@master/css-vite:test:  ✓ tests/plugins/bug-hunt-inline-stylesheet.test.ts (7 tests) 7684ms
@master/css-vite:test:    ✓ BH-0004 inline imports export completed CSS without automatic stylesheet injection 850ms
@master/css-vite:test:    ✓ BH-0004 changing inline CSS changes the JS hash and repeated output stays stable 2368ms
@master/css-vite:test:    ✓ BH-0004 retained external imports and resources publish beside the inline URL base 821ms
@master/css-vite:test:    ✓ BH-0004 URL delivery preserves opaque author strings containing the internal URL prefix 789ms
@master/css-vite:test:    ✓ BH-0004 fully inlined descendants are not emitted as unused CSS files 773ms
@master/css-vite:test:    ✓ BH-0004 a removed inline import does not publish plugin-owned assets 863ms
@master/css-vite:test:    ✓ BH-0004 unused inline assets are removed without deleting another string URL base 1217ms
@master/css-vite:test:  ✓ tests/plugins/bug-hunt-dev-resource-recovery.test.ts (4 tests) 6290ms
@master/css-vite:test:    ✓ resource deletion and restoration recover development CSS in static 1371ms
@master/css-vite:test:    ✓ resource deletion and restoration recover development CSS in runtime 1178ms
@master/css-vite:test:    ✓ resource deletion and restoration recover development CSS in pre-render 1867ms
@master/css-vite:test:    ✓ resource deletion and restoration recover development CSS in progressive 1872ms
@master/css-vite:test:  ✓ tests/plugins/bug-hunt-shared-plugin-roots.test.ts (2 tests) 5756ms
@master/css-vite:test:    ✓ BH-0004 concurrent roots isolate styles when sharing plugins=false 2978ms
@master/css-vite:test:    ✓ BH-0004 concurrent roots isolate styles when sharing plugins=true 2777ms
@master/css-vite:test:  ✓ tests/plugins/bug-hunt-module-duplicate-inputs.test.ts (4 tests) 6949ms
@master/css-vite:test:    ✓ identical imported files retain module scope and distinct resource owners in static 1811ms
@master/css-vite:test:    ✓ identical imported files retain module scope and distinct resource owners in runtime 1537ms
@master/css-vite:test:    ✓ identical imported files retain module scope and distinct resource owners in pre-render 1747ms
@master/css-vite:test:    ✓ identical imported files retain module scope and distinct resource owners in progressive 1852ms
@master/css-vite:test:  ✓ tests/plugins/bug-hunt-prerender-manifest-hmr.test.ts (2 tests) 5972ms
@master/css-vite:test:    ✓ manifest HMR refreshes server-rendered rules in pre-render 3019ms
@master/css-vite:test:    ✓ manifest HMR refreshes server-rendered rules in progressive 2949ms
@master/css-vite:test: stdout | tests/plugins/bug-hunt-imported-module-exports.test.ts > local Modules import exports match pure Vite with childModule=false
@master/css-vite:test: {"relation":"import","childModule":false,"results":[{"names":{"child":"style_module_css_child","local":"style_module_css_local"},"css":"@layer guard{\n.style_module_css_child{padding:2rem}}\n.style_module_css_local{display:inline-flex}"},{"names":{"child":"style_module_css_child","local":"style_module_css_local"},"css":"@layer guard{.style_module_css_child {\n  padding: 2rem;\n}}\n\n.style_module_css_local {\n  display: inline-flex;\n}"}]}
@master/css-vite:test: 
@master/css-vite:test:  ✓ tests/plugins/bug-hunt-inline-built-urls.test.ts (6 tests) 7808ms
@master/css-vite:test:    ✓ BH-0004 es inline applies static URL hooks to JS and retained CSS 883ms
@master/css-vite:test:    ✓ BH-0004 es inline applies runtime URL hooks to JS and retained CSS 807ms
@master/css-vite:test:    ✓ BH-0004 cjs inline applies static URL hooks to JS and retained CSS 920ms
@master/css-vite:test:    ✓ BH-0004 cjs inline applies runtime URL hooks to JS and retained CSS 836ms
@master/css-vite:test:    ✓ BH-0004 changing the URL hook does not reuse a filename for different CSS bytes 2642ms
@master/css-vite:test:    ✓ BH-0004 relative-base server and client builds agree on retained CSS assets 1719ms
@master/css-vite:test:  ✓ tests/plugins/bug-hunt-sass-url-build.test.ts (18 tests) 7021ms
@master/css-vite:test:    ✓ Sass URL build retains stylesheet identity with plugin=false/static 339ms
@master/css-vite:test:    ✓ Sass URL build retains stylesheet identity with plugin=true/static 1050ms
@master/css-vite:test:    ✓ Sass URL build retains stylesheet identity with plugin=true/runtime 1165ms
@master/css-vite:test:    ✓ Sass URL build retains stylesheet identity with plugin=true/pre-render 1217ms
@master/css-vite:test:    ✓ Sass URL build retains stylesheet identity with plugin=true/progressive 1432ms
@master/css-vite:test:    ✓ Sass raw URL module retains authored source with plugin=true 448ms
@master/css-vite:test:  ✓ tests/plugins/bug-hunt-sass-proxy-direct.test.ts (19 tests) 104390ms
@master/css-vite:test:    ✓ internal scss CSS proxy serves direct requests in static at / 13749ms
@master/css-vite:test:    ✓ internal scss CSS proxy serves direct requests in static at /base/ 10691ms
@master/css-vite:test:    ✓ internal sass CSS proxy serves direct requests in static at / 11775ms
@master/css-vite:test:    ✓ internal sass CSS proxy serves direct requests in static at /base/ 9824ms
@master/css-vite:test:    ✓ internal scss CSS proxy serves direct requests in runtime at / 9621ms
@master/css-vite:test:    ✓ internal scss CSS proxy serves direct requests in runtime at /base/ 8622ms
@master/css-vite:test:    ✓ internal sass CSS proxy serves direct requests in runtime at / 4316ms
@master/css-vite:test:    ✓ internal sass CSS proxy serves direct requests in runtime at /base/ 3830ms
@master/css-vite:test:    ✓ internal scss CSS proxy serves direct requests in pre-render at / 3715ms
@master/css-vite:test:    ✓ internal scss CSS proxy serves direct requests in pre-render at /base/ 3839ms
@master/css-vite:test:    ✓ internal sass CSS proxy serves direct requests in pre-render at / 3655ms
@master/css-vite:test:    ✓ internal sass CSS proxy serves direct requests in pre-render at /base/ 3785ms
@master/css-vite:test:    ✓ internal scss CSS proxy serves direct requests in progressive at / 3815ms
@master/css-vite:test:    ✓ internal scss CSS proxy serves direct requests in progressive at /base/ 3908ms
@master/css-vite:test:    ✓ internal sass CSS proxy serves direct requests in progressive at / 3874ms
@master/css-vite:test:    ✓ internal sass CSS proxy serves direct requests in progressive at /base/ 4227ms
@master/css-vite:test:    ✓ proxy requests retain host file access policy: allowed 507ms
@master/css-vite:test:    ✓ proxy requests retain host file access policy: outside-denied 308ms
@master/css-vite:test:    ✓ proxy requests retain host file access policy: pattern-denied 324ms
@master/css-vite:test: stdout | tests/plugins/bug-hunt-module-import-diagnostics.test.ts > imported Module diagnostics identify their real source css / css
@master/css-vite:test: {"rootExtension":"css","childExtension":"css","diagnostics":[{"version":2,"code":"invalid-compose-class","domain":"compiler","severity":"error","message":"Invalid @compose class: unknown-utility","source":"/private/tmp/master-css-sass-location-mV0cWo/nested/child.css","range":{"start":{"line":2,"character":11},"end":{"line":2,"character":26}}}],"loc":{"file":"/private/tmp/master-css-sass-location-mV0cWo/nested/child.css","line":3,"column":11}}
@master/css-vite:test: 
@master/css-vite:test: stdout | tests/plugins/bug-hunt-imported-module-exports.test.ts > local Modules import exports match pure Vite with childModule=true
@master/css-vite:test: {"relation":"import","childModule":true,"results":[{"names":{"child":"style_module_css_child","local":"style_module_css_local"},"css":"@layer guard{\n.style_module_css_child{padding:2rem}}\n.style_module_css_local{display:inline-flex}"},{"names":{"child":"style_module_css_child","local":"style_module_css_local"},"css":"@layer guard{.style_module_css_child {\n  padding: 2rem;\n}}\n\n.style_module_css_local {\n  display: inline-flex;\n}"}]}
@master/css-vite:test: 
@master/css-vite:test: stdout | tests/plugins/bug-hunt-module-import-diagnostics.test.ts > imported Module diagnostics identify their real source css / scss
@master/css-vite:test: {"rootExtension":"css","childExtension":"scss","diagnostics":[{"version":2,"code":"invalid-compose-class","domain":"compiler","severity":"error","message":"Invalid @compose class: unknown-utility","source":"/private/tmp/master-css-sass-location-b0cYIB/nested/child.scss","range":{"start":{"line":3,"character":11},"end":{"line":3,"character":26}}}],"loc":{"file":"/private/tmp/master-css-sass-location-b0cYIB/nested/child.scss","line":4,"column":11}}
@master/css-vite:test: 
@master/css-vite:test: stdout | tests/plugins/bug-hunt-imported-module-exports.test.ts > local Modules composes exports match pure Vite with childModule=false
@master/css-vite:test: {"relation":"composes","childModule":false,"results":[{"names":{"local":"style_module_css_local child_css_child"},"css":".child_css_child{padding:2rem}\n.style_module_css_local{display:inline-flex}"},{"names":{"local":"style_module_css_local child_css_child"},"css":".child_css_child{padding:2rem}\n.style_module_css_local{display:inline-flex}"}]}
@master/css-vite:test: 
@master/css-vite:test:  ✓ tests/plugins/bug-hunt-dev-stylesheet-graphs.test.ts (4 tests) 5973ms
@master/css-vite:test:    ✓ BH-0004 dev delivers qualified child CSS and resources in static 1172ms
@master/css-vite:test:    ✓ BH-0004 dev delivers qualified child CSS and resources in runtime 1072ms
@master/css-vite:test:    ✓ BH-0004 dev delivers qualified child CSS and resources in pre-render 1897ms
@master/css-vite:test:    ✓ BH-0004 dev delivers qualified child CSS and resources in progressive 1830ms
@master/css-vite:test: stdout | tests/plugins/bug-hunt-module-import-diagnostics.test.ts > imported Module diagnostics identify their real source scss / css
@master/css-vite:test: {"rootExtension":"scss","childExtension":"css","diagnostics":[{"version":2,"code":"invalid-compose-class","domain":"compiler","severity":"error","message":"Invalid @compose class: unknown-utility","source":"/private/tmp/master-css-sass-location-wpEUDI/nested/child.css","range":{"start":{"line":2,"character":11},"end":{"line":2,"character":26}}}],"loc":{"file":"/private/tmp/master-css-sass-location-wpEUDI/nested/child.css","line":3,"column":11}}
@master/css-vite:test: 
@master/css-vite:test: stdout | tests/plugins/bug-hunt-imported-module-exports.test.ts > local Modules composes exports match pure Vite with childModule=true
@master/css-vite:test: {"relation":"composes","childModule":true,"results":[{"names":{"local":"style_module_css_local child_module_css_child"},"css":".child_module_css_child{padding:2rem}\n.style_module_css_local{display:inline-flex}"},{"names":{"local":"style_module_css_local child_module_css_child"},"css":".child_module_css_child{padding:2rem}\n.style_module_css_local{display:inline-flex}"}]}
@master/css-vite:test: 
@master/css-vite:test:  ✓ tests/plugins/bug-hunt-imported-module-exports.test.ts (4 tests) 3129ms
@master/css-vite:test:    ✓ local Modules import exports match pure Vite with childModule=false 1018ms
@master/css-vite:test:    ✓ local Modules import exports match pure Vite with childModule=true 993ms
@master/css-vite:test:    ✓ local Modules composes exports match pure Vite with childModule=false 576ms
@master/css-vite:test:    ✓ local Modules composes exports match pure Vite with childModule=true 540ms
@master/css-vite:test:  ✓ tests/plugins/bug-hunt-dev-resource-lifecycle.test.ts (2 tests) 3440ms
@master/css-vite:test:    ✓ shared plugin roots retain resource delivery as another root or SSR environment closes 2290ms
@master/css-vite:test:    ✓ published CSS and resource versions remain readable after a new graph is composed 1148ms
@master/css-vite:test:  ✓ tests/plugins/bug-hunt-sass-environment.test.ts (3 tests) 3952ms
@master/css-vite:test:    ✓ BH-0004 Sass updates invalidate SSR imports without sending browser CSS updates to the server channel 1844ms
@master/css-vite:test:    ✓ BH-0004 server restart discards stylesheet URLs served by the previous server 1354ms
@master/css-vite:test:    ✓ BH-0004 HMR waits for pending stylesheet URL registration after the HTTP response 752ms
@master/css-vite:test:  ✓ tests/plugins/manifest-loader.test.ts (7 tests) 2377ms
@master/css-vite:test:    ✓ ManifestLoaderPlugin (7)
@master/css-vite:test:      ✓ resolves and loads per-file CSS manifests with ?master-css-manifest 412ms
@master/css-vite:test:      ✓ keeps per-file manifest dependencies registered after invalid CSS and recovers on the next run 568ms
@master/css-vite:test:      ✓ emits per-file CSS manifests as external JSON assets in production build 388ms
@master/css-vite:test:      ✓ emits per-file CSS manifests through a universal facade in SSR production build 404ms
@master/css-vite:test:      ✓ updates per-file CSS manifest modules through HMR when imported 407ms
@master/css-vite:test:  ✓ tests/plugins/bug-hunt-module-development.test.ts (2 tests) 1543ms
@master/css-vite:test:    ✓ BH-0004 development css Modules preserve exports before native pruning 754ms
@master/css-vite:test:    ✓ BH-0004 development scss Modules preserve exports before native pruning 788ms
@master/css-vite:test: stdout | tests/plugins/bug-hunt-module-import-diagnostics.test.ts > imported Module diagnostics identify their real source scss / scss
@master/css-vite:test: {"rootExtension":"scss","childExtension":"scss","diagnostics":[{"version":2,"code":"invalid-compose-class","domain":"compiler","severity":"error","message":"Invalid @compose class: unknown-utility","source":"/private/tmp/master-css-sass-location-ThvkV1/nested/child.scss","range":{"start":{"line":3,"character":11},"end":{"line":3,"character":26}}}],"loc":{"file":"/private/tmp/master-css-sass-location-ThvkV1/nested/child.scss","line":4,"column":11}}
@master/css-vite:test: 
@master/css-vite:test:  ✓ tests/plugins/bug-hunt-module-import-diagnostics.test.ts (4 tests) 2510ms
@master/css-vite:test:    ✓ imported Module diagnostics identify their real source css / css 625ms
@master/css-vite:test:    ✓ imported Module diagnostics identify their real source css / scss 728ms
@master/css-vite:test:    ✓ imported Module diagnostics identify their real source scss / css 574ms
@master/css-vite:test:    ✓ imported Module diagnostics identify their real source scss / scss 581ms
@master/css-vite:test:  ✓ tests/plugins/pre-render.test.ts (5 tests) 4613ms
@master/css-vite:test:    ✓ PreRenderPlugin (5)
@master/css-vite:test:      ✓ renders HTML classes with the managed CSS manifest entry 887ms
@master/css-vite:test:      ✓ disposes production renderers after successful builds 800ms
@master/css-vite:test:      ✓ disposes production renderers after failed builds 837ms
@master/css-vite:test:      ✓ reloads CSS entry dependencies for pre-rendered HTML 1534ms
@master/css-vite:test:      ✓ does not duplicate globals already emitted by managed CSS entries 554ms
@master/css-vite:test:  ✓ tests/plugins/bug-hunt-sass-url-hmr.test.ts (2 tests) 2374ms
@master/css-vite:test:    ✓ BH-0004 Sass direct CSS HMR uses the served stylesheet URL under / 1316ms
@master/css-vite:test:    ✓ BH-0004 Sass direct CSS HMR uses the served stylesheet URL under /nested/ 1056ms
@master/css-vite:test:  ✓ tests/plugins/style-entry-hmr.test.ts (7 tests) 172ms
@master/css-vite:test:  ✓ tests/plugins/bug-hunt-middleware-restart.test.ts (2 tests) 2001ms
@master/css-vite:test:    ✓ BH-0004 middleware restart serves HTML and styles (managed=false) 345ms
@master/css-vite:test:    ✓ BH-0004 middleware restart serves HTML and styles (managed=true) 1655ms
@master/css-vite:test:  ✓ tests/utils/bug-hunt-preprocessor-dependencies.test.ts (3 tests) 316ms
@master/css-vite:test:  ✓ tests/utils/bug-hunt-sass-missing-dependency.test.ts (1 test) 278ms
@master/css-vite:test:  ✓ tests/plugins/emitted-globals-virtual-module.test.ts (1 test) 487ms
@master/css-vite:test:    ✓ EmittedGlobalsVirtualModulePlugin (1)
@master/css-vite:test:      ✓ loads emittedGlobals counts from the managed CSS entry output 486ms
@master/css-vite:test:  ✓ tests/plugins/bug-hunt-hmr-server-lifecycle.test.ts (1 test) 61ms
@master/css-vite:test:  ✓ tests/bug-hunt-relative-hydration.test.ts (1 test) 6068ms
@master/css-vite:test:    ✓ BH-0016 nested HTML resolves its hydration asset when base is relative 6067ms
@master/css-vite:test:  ✓ tests/plugins/bug-hunt-inline-ssr.test.ts (4 tests) 3599ms
@master/css-vite:test:    ✓ BH-0004 es SSR inline uses public URLs and respects asset emission false 881ms
@master/css-vite:test:    ✓ BH-0004 es SSR inline uses public URLs and respects asset emission true 1031ms
@master/css-vite:test:    ✓ BH-0004 cjs SSR inline uses public URLs and respects asset emission false 809ms
@master/css-vite:test:    ✓ BH-0004 cjs SSR inline uses public URLs and respects asset emission true 876ms
@master/css-vite:test:  ✓ tests/plugins/bug-hunt-sass-source.test.ts (4 tests) 3379ms
@master/css-vite:test:    ✓ BH-0004 managed and plain Sass invoke additionalData once per source 1517ms
@master/css-vite:test:    ✓ BH-0004 Sass preserves qualified CSS imports and nested external import positions 758ms
@master/css-vite:test:    ✓ BH-0004 raw Sass bypasses stylesheet parsing and preprocessing 484ms
@master/css-vite:test:    ✓ BH-0004 managed Sass modules retain Vite scoped names and named/default exports 617ms
@master/css-vite:test:  ✓ tests/modes/scanner.test.ts (8 tests) 6ms
@master/css-vite:test:  ✓ tests/plugins/inject-runtime.test.ts (4 tests) 787ms
@master/css-vite:test:    ✓ InjectRuntimePlugin (4)
@master/css-vite:test:      ✓ bundles the injected runtime module in production builds 776ms
@master/css-vite:test:  ✓ tests/utils/bug-hunt-scanner-lifecycle.test.ts (4 tests) 7ms
@master/css-vite:test:  ✓ tests/utils/bug-hunt-sass-import-preparation.test.ts (1 test) 249ms
@master/css-vite:test:  ✓ tests/plugins/avoid-fouc.test.ts (8 tests) 7ms
@master/css-vite:test:  ✓ tests/plugins/style-entry-build.test.ts (9 tests) 144ms
@master/css-vite:test:  ✓ tests/plugins/runtime-preload.test.ts (5 tests) 4ms
@master/css-vite:test:  ✓ tests/plugins/manifest-preload.test.ts (4 tests) 4ms
@master/css-vite:test:  ✓ tests/utils/bug-hunt-dev-resource-snapshots.test.ts (2 tests) 14ms
@master/css-vite:test:  ✓ tests/core.test.ts (7 tests) 8ms
@master/css-vite:test:  ✓ tests/plugins/bug-hunt-css-modules.test.ts (9 tests) 6349ms
@master/css-vite:test:    ✓ BH-0004 managed CSS Modules preserve named/default exports and global selectors 753ms
@master/css-vite:test:    ✓ BH-0004 managed CSS Modules keep cross-file composed exports and CSS 682ms
@master/css-vite:test:    ✓ BH-0004 css Modules retain referenced scoped CSS under default pruning 662ms
@master/css-vite:test:    ✓ BH-0004 scss Modules retain referenced scoped CSS under default pruning 953ms
@master/css-vite:test:    ✓ BH-0004 CSS Modules localsConvention applies to exported names 640ms
@master/css-vite:test:    ✓ BH-0004 disabling CSS Modules keeps the native CSS entry path 693ms
@master/css-vite:test:    ✓ BH-0004 managed CSS Modules inline requests keep the scoped stylesheet string 802ms
@master/css-vite:test:    ✓ BH-0004 CSS Modules compiler errors retain authored directive locations 564ms
@master/css-vite:test:    ✓ BH-0004 unattributed composed Module content does not invent an original filename 597ms
@master/css-vite:test:  ✓ tests/bug-hunt-final-css-hash.test.ts (4 tests) 5ms
@master/css-vite:test:  ✓ tests/plugins/manifest-virtual-module.test.ts (7 tests) 1405ms
@master/css-vite:test:    ✓ ManifestVirtualModulePlugin (7)
@master/css-vite:test:      ✓ keeps default manifest dependencies registered after invalid CSS and recovers on the next run 352ms
@master/css-vite:test:  ✓ tests/utils/bug-hunt-local-slot-numbers.test.ts (1 test) 1316ms
@master/css-vite:test:    ✓ local entry survives CSS optimization when its hash begins with an exponent 1315ms
@master/css-vite:test:  ✓ tests/utils/bug-hunt-local-build-order.test.ts (2 tests) 1308ms
@master/css-vite:test:    ✓ Vite CSS optimization cannot merge two local entry placeholders 1281ms
@master/css-vite:test:  ❯ tests/plugins/bug-hunt-startup-dependencies.test.ts (28 tests | 1 failed) 116841ms
@master/css-vite:test:    ✓ BH-0004 startup reference-directory recovers local in static 4341ms
@master/css-vite:test:    ✓ BH-0004 startup resource-file recovers local in static 3481ms
@master/css-vite:test:    ✓ BH-0004 startup resource-directory recovers local in static 3062ms
@master/css-vite:test:    × BH-0004 startup reference-directory recovers entry in static 8418ms
@master/css-vite:test:    ✓ BH-0004 startup resource-file recovers entry in static 9905ms
@master/css-vite:test:    ✓ BH-0004 startup resource-directory recovers entry in static 9723ms
@master/css-vite:test:    ✓ BH-0004 startup reference-directory recovers local in runtime 2788ms
@master/css-vite:test:    ✓ BH-0004 startup resource-file recovers local in runtime 2937ms
@master/css-vite:test:    ✓ BH-0004 startup resource-directory recovers local in runtime 3023ms
@master/css-vite:test:    ✓ BH-0004 startup reference-directory recovers entry in runtime 7550ms
@master/css-vite:test:    ✓ BH-0004 startup resource-file recovers entry in runtime 7182ms
@master/css-vite:test:    ✓ BH-0004 startup resource-directory recovers entry in runtime 4610ms
@master/css-vite:test:    ✓ BH-0004 startup reference-directory recovers local in pre-render 2230ms
@master/css-vite:test:    ✓ BH-0004 startup resource-file recovers local in pre-render 1916ms
@master/css-vite:test:    ✓ BH-0004 startup resource-directory recovers local in pre-render 1807ms
@master/css-vite:test:    ✓ BH-0004 startup reference-directory recovers entry in pre-render 5025ms
@master/css-vite:test:    ✓ BH-0004 startup resource-file recovers entry in pre-render 5992ms
@master/css-vite:test:    ✓ BH-0004 startup resource-directory recovers entry in pre-render 6263ms
@master/css-vite:test:    ✓ BH-0004 startup reference-directory recovers local in progressive 2042ms
@master/css-vite:test:    ✓ BH-0004 startup resource-file recovers local in progressive 2097ms
@master/css-vite:test:    ✓ BH-0004 startup resource-directory recovers local in progressive 1989ms
@master/css-vite:test:    ✓ BH-0004 startup reference-directory recovers entry in progressive 5177ms
@master/css-vite:test:    ✓ BH-0004 startup resource-file recovers entry in progressive 6257ms
@master/css-vite:test:    ✓ BH-0004 startup resource-directory recovers entry in progressive 3240ms
@master/css-vite:test:    ✓ BH-0004 failed servers recover independently with shared plugins=false 1126ms
@master/css-vite:test:    ✓ BH-0004 failed servers recover independently with shared plugins=true 1129ms
@master/css-vite:test:    ✓ BH-0004 resource-failing servers recover independently with shared plugins=false 1749ms
@master/css-vite:test:    ✓ BH-0004 resource-failing servers recover independently with shared plugins=true 1776ms
@master/css-vite:test: 
@master/css-vite:test: ⎯⎯⎯⎯⎯⎯ Failed Tests 29 ⎯⎯⎯⎯⎯⎯⎯
@master/css-vite:test: 
@master/css-vite:test:  FAIL  tests/plugins/bug-hunt-build-config-recovery.test.ts > failed config-sync releases unstarted recovery material (static)
@master/css-vite:test: AssertionError: expected [ Array(1) ] to deeply equal []
@master/css-vite:test: 
@master/css-vite:test: - Expected
@master/css-vite:test: + Received
@master/css-vite:test: 
@master/css-vite:test: - []
@master/css-vite:test: + [
@master/css-vite:test: +   "master-css-watch-uwk8kc/invalidate",
@master/css-vite:test: + ]
@master/css-vite:test: 
@master/css-vite:test:  ❯ tests/plugins/bug-hunt-build-config-recovery.test.ts:28:33
@master/css-vite:test:      26|           }
@master/css-vite:test:      27|         })).rejects.toThrow(error.message)
@master/css-vite:test:      28|         expect(files(cacheDir)).toEqual([])
@master/css-vite:test:        |                                 ^
@master/css-vite:test:      29|       } finally { rmSync(root, { recursive: true, force: true }) }
@master/css-vite:test:      30|     })
@master/css-vite:test: 
@master/css-vite:test: ⎯⎯⎯⎯⎯⎯⎯⎯⎯⎯⎯⎯⎯⎯⎯⎯⎯⎯⎯⎯⎯⎯⎯[1/29]⎯
@master/css-vite:test: 
@master/css-vite:test:  FAIL  tests/plugins/bug-hunt-build-config-recovery.test.ts > failed config-async releases unstarted recovery material (static)
@master/css-vite:test: AssertionError: expected [ Array(1) ] to deeply equal []
@master/css-vite:test: 
@master/css-vite:test: - Expected
@master/css-vite:test: + Received
@master/css-vite:test: 
@master/css-vite:test: - []
@master/css-vite:test: + [
@master/css-vite:test: +   "master-css-watch-iv7FzJ/invalidate",
@master/css-vite:test: + ]
@master/css-vite:test: 
@master/css-vite:test:  ❯ tests/plugins/bug-hunt-build-config-recovery.test.ts:28:33
@master/css-vite:test:      26|           }
@master/css-vite:test:      27|         })).rejects.toThrow(error.message)
@master/css-vite:test:      28|         expect(files(cacheDir)).toEqual([])
@master/css-vite:test:        |                                 ^
@master/css-vite:test:      29|       } finally { rmSync(root, { recursive: true, force: true }) }
@master/css-vite:test:      30|     })
@master/css-vite:test: 
@master/css-vite:test: ⎯⎯⎯⎯⎯⎯⎯⎯⎯⎯⎯⎯⎯⎯⎯⎯⎯⎯⎯⎯⎯⎯⎯[2/29]⎯
@master/css-vite:test: 
@master/css-vite:test:  FAIL  tests/plugins/bug-hunt-build-config-recovery.test.ts > failed factory releases unstarted recovery material (static)
@master/css-vite:test: AssertionError: expected [ Array(1) ] to deeply equal []
@master/css-vite:test: 
@master/css-vite:test: - Expected
@master/css-vite:test: + Received
@master/css-vite:test: 
@master/css-vite:test: - []
@master/css-vite:test: + [
@master/css-vite:test: +   "master-css-watch-OIO1uG/invalidate",
@master/css-vite:test: + ]
@master/css-vite:test: 
@master/css-vite:test:  ❯ tests/plugins/bug-hunt-build-config-recovery.test.ts:28:33
@master/css-vite:test:      26|           }
@master/css-vite:test:      27|         })).rejects.toThrow(error.message)
@master/css-vite:test:      28|         expect(files(cacheDir)).toEqual([])
@master/css-vite:test:        |                                 ^
@master/css-vite:test:      29|       } finally { rmSync(root, { recursive: true, force: true }) }
@master/css-vite:test:      30|     })
@master/css-vite:test: 
@master/css-vite:test: ⎯⎯⎯⎯⎯⎯⎯⎯⎯⎯⎯⎯⎯⎯⎯⎯⎯⎯⎯⎯⎯⎯⎯[3/29]⎯
@master/css-vite:test: 
@master/css-vite:test:  FAIL  tests/plugins/bug-hunt-build-config-recovery.test.ts > failed environment-init releases unstarted recovery material (static)
@master/css-vite:test: AssertionError: expected [ Array(1) ] to deeply equal []
@master/css-vite:test: 
@master/css-vite:test: - Expected
@master/css-vite:test: + Received
@master/css-vite:test: 
@master/css-vite:test: - []
@master/css-vite:test: + [
@master/css-vite:test: +   "master-css-watch-V0YJnm/invalidate",
@master/css-vite:test: + ]
@master/css-vite:test: 
@master/css-vite:test:  ❯ tests/plugins/bug-hunt-build-config-recovery.test.ts:28:33
@master/css-vite:test:      26|           }
@master/css-vite:test:      27|         })).rejects.toThrow(error.message)
@master/css-vite:test:      28|         expect(files(cacheDir)).toEqual([])
@master/css-vite:test:        |                                 ^
@master/css-vite:test:      29|       } finally { rmSync(root, { recursive: true, force: true }) }
@master/css-vite:test:      30|     })
@master/css-vite:test: 
@master/css-vite:test: ⎯⎯⎯⎯⎯⎯⎯⎯⎯⎯⎯⎯⎯⎯⎯⎯⎯⎯⎯⎯⎯⎯⎯[4/29]⎯
@master/css-vite:test: 
@master/css-vite:test:  FAIL  tests/plugins/bug-hunt-build-config-recovery.test.ts > failed config-sync releases unstarted recovery material (runtime)
@master/css-vite:test: AssertionError: expected [ Array(1) ] to deeply equal []
@master/css-vite:test: 
@master/css-vite:test: - Expected
@master/css-vite:test: + Received
@master/css-vite:test: 
@master/css-vite:test: - []
@master/css-vite:test: + [
@master/css-vite:test: +   "master-css-watch-zWLv09/invalidate",
@master/css-vite:test: + ]
@master/css-vite:test: 
@master/css-vite:test:  ❯ tests/plugins/bug-hunt-build-config-recovery.test.ts:28:33
@master/css-vite:test:      26|           }
@master/css-vite:test:      27|         })).rejects.toThrow(error.message)
@master/css-vite:test:      28|         expect(files(cacheDir)).toEqual([])
@master/css-vite:test:        |                                 ^
@master/css-vite:test:      29|       } finally { rmSync(root, { recursive: true, force: true }) }
@master/css-vite:test:      30|     })
@master/css-vite:test: 
@master/css-vite:test: ⎯⎯⎯⎯⎯⎯⎯⎯⎯⎯⎯⎯⎯⎯⎯⎯⎯⎯⎯⎯⎯⎯⎯[5/29]⎯
@master/css-vite:test: 
@master/css-vite:test:  FAIL  tests/plugins/bug-hunt-build-config-recovery.test.ts > failed config-async releases unstarted recovery material (runtime)
@master/css-vite:test: AssertionError: expected [ Array(1) ] to deeply equal []
@master/css-vite:test: 
@master/css-vite:test: - Expected
@master/css-vite:test: + Received
@master/css-vite:test: 
@master/css-vite:test: - []
@master/css-vite:test: + [
@master/css-vite:test: +   "master-css-watch-9oOwLc/invalidate",
@master/css-vite:test: + ]
@master/css-vite:test: 
@master/css-vite:test:  ❯ tests/plugins/bug-hunt-build-config-recovery.test.ts:28:33
@master/css-vite:test:      26|           }
@master/css-vite:test:      27|         })).rejects.toThrow(error.message)
@master/css-vite:test:      28|         expect(files(cacheDir)).toEqual([])
@master/css-vite:test:        |                                 ^
@master/css-vite:test:      29|       } finally { rmSync(root, { recursive: true, force: true }) }
@master/css-vite:test:      30|     })
@master/css-vite:test: 
@master/css-vite:test: ⎯⎯⎯⎯⎯⎯⎯⎯⎯⎯⎯⎯⎯⎯⎯⎯⎯⎯⎯⎯⎯⎯⎯[6/29]⎯
@master/css-vite:test: 
@master/css-vite:test:  FAIL  tests/plugins/bug-hunt-build-config-recovery.test.ts > failed factory releases unstarted recovery material (runtime)
@master/css-vite:test: AssertionError: expected [ Array(1) ] to deeply equal []
@master/css-vite:test: 
@master/css-vite:test: - Expected
@master/css-vite:test: + Received
@master/css-vite:test: 
@master/css-vite:test: - []
@master/css-vite:test: + [
@master/css-vite:test: +   "master-css-watch-gMkMbR/invalidate",
@master/css-vite:test: + ]
@master/css-vite:test: 
@master/css-vite:test:  ❯ tests/plugins/bug-hunt-build-config-recovery.test.ts:28:33
@master/css-vite:test:      26|           }
@master/css-vite:test:      27|         })).rejects.toThrow(error.message)
@master/css-vite:test:      28|         expect(files(cacheDir)).toEqual([])
@master/css-vite:test:        |                                 ^
@master/css-vite:test:      29|       } finally { rmSync(root, { recursive: true, force: true }) }
@master/css-vite:test:      30|     })
@master/css-vite:test: 
@master/css-vite:test: ⎯⎯⎯⎯⎯⎯⎯⎯⎯⎯⎯⎯⎯⎯⎯⎯⎯⎯⎯⎯⎯⎯⎯[7/29]⎯
@master/css-vite:test: 
@master/css-vite:test:  FAIL  tests/plugins/bug-hunt-build-config-recovery.test.ts > failed environment-init releases unstarted recovery material (runtime)
@master/css-vite:test: AssertionError: expected [ Array(1) ] to deeply equal []
@master/css-vite:test: 
@master/css-vite:test: - Expected
@master/css-vite:test: + Received
@master/css-vite:test: 
@master/css-vite:test: - []
@master/css-vite:test: + [
@master/css-vite:test: +   "master-css-watch-iJWMgm/invalidate",
@master/css-vite:test: + ]
@master/css-vite:test: 
@master/css-vite:test:  ❯ tests/plugins/bug-hunt-build-config-recovery.test.ts:28:33
@master/css-vite:test:      26|           }
@master/css-vite:test:      27|         })).rejects.toThrow(error.message)
@master/css-vite:test:      28|         expect(files(cacheDir)).toEqual([])
@master/css-vite:test:        |                                 ^
@master/css-vite:test:      29|       } finally { rmSync(root, { recursive: true, force: true }) }
@master/css-vite:test:      30|     })
@master/css-vite:test: 
@master/css-vite:test: ⎯⎯⎯⎯⎯⎯⎯⎯⎯⎯⎯⎯⎯⎯⎯⎯⎯⎯⎯⎯⎯⎯⎯[8/29]⎯
@master/css-vite:test: 
@master/css-vite:test:  FAIL  tests/plugins/bug-hunt-build-config-recovery.test.ts > failed config-sync releases unstarted recovery material (pre-render)
@master/css-vite:test: AssertionError: expected [ Array(1) ] to deeply equal []
@master/css-vite:test: 
@master/css-vite:test: - Expected
@master/css-vite:test: + Received
@master/css-vite:test: 
@master/css-vite:test: - []
@master/css-vite:test: + [
@master/css-vite:test: +   "master-css-watch-DbS0qJ/invalidate",
@master/css-vite:test: + ]
@master/css-vite:test: 
@master/css-vite:test:  ❯ tests/plugins/bug-hunt-build-config-recovery.test.ts:28:33
@master/css-vite:test:      26|           }
@master/css-vite:test:      27|         })).rejects.toThrow(error.message)
@master/css-vite:test:      28|         expect(files(cacheDir)).toEqual([])
@master/css-vite:test:        |                                 ^
@master/css-vite:test:      29|       } finally { rmSync(root, { recursive: true, force: true }) }
@master/css-vite:test:      30|     })
@master/css-vite:test: 
@master/css-vite:test: ⎯⎯⎯⎯⎯⎯⎯⎯⎯⎯⎯⎯⎯⎯⎯⎯⎯⎯⎯⎯⎯⎯⎯[9/29]⎯
@master/css-vite:test: 
@master/css-vite:test:  FAIL  tests/plugins/bug-hunt-build-config-recovery.test.ts > failed config-async releases unstarted recovery material (pre-render)
@master/css-vite:test: AssertionError: expected [ Array(1) ] to deeply equal []
@master/css-vite:test: 
@master/css-vite:test: - Expected
@master/css-vite:test: + Received
@master/css-vite:test: 
@master/css-vite:test: - []
@master/css-vite:test: + [
@master/css-vite:test: +   "master-css-watch-JSdmoz/invalidate",
@master/css-vite:test: + ]
@master/css-vite:test: 
@master/css-vite:test:  ❯ tests/plugins/bug-hunt-build-config-recovery.test.ts:28:33
@master/css-vite:test:      26|           }
@master/css-vite:test:      27|         })).rejects.toThrow(error.message)
@master/css-vite:test:      28|         expect(files(cacheDir)).toEqual([])
@master/css-vite:test:        |                                 ^
@master/css-vite:test:      29|       } finally { rmSync(root, { recursive: true, force: true }) }
@master/css-vite:test:      30|     })
@master/css-vite:test: 
@master/css-vite:test: ⎯⎯⎯⎯⎯⎯⎯⎯⎯⎯⎯⎯⎯⎯⎯⎯⎯⎯⎯⎯⎯⎯[10/29]⎯
@master/css-vite:test: 
@master/css-vite:test:  FAIL  tests/plugins/bug-hunt-build-config-recovery.test.ts > failed factory releases unstarted recovery material (pre-render)
@master/css-vite:test: AssertionError: expected [ Array(1) ] to deeply equal []
@master/css-vite:test: 
@master/css-vite:test: - Expected
@master/css-vite:test: + Received
@master/css-vite:test: 
@master/css-vite:test: - []
@master/css-vite:test: + [
@master/css-vite:test: +   "master-css-watch-LeJajD/invalidate",
@master/css-vite:test: + ]
@master/css-vite:test: 
@master/css-vite:test:  ❯ tests/plugins/bug-hunt-build-config-recovery.test.ts:28:33
@master/css-vite:test:      26|           }
@master/css-vite:test:      27|         })).rejects.toThrow(error.message)
@master/css-vite:test:      28|         expect(files(cacheDir)).toEqual([])
@master/css-vite:test:        |                                 ^
@master/css-vite:test:      29|       } finally { rmSync(root, { recursive: true, force: true }) }
@master/css-vite:test:      30|     })
@master/css-vite:test: 
@master/css-vite:test: ⎯⎯⎯⎯⎯⎯⎯⎯⎯⎯⎯⎯⎯⎯⎯⎯⎯⎯⎯⎯⎯⎯[11/29]⎯
@master/css-vite:test: 
@master/css-vite:test:  FAIL  tests/plugins/bug-hunt-build-config-recovery.test.ts > failed environment-init releases unstarted recovery material (pre-render)
@master/css-vite:test: AssertionError: expected [ Array(1) ] to deeply equal []
@master/css-vite:test: 
@master/css-vite:test: - Expected
@master/css-vite:test: + Received
@master/css-vite:test: 
@master/css-vite:test: - []
@master/css-vite:test: + [
@master/css-vite:test: +   "master-css-watch-5fVZfK/invalidate",
@master/css-vite:test: + ]
@master/css-vite:test: 
@master/css-vite:test:  ❯ tests/plugins/bug-hunt-build-config-recovery.test.ts:28:33
@master/css-vite:test:      26|           }
@master/css-vite:test:      27|         })).rejects.toThrow(error.message)
@master/css-vite:test:      28|         expect(files(cacheDir)).toEqual([])
@master/css-vite:test:        |                                 ^
@master/css-vite:test:      29|       } finally { rmSync(root, { recursive: true, force: true }) }
@master/css-vite:test:      30|     })
@master/css-vite:test: 
@master/css-vite:test: ⎯⎯⎯⎯⎯⎯⎯⎯⎯⎯⎯⎯⎯⎯⎯⎯⎯⎯⎯⎯⎯⎯[12/29]⎯
@master/css-vite:test: 
@master/css-vite:test:  FAIL  tests/plugins/bug-hunt-build-config-recovery.test.ts > failed config-sync releases unstarted recovery material (progressive)
@master/css-vite:test: AssertionError: expected [ Array(1) ] to deeply equal []
@master/css-vite:test: 
@master/css-vite:test: - Expected
@master/css-vite:test: + Received
@master/css-vite:test: 
@master/css-vite:test: - []
@master/css-vite:test: + [
@master/css-vite:test: +   "master-css-watch-HutUXY/invalidate",
@master/css-vite:test: + ]
@master/css-vite:test: 
@master/css-vite:test:  ❯ tests/plugins/bug-hunt-build-config-recovery.test.ts:28:33
@master/css-vite:test:      26|           }
@master/css-vite:test:      27|         })).rejects.toThrow(error.message)
@master/css-vite:test:      28|         expect(files(cacheDir)).toEqual([])
@master/css-vite:test:        |                                 ^
@master/css-vite:test:      29|       } finally { rmSync(root, { recursive: true, force: true }) }
@master/css-vite:test:      30|     })
@master/css-vite:test: 
@master/css-vite:test: ⎯⎯⎯⎯⎯⎯⎯⎯⎯⎯⎯⎯⎯⎯⎯⎯⎯⎯⎯⎯⎯⎯[13/29]⎯
@master/css-vite:test: 
@master/css-vite:test:  FAIL  tests/plugins/bug-hunt-build-config-recovery.test.ts > failed config-async releases unstarted recovery material (progressive)
@master/css-vite:test: AssertionError: expected [ Array(1) ] to deeply equal []
@master/css-vite:test: 
@master/css-vite:test: - Expected
@master/css-vite:test: + Received
@master/css-vite:test: 
@master/css-vite:test: - []
@master/css-vite:test: + [
@master/css-vite:test: +   "master-css-watch-wXvVWv/invalidate",
@master/css-vite:test: + ]
@master/css-vite:test: 
@master/css-vite:test:  ❯ tests/plugins/bug-hunt-build-config-recovery.test.ts:28:33
@master/css-vite:test:      26|           }
@master/css-vite:test:      27|         })).rejects.toThrow(error.message)
@master/css-vite:test:      28|         expect(files(cacheDir)).toEqual([])
@master/css-vite:test:        |                                 ^
@master/css-vite:test:      29|       } finally { rmSync(root, { recursive: true, force: true }) }
@master/css-vite:test:      30|     })
@master/css-vite:test: 
@master/css-vite:test: ⎯⎯⎯⎯⎯⎯⎯⎯⎯⎯⎯⎯⎯⎯⎯⎯⎯⎯⎯⎯⎯⎯[14/29]⎯
@master/css-vite:test: 
@master/css-vite:test:  FAIL  tests/plugins/bug-hunt-build-config-recovery.test.ts > failed factory releases unstarted recovery material (progressive)
@master/css-vite:test: AssertionError: expected [ Array(1) ] to deeply equal []
@master/css-vite:test: 
@master/css-vite:test: - Expected
@master/css-vite:test: + Received
@master/css-vite:test: 
@master/css-vite:test: - []
@master/css-vite:test: + [
@master/css-vite:test: +   "master-css-watch-X4dy2i/invalidate",
@master/css-vite:test: + ]
@master/css-vite:test: 
@master/css-vite:test:  ❯ tests/plugins/bug-hunt-build-config-recovery.test.ts:28:33
@master/css-vite:test:      26|           }
@master/css-vite:test:      27|         })).rejects.toThrow(error.message)
@master/css-vite:test:      28|         expect(files(cacheDir)).toEqual([])
@master/css-vite:test:        |                                 ^
@master/css-vite:test:      29|       } finally { rmSync(root, { recursive: true, force: true }) }
@master/css-vite:test:      30|     })
@master/css-vite:test: 
@master/css-vite:test: ⎯⎯⎯⎯⎯⎯⎯⎯⎯⎯⎯⎯⎯⎯⎯⎯⎯⎯⎯⎯⎯⎯[15/29]⎯
@master/css-vite:test: 
@master/css-vite:test:  FAIL  tests/plugins/bug-hunt-build-config-recovery.test.ts > failed environment-init releases unstarted recovery material (progressive)
@master/css-vite:test: AssertionError: expected [ Array(1) ] to deeply equal []
@master/css-vite:test: 
@master/css-vite:test: - Expected
@master/css-vite:test: + Received
@master/css-vite:test: 
@master/css-vite:test: - []
@master/css-vite:test: + [
@master/css-vite:test: +   "master-css-watch-x129m3/invalidate",
@master/css-vite:test: + ]
@master/css-vite:test: 
@master/css-vite:test:  ❯ tests/plugins/bug-hunt-build-config-recovery.test.ts:28:33
@master/css-vite:test:      26|           }
@master/css-vite:test:      27|         })).rejects.toThrow(error.message)
@master/css-vite:test:      28|         expect(files(cacheDir)).toEqual([])
@master/css-vite:test:        |                                 ^
@master/css-vite:test:      29|       } finally { rmSync(root, { recursive: true, force: true }) }
@master/css-vite:test:      30|     })
@master/css-vite:test: 
@master/css-vite:test: ⎯⎯⎯⎯⎯⎯⎯⎯⎯⎯⎯⎯⎯⎯⎯⎯⎯⎯⎯⎯⎯⎯[16/29]⎯
@master/css-vite:test: 
@master/css-vite:test:  FAIL  tests/plugins/bug-hunt-build-config-recovery.test.ts > configuration releases unstarted environments when a peer factory fails (shared=true)
@master/css-vite:test: AssertionError: expected [ Array(1) ] to deeply equal []
@master/css-vite:test: 
@master/css-vite:test: - Expected
@master/css-vite:test: + Received
@master/css-vite:test: 
@master/css-vite:test: - []
@master/css-vite:test: + [
@master/css-vite:test: +   "master-css-watch-ng0tTC/invalidate",
@master/css-vite:test: + ]
@master/css-vite:test: 
@master/css-vite:test:  ❯ tests/plugins/bug-hunt-build-config-recovery.test.ts:81:31
@master/css-vite:test:      79|         build: { watch: {}, createEnvironment }
@master/css-vite:test:      80|       })).rejects.toThrow(error.message)
@master/css-vite:test:      81|       expect(files(cacheDir)).toEqual([])
@master/css-vite:test:        |                               ^
@master/css-vite:test:      82|     } finally { rmSync(root, { recursive: true, force: true }) }
@master/css-vite:test:      83|   })
@master/css-vite:test: 
@master/css-vite:test: ⎯⎯⎯⎯⎯⎯⎯⎯⎯⎯⎯⎯⎯⎯⎯⎯⎯⎯⎯⎯⎯⎯[17/29]⎯
@master/css-vite:test: 
@master/css-vite:test:  FAIL  tests/plugins/bug-hunt-build-config-recovery.test.ts > configuration releases unstarted environments when a peer init fails (shared=true)
@master/css-vite:test: AssertionError: expected [ Array(1) ] to deeply equal []
@master/css-vite:test: 
@master/css-vite:test: - Expected
@master/css-vite:test: + Received
@master/css-vite:test: 
@master/css-vite:test: - []
@master/css-vite:test: + [
@master/css-vite:test: +   "master-css-watch-7AEQj6/invalidate",
@master/css-vite:test: + ]
@master/css-vite:test: 
@master/css-vite:test:  ❯ tests/plugins/bug-hunt-build-config-recovery.test.ts:81:31
@master/css-vite:test:      79|         build: { watch: {}, createEnvironment }
@master/css-vite:test:      80|       })).rejects.toThrow(error.message)
@master/css-vite:test:      81|       expect(files(cacheDir)).toEqual([])
@master/css-vite:test:        |                               ^
@master/css-vite:test:      82|     } finally { rmSync(root, { recursive: true, force: true }) }
@master/css-vite:test:      83|   })
@master/css-vite:test: 
@master/css-vite:test: ⎯⎯⎯⎯⎯⎯⎯⎯⎯⎯⎯⎯⎯⎯⎯⎯⎯⎯⎯⎯⎯⎯[18/29]⎯
@master/css-vite:test: 
@master/css-vite:test:  FAIL  tests/plugins/bug-hunt-build-config-recovery.test.ts > configuration releases unstarted environments when a peer factory fails (shared=false)
@master/css-vite:test: AssertionError: expected [ …(3) ] to deeply equal []
@master/css-vite:test: 
@master/css-vite:test: - Expected
@master/css-vite:test: + Received
@master/css-vite:test: 
@master/css-vite:test: - []
@master/css-vite:test: + [
@master/css-vite:test: +   "master-css-watch-54wsuQ/invalidate",
@master/css-vite:test: +   "master-css-watch-BuoQr9/invalidate",
@master/css-vite:test: +   "master-css-watch-VahkR1/invalidate",
@master/css-vite:test: + ]
@master/css-vite:test: 
@master/css-vite:test:  ❯ tests/plugins/bug-hunt-build-config-recovery.test.ts:81:31
@master/css-vite:test:      79|         build: { watch: {}, createEnvironment }
@master/css-vite:test:      80|       })).rejects.toThrow(error.message)
@master/css-vite:test:      81|       expect(files(cacheDir)).toEqual([])
@master/css-vite:test:        |                               ^
@master/css-vite:test:      82|     } finally { rmSync(root, { recursive: true, force: true }) }
@master/css-vite:test:      83|   })
@master/css-vite:test: 
@master/css-vite:test: ⎯⎯⎯⎯⎯⎯⎯⎯⎯⎯⎯⎯⎯⎯⎯⎯⎯⎯⎯⎯⎯⎯[19/29]⎯
@master/css-vite:test: 
@master/css-vite:test:  FAIL  tests/plugins/bug-hunt-build-config-recovery.test.ts > configuration releases unstarted environments when a peer init fails (shared=false)
@master/css-vite:test: AssertionError: expected [ …(3) ] to deeply equal []
@master/css-vite:test: 
@master/css-vite:test: - Expected
@master/css-vite:test: + Received
@master/css-vite:test: 
@master/css-vite:test: - []
@master/css-vite:test: + [
@master/css-vite:test: +   "master-css-watch-QrbCBu/invalidate",
@master/css-vite:test: +   "master-css-watch-qk4tdP/invalidate",
@master/css-vite:test: +   "master-css-watch-w3YxIC/invalidate",
@master/css-vite:test: + ]
@master/css-vite:test: 
@master/css-vite:test:  ❯ tests/plugins/bug-hunt-build-config-recovery.test.ts:81:31
@master/css-vite:test:      79|         build: { watch: {}, createEnvironment }
@master/css-vite:test:      80|       })).rejects.toThrow(error.message)
@master/css-vite:test:      81|       expect(files(cacheDir)).toEqual([])
@master/css-vite:test:        |                               ^
@master/css-vite:test:      82|     } finally { rmSync(root, { recursive: true, force: true }) }
@master/css-vite:test:      83|   })
@master/css-vite:test: 
@master/css-vite:test: ⎯⎯⎯⎯⎯⎯⎯⎯⎯⎯⎯⎯⎯⎯⎯⎯⎯⎯⎯⎯⎯⎯[20/29]⎯
@master/css-vite:test: 
@master/css-vite:test:  FAIL  tests/plugins/bug-hunt-build-failure-lifecycle.test.ts > build recovery replaces failures and forgets successful dependencies in pre-render (managed=true)
@master/css-vite:test:  FAIL  tests/plugins/bug-hunt-build-failure-lifecycle.test.ts > watch filters allow reference recovery with authored-file include
@master/css-vite:test:  FAIL  tests/plugins/bug-hunt-build-failure-lifecycle.test.ts > watch filters allow reference recovery with cache-directory exclude
@master/css-vite:test: AssertionError: expected 0 to be greater than 0
@master/css-vite:test:  ❯ vi.waitFor.timeout tests/plugins/bug-hunt-build-failure-lifecycle.test.ts:34:65
@master/css-vite:test: 
@master/css-vite:test: 
@master/css-vite:test: ⎯⎯⎯⎯⎯⎯⎯⎯⎯⎯⎯⎯⎯⎯⎯⎯⎯⎯⎯⎯⎯⎯[21/29]⎯
@master/css-vite:test: 
@master/css-vite:test:  FAIL  tests/plugins/bug-hunt-build-recovery-ownership.test.ts > a configuration error does not allocate build recovery files
@master/css-vite:test: AssertionError: expected [ Array(1) ] to deeply equal []
@master/css-vite:test: 
@master/css-vite:test: - Expected
@master/css-vite:test: + Received
@master/css-vite:test: 
@master/css-vite:test: - []
@master/css-vite:test: + [
@master/css-vite:test: +   "master-css-watch-blEZ0U/invalidate",
@master/css-vite:test: + ]
@master/css-vite:test: 
@master/css-vite:test:  ❯ tests/plugins/bug-hunt-build-recovery-ownership.test.ts:24:31
@master/css-vite:test:      22|       plugins: [masterCSS({ mode: 'static', runtime: false }), { name:…
@master/css-vite:test:      23|     })).rejects.toThrow('intentional config error')
@master/css-vite:test:      24|     expect(files(f.cacheDir)).toEqual([])
@master/css-vite:test:        |                               ^
@master/css-vite:test:      25|   } finally { f.close() }
@master/css-vite:test:      26| })
@master/css-vite:test: 
@master/css-vite:test: ⎯⎯⎯⎯⎯⎯⎯⎯⎯⎯⎯⎯⎯⎯⎯⎯⎯⎯⎯⎯⎯⎯[22/29]⎯
@master/css-vite:test: 
@master/css-vite:test:  FAIL  tests/plugins/bug-hunt-failed-dependency-reconciliation.test.ts > BH-0004 reconciles failed dependency without delivered watcher events in static (resource=true)
@master/css-vite:test:  FAIL  tests/plugins/bug-hunt-failed-dependency-reconciliation.test.ts > BH-0004 reconciles failed dependency without delivered watcher events in runtime (resource=true)
@master/css-vite:test:  FAIL  tests/plugins/bug-hunt-failed-dependency-reconciliation.test.ts > BH-0004 reconciles failed dependency without delivered watcher events in pre-render (resource=true)
@master/css-vite:test: AssertionError: expected false to be true // Object.is equality
@master/css-vite:test: 
@master/css-vite:test: - Expected
@master/css-vite:test: + Received
@master/css-vite:test: 
@master/css-vite:test: - true
@master/css-vite:test: + false
@master/css-vite:test: 
@master/css-vite:test:  ❯ vi.waitFor.timeout tests/plugins/bug-hunt-failed-dependency-reconciliation.test.ts:39:62
@master/css-vite:test:      37|     const send = vi.spyOn(server.ws, 'send')
@master/css-vite:test:      38|     f.restore()
@master/css-vite:test:      39|     await vi.waitFor(() => expect(notified(send.mock.calls)).toBe(true…
@master/css-vite:test:        |                                                              ^
@master/css-vite:test:      40|     expect(observed).toEqual([])
@master/css-vite:test:      41|     const recovered = await fetch(new URL('style.css', origin));expect…
@master/css-vite:test: 
@master/css-vite:test: ⎯⎯⎯⎯⎯⎯⎯⎯⎯⎯⎯⎯⎯⎯⎯⎯⎯⎯⎯⎯⎯⎯[23/29]⎯
@master/css-vite:test: 
@master/css-vite:test:  FAIL  tests/plugins/bug-hunt-missing-directory-watch.test.ts > BH-0004 missing directory recovers entry-resource-three in static via node
@master/css-vite:test: AssertionError: {"observed":[]}: expected false to be true // Object.is equality
@master/css-vite:test: 
@master/css-vite:test: - Expected
@master/css-vite:test: + Received
@master/css-vite:test: 
@master/css-vite:test: - true
@master/css-vite:test: + false
@master/css-vite:test: 
@master/css-vite:test:  ❯ vi.waitFor.timeout tests/plugins/bug-hunt-missing-directory-watch.test.ts:39:92
@master/css-vite:test:      37|     writeFileSync(dependency, resource ? '<svg xmlns="http://www.w3.or…
@master/css-vite:test:      38|     // Automatic HMR is the contract; actual watcher events remain dia…
@master/css-vite:test:      39|     await vi.waitFor(() => expect(notified(send.mock.calls), JSON.stri…
@master/css-vite:test:        |                                                                                            ^
@master/css-vite:test:      40|     const result = await fetch(new URL('style.css', origin));expect(re…
@master/css-vite:test:      41|   } finally { await server?.environments.client.waitForRequestsIdle();…
@master/css-vite:test: 
@master/css-vite:test: ⎯⎯⎯⎯⎯⎯⎯⎯⎯⎯⎯⎯⎯⎯⎯⎯⎯⎯⎯⎯⎯⎯[24/29]⎯
@master/css-vite:test: 
@master/css-vite:test:  FAIL  tests/plugins/bug-hunt-startup-dependencies.test.ts > BH-0004 startup reference-directory recovers entry in static
@master/css-vite:test: Error: expect.poll() function didn't resolve in time.
@master/css-vite:test:  ❯ tests/plugins/bug-hunt-startup-dependencies.test.ts:48:27
@master/css-vite:test:      46|       const response = await fetch(new URL('style.css', origin));resto…
@master/css-vite:test:      47|       return response.status
@master/css-vite:test:      48|     }, { timeout: 5000 }).toBe(200)
@master/css-vite:test:        |                           ^
@master/css-vite:test:      49|     const encoded = restored.match(/const __vite__css = ("(?:[^"\\]|\\…
@master/css-vite:test:      50|     const css = encoded ? JSON.parse(encoded[1]) as string : restored
@master/css-vite:test: 
@master/css-vite:test: Caused by: Error: Matcher did not succeed in time.
@master/css-vite:test:  ❯ tests/plugins/bug-hunt-startup-dependencies.test.ts:45:5
@master/css-vite:test: 
@master/css-vite:test: ⎯⎯⎯⎯⎯⎯⎯⎯⎯⎯⎯⎯⎯⎯⎯⎯⎯⎯⎯⎯⎯⎯[25/29]⎯
@master/css-vite:test: 
@master/css-vite:test: 
@master/css-vite:test:  Test Files  6 failed | 65 passed (71)
@master/css-vite:test:       Tests  29 failed | 638 passed (667)
@master/css-vite:test:    Start at  13:54:30
@master/css-vite:test:    Duration  122.07s (tests 95%, transform 3%, import 2%)
@master/css-vite:test: 
@master/css-vite:test: [ELIFECYCLE] Test failed. See above for more details.
@master/css-vite#test:  WARNING  command finished with error, but continuing...
@master/css-binding-wasm-tooling#test:  ERROR  command (/Users/aron/master/css/packages/binding-wasm-tooling) /Users/aron/Library/pnpm/bin/pnpm run test exited (1)
@master/css-binding-wasm-compiler#test:  ERROR  command (/Users/aron/master/css/packages/binding-wasm-compiler) /Users/aron/Library/pnpm/bin/pnpm run test exited (1)
@master/css-webpack#test:  ERROR  command (/Users/aron/master/css/packages/webpack) /Users/aron/Library/pnpm/bin/pnpm run test exited (1)
@master/css-nuxt#test:  ERROR  command (/Users/aron/master/css/packages/nuxt) /Users/aron/Library/pnpm/bin/pnpm run test exited (1)
@master/css-vite#test:  ERROR  command (/Users/aron/master/css/packages/vite) /Users/aron/Library/pnpm/bin/pnpm run test exited (1)

 Tasks:    102 successful, 107 total
Cached:    0 cached, 107 total
  Time:    2m36.69s 
Failed:    @master/css-binding-wasm-compiler#test, @master/css-binding-wasm-tooling#test, @master/css-nuxt#test, @master/css-vite#test, @master/css-webpack#test

 ERROR  run failed: command  exited (1)
exit=1
