$ node scripts/check-api-census.mjs
node:internal/modules/run_main:107
    triggerUncaughtException(
    ^

AssertionError [ERR_ASSERTION]: API census differs from package manifests or CLI/MCP/wire registries. Run "pnpm run check:packages:update" and review it intentionally.
+ actual - expected
... Skipped lines

  {
    records: [
      {
        consumers: [],
        disposition: 'retain',
...
          '@master/eslint-plugin-css',
+         'internal',
          'site'
        ],
        disposition: 'retain',
        id: 'export:@master/css-tooling:./builtins#builtinKeyAliases',
        kind: 'export',
...
          '@master/eslint-plugin-css',
+         'internal',
          'site'
        ],
        disposition: 'retain',
        id: 'export:@master/css-tooling:./builtins#builtinNativeValueNamespaces',
        kind: 'export',
...
          '@master/eslint-plugin-css',
+         'internal',
          'site'
        ],
        disposition: 'retain',
        id: 'export:@master/css-tooling:./builtins#MasterCSSBuiltinKeyAliases',
        kind: 'export',
...
          '@master/eslint-plugin-css',
+         'internal',
          'site'
        ],
        disposition: 'retain',
        id: 'export:@master/css-tooling:./builtins#MasterCSSBuiltinNativeValueNamespace',
        kind: 'export',
...
          '@master/eslint-plugin-css',
+         'internal',
          'site'
        ],
        disposition: 'retain',
        id: 'export:@master/css-tooling:./builtins#MasterCSSBuiltinNativeValueNamespaces',
        kind: 'export',
...
          '@master/eslint-plugin-css',
+         'internal',
          'site'
        ],
        disposition: 'retain',
        id: 'export:@master/css-tooling:./language/node#analyzeDocumentSync',
        kind: 'export',
...
          '@master/eslint-plugin-css',
+         'internal',
          'site'
        ],
        disposition: 'retain',
        id: 'export:@master/css-tooling:./language/node#formatDirectivesSync',
        kind: 'export',
...
          '@master/eslint-plugin-css',
+         'internal',
          'site'
        ],
        disposition: 'retain',
        id: 'export:@master/css-tooling:./language/node#inspectClassNameSync',
        kind: 'export',
...
          '@master/eslint-plugin-css',
+         'internal',
          'site'
        ],
        disposition: 'retain',
        id: 'export:@master/css-tooling:./language#analyzeDocument',
        kind: 'export',
...
          '@master/eslint-plugin-css',
+         'internal',
          'site'
        ],
        disposition: 'retain',
        id: 'export:@master/css-tooling:./language#AT_SIGN',
        kind: 'export',
...
          '@master/eslint-plugin-css',
+         'internal',
          'site'
        ],
        disposition: 'retain',
        id: 'export:@master/css-tooling:./language#AT_TRIGGER_CHARACTER',
        kind: 'export',
...
          '@master/eslint-plugin-css',
+         'internal',
          'site'
        ],
        disposition: 'retain',
        id: 'export:@master/css-tooling:./language#CLASS_ATTRIBUTES',
        kind: 'export',
...
          '@master/eslint-plugin-css',
+         'internal',
          'site'
        ],
        disposition: 'retain',
        id: 'export:@master/css-tooling:./language#CLASS_DECLARATIONS',
        kind: 'export',
...
          '@master/eslint-plugin-css',
+         'internal',
          'site'
        ],
        disposition: 'retain',
        id: 'export:@master/css-tooling:./language#CLASS_FUNCTIONS',
        kind: 'export',
...
          '@master/eslint-plugin-css',
+         'internal',
          'site'
        ],
        disposition: 'retain',
        id: 'export:@master/css-tooling:./language#DECLARATION_SEPARATOR_TRIGGER_CHARACTER',
        kind: 'export',
...
          '@master/eslint-plugin-css',
+         'internal',
          'site'
        ],
        disposition: 'retain',
        id: 'export:@master/css-tooling:./language#DELIMITER_SIGN',
        kind: 'export',
...
          '@master/eslint-plugin-css',
+         'internal',
          'site'
        ],
        disposition: 'retain',
        id: 'export:@master/css-tooling:./language#formatDirectives',
        kind: 'export',
...
          '@master/eslint-plugin-css',
+         'internal',
          'site'
        ],
        disposition: 'retain',
        id: 'export:@master/css-tooling:./language#getMasterCSSSemanticTokenScopeKeys',
        kind: 'export',
...
          '@master/eslint-plugin-css',
+         'internal',
          'site'
        ],
        disposition: 'retain',
        id: 'export:@master/css-tooling:./language#GROUP_TRIGGER_CHARACTER',
        kind: 'export',
...
          '@master/eslint-plugin-css',
+         'internal',
          'site'
        ],
        disposition: 'retain',
        id: 'export:@master/css-tooling:./language#HighlightTokenRole',
        kind: 'export',
...
          '@master/eslint-plugin-css',
+         'internal',
          'site'
        ],
        disposition: 'retain',
        id: 'export:@master/css-tooling:./language#inspectClassName',
        kind: 'export',
...
          '@master/eslint-plugin-css',
+         'internal',
          'site'
        ],
        disposition: 'retain',
        id: 'export:@master/css-tooling:./language#INVOKED_TRIGGER_CHARACTERS',
        kind: 'export',
...
          '@master/eslint-plugin-css',
+         'internal',
          'site'
        ],
        disposition: 'retain',
        id: 'export:@master/css-tooling:./language#MASTER_CSS_SEMANTIC_TOKEN_SCOPE_MAP',
        kind: 'export',
...
          '@master/eslint-plugin-css',
+         'internal',
          'site'
        ],
        disposition: 'retain',
        id: 'export:@master/css-tooling:./language#MasterCSSDocumentAnalysis',
        kind: 'export',
...
          '@master/eslint-plugin-css',
+         'internal',
          'site'
        ],
        disposition: 'retain',
        id: 'export:@master/css-tooling:./language#MasterCSSDocumentAnalysisRequest',
        kind: 'export',
...
          '@master/eslint-plugin-css',
+         'internal',
          'site'
        ],
        disposition: 'retain',
        id: 'export:@master/css-tooling:./language#MasterCSSFormatDirectivesRequest',
        kind: 'export',
...
          '@master/eslint-plugin-css',
+         'internal',
          'site'
        ],
        disposition: 'retain',
        id: 'export:@master/css-tooling:./language#MasterCSSFormatDirectivesResult',
        kind: 'export',
...
          '@master/eslint-plugin-css',
+         'internal',
          'site'
        ],
        disposition: 'retain',
        id: 'export:@master/css-tooling:./language#MasterCSSLanguageClass',
        kind: 'export',
...
          '@master/eslint-plugin-css',
+         'internal',
          'site'
        ],
        disposition: 'retain',
        id: 'export:@master/css-tooling:./language#MasterCSSLanguageClassifications',
        kind: 'export',
...
          '@master/eslint-plugin-css',
+         'internal',
          'site'
        ],
        disposition: 'retain',
        id: 'export:@master/css-tooling:./language#MasterCSSLanguageClassKind',
        kind: 'export',
...
          '@master/eslint-plugin-css',
+         'internal',
          'site'
        ],
        disposition: 'retain',
        id: 'export:@master/css-tooling:./language#MasterCSSLanguageClassListContext',
        kind: 'export',
...
          '@master/eslint-plugin-css',
+         'internal',
          'site'
        ],
        disposition: 'retain',
        id: 'export:@master/css-tooling:./language#MasterCSSLanguageClassPosition',
        kind: 'export',
...
          '@master/eslint-plugin-css',
+         'internal',
          'site'
        ],
        disposition: 'retain',
        id: 'export:@master/css-tooling:./language#MasterCSSLanguageClassVariable',
        kind: 'export',
...
          '@master/eslint-plugin-css',
+         'internal',
          'site'
        ],
        disposition: 'retain',
        id: 'export:@master/css-tooling:./language#MasterCSSLanguageColorCandidate',
        kind: 'export',
...
          '@master/eslint-plugin-css',
+         'internal',
          'site'
        ],
        disposition: 'retain',
        id: 'export:@master/css-tooling:./language#MasterCSSLanguageColorExpression',
        kind: 'export',
...
          '@master/eslint-plugin-css',
+         'internal',
          'site'
        ],
        disposition: 'retain',
        id: 'export:@master/css-tooling:./language#MasterCSSLanguageColorFormat',
        kind: 'export',
...
          '@master/eslint-plugin-css',
+         'internal',
          'site'
        ],
        disposition: 'retain',
        id: 'export:@master/css-tooling:./language#MasterCSSLanguageColorPresentation',
        kind: 'export',
...
          '@master/eslint-plugin-css',
+         'internal',
          'site'
        ],
        disposition: 'retain',
        id: 'export:@master/css-tooling:./language#MasterCSSLanguageColorToken',
        kind: 'export',
...
          '@master/eslint-plugin-css',
+         'internal',
          'site'
        ],
        disposition: 'retain',
        id: 'export:@master/css-tooling:./language#MasterCSSLanguageColorTokens',
        kind: 'export',
...
          '@master/eslint-plugin-css',
+         'internal',
          'site'
        ],
        disposition: 'retain',
        id: 'export:@master/css-tooling:./language#MasterCSSLanguageCompletionEntry',
        kind: 'export',
...
          '@master/eslint-plugin-css',
+         'internal',
          'site'
        ],
        disposition: 'retain',
        id: 'export:@master/css-tooling:./language#MasterCSSLanguageCompletionIndex',
        kind: 'export',
...
          '@master/eslint-plugin-css',
+         'internal',
          'site'
        ],
        disposition: 'retain',
        id: 'export:@master/css-tooling:./language#MasterCSSLanguageCompletionKind',
        kind: 'export',
...
          '@master/eslint-plugin-css',
+         'internal',
          'site'
        ],
        disposition: 'retain',
        id: 'export:@master/css-tooling:./language#MasterCSSLanguageInspection',
        kind: 'export',
...
          '@master/eslint-plugin-css',
+         'internal',
          'site'
        ],
        disposition: 'retain',
        id: 'export:@master/css-tooling:./language#MasterCSSLanguageVariable',
        kind: 'export',
...
          '@master/eslint-plugin-css',
+         'internal',
          'site'
        ],
        disposition: 'retain',
        id: 'export:@master/css-tooling:./language#matchesLanguageServiceNativeDeclaration',
        kind: 'export',
...
          '@master/eslint-plugin-css',
+         'internal',
          'site'
        ],
        disposition: 'retain',
        id: 'export:@master/css-tooling:./language#QUERY_COMPARISON_OPERATORS',
        kind: 'export',
...
          '@master/eslint-plugin-css',
+         'internal',
          'site'
        ],
        disposition: 'retain',
        id: 'export:@master/css-tooling:./language#QUERY_LOGICAL_OPERATORS',
        kind: 'export',
...
          '@master/eslint-plugin-css',
+         'internal',
          'site'
        ],
        disposition: 'retain',
        id: 'export:@master/css-tooling:./language#QUERY_TRIGGER_CHARACTERS',
        kind: 'export',
...
          '@master/eslint-plugin-css',
+         'internal',
          'site'
        ],
        disposition: 'retain',
        id: 'export:@master/css-tooling:./language#SELECTOR_SIGNS',
        kind: 'export',
...
          '@master/eslint-plugin-css',
+         'internal',
          'site'
        ],
        disposition: 'retain',
        id: 'export:@master/css-tooling:./language#SELECTOR_TRIGGER_CHARACTERS',
        kind: 'export',
...
          '@master/eslint-plugin-css',
+         'internal',
          'site'
        ],
        disposition: 'retain',
        id: 'export:@master/css-tooling:./language#SEMANTIC_TOKEN_MODIFIERS',
        kind: 'export',
...
          '@master/eslint-plugin-css',
+         'internal',
          'site'
        ],
        disposition: 'retain',
        id: 'export:@master/css-tooling:./language#SEMANTIC_TOKEN_TYPES',
        kind: 'export',
...
          '@master/eslint-plugin-css',
+         'internal',
          'site'
        ],
        disposition: 'retain',
        id: 'export:@master/css-tooling:./language#SEMANTIC_TOKENS_LEGEND',
        kind: 'export',
...
          '@master/eslint-plugin-css',
+         'internal',
          'site'
        ],
        disposition: 'retain',
        id: 'export:@master/css-tooling:./language#SemanticTokenItem',
        kind: 'export',
...
          '@master/eslint-plugin-css',
+         'internal',
          'site'
        ],
        disposition: 'retain',
        id: 'export:@master/css-tooling:./language#SemanticTokenModifier',
        kind: 'export',
...
          '@master/eslint-plugin-css',
+         'internal',
          'site'
        ],
        disposition: 'retain',
        id: 'export:@master/css-tooling:./language#SemanticTokenType',
        kind: 'export',
...
          '@master/eslint-plugin-css',
+         'internal',
          'site'
        ],
        disposition: 'retain',
        id: 'export:@master/css-tooling:./language#SEPARATOR_SIGN',
        kind: 'export',
...
          '@master/eslint-plugin-css',
+         'internal',
          'site'
        ],
        disposition: 'retain',
        id: 'export:@master/css-tooling:./language#VALUE_TRIGGER_CHARACTERS',
        kind: 'export',
...
          '@master/eslint-plugin-css',
+         'internal',
          'site'
        ],
        disposition: 'retain',
        id: 'export:@master/css-tooling:./lexer/node#analyzeClassListSync',
        kind: 'export',
...
          '@master/eslint-plugin-css',
+         'internal',
          'site'
        ],
        disposition: 'retain',
        id: 'export:@master/css-tooling:./lexer#analyzeClassList',
        kind: 'export',
...
          '@master/eslint-plugin-css',
+         'internal',
          'site'
        ],
        disposition: 'retain',
        id: 'export:@master/css-tooling:./lexer#MasterCSSClassListAnalysis',
        kind: 'export',
...
          '@master/eslint-plugin-css',
+         'internal',
          'site'
        ],
        disposition: 'retain',
        id: 'export:@master/css-tooling:./lexer#MasterCSSClassListAnalysisRequest',
        kind: 'export',
...
          '@master/eslint-plugin-css',
+         'internal',
          'site'
        ],
        disposition: 'retain',
        id: 'export:@master/css-tooling:./lexer#MasterCSSClassListInput',
        kind: 'export',
...
          '@master/eslint-plugin-css',
+         'internal',
          'site'
        ],
        disposition: 'retain',
        id: 'export:@master/css-tooling:./lexer#MasterCSSClassListItem',
        kind: 'export',
...
          '@master/eslint-plugin-css',
+         'internal',
          'site'
        ],
        disposition: 'retain',
        id: 'export:@master/css-tooling:./lexer#MasterCSSCSSAnalysis',
        kind: 'export',
...
          '@master/eslint-plugin-css',
+         'internal',
          'site'
        ],
        disposition: 'retain',
        id: 'export:@master/css-tooling:./lexer#MasterCSSCSSDirectiveAnalysis',
        kind: 'export',
...
          '@master/eslint-plugin-css',
+         'internal',
          'site'
        ],
        disposition: 'retain',
        id: 'export:@master/css-tooling:./lexer#MasterCSSCSSImportAnalysis',
        kind: 'export',
...
          '@master/eslint-plugin-css',
+         'internal',
          'site'
        ],
        disposition: 'retain',
        id: 'export:@master/css-tooling:./lexer#MasterCSSSourceRange',
        kind: 'export',
...
          '@master/eslint-plugin-css',
+         'internal',
          'site'
        ],
        disposition: 'retain',
        id: 'export:@master/css-tooling:./lint/node#lintClassNamesSync',
        kind: 'export',
...
          '@master/eslint-plugin-css',
+         'internal',
          'site'
        ],
        disposition: 'retain',
        id: 'export:@master/css-tooling:./lint#CanonicalClassNameOptions',
        kind: 'export',
...
          '@master/eslint-plugin-css',
+         'internal',
          'site'
        ],
        disposition: 'retain',
        id: 'export:@master/css-tooling:./lint#CanonicalComposeDirectiveResult',
        kind: 'export',
...
          '@master/eslint-plugin-css',
+         'internal',
          'site'
        ],
        disposition: 'retain',
        id: 'export:@master/css-tooling:./lint#CanonicalComposeDirectiveSuggestion',
        kind: 'export',
...
          '@master/eslint-plugin-css',
+         'internal',
          'site'
        ],
        disposition: 'retain',
        id: 'export:@master/css-tooling:./lint#createMasterCSSLintDiagnostics',
        kind: 'export',
...
          '@master/eslint-plugin-css',
+         'internal',
          'site'
        ],
        disposition: 'retain',
        id: 'export:@master/css-tooling:./lint#defaultCanonicalClassNameOptions',
        kind: 'export',
...
          '@master/eslint-plugin-css',
+         'internal',
          'site'
        ],
        disposition: 'retain',
        id: 'export:@master/css-tooling:./lint#defaultClassLintSettings',
        kind: 'export',
...
          '@master/eslint-plugin-css',
+         'internal',
          'site'
        ],
        disposition: 'retain',
        id: 'export:@master/css-tooling:./lint#defaultMasterCSSLintRules',
        kind: 'export',
...
          '@master/eslint-plugin-css',
+         'internal',
          'site'
        ],
        disposition: 'retain',
        id: 'export:@master/css-tooling:./lint#fixMasterCSSContent',
        kind: 'export',
...
          '@master/eslint-plugin-css',
+         'internal',
          'site'
        ],
        disposition: 'retain',
        id: 'export:@master/css-tooling:./lint#lintClassNames',
        kind: 'export',
...
          '@master/eslint-plugin-css',
+         'internal',
          'site'
        ],
        disposition: 'retain',
        id: 'export:@master/css-tooling:./lint#lintMasterCSSContent',
        kind: 'export',
...
          '@master/eslint-plugin-css',
+         'internal',
          'site'
        ],
        disposition: 'retain',
        id: 'export:@master/css-tooling:./lint#MasterCSSCanonicalClassesReportOptions',
        kind: 'export',
...
          '@master/eslint-plugin-css',
+         'internal',
          'site'
        ],
        disposition: 'retain',
        id: 'export:@master/css-tooling:./lint#MasterCSSClassListEditOptions',
        kind: 'export',
...
          '@master/eslint-plugin-css',
+         'internal',
          'site'
        ],
        disposition: 'retain',
        id: 'export:@master/css-tooling:./lint#MasterCSSClassListLintReportOptions',
        kind: 'export',
...
          '@master/eslint-plugin-css',
+         'internal',
          'site'
        ],
        disposition: 'retain',
        id: 'export:@master/css-tooling:./lint#MasterCSSFixContentOptions',
        kind: 'export',
...
          '@master/eslint-plugin-css',
+         'internal',
          'site'
        ],
        disposition: 'retain',
        id: 'export:@master/css-tooling:./lint#MasterCSSInvalidClassesReportOptions',
        kind: 'export',
...
          '@master/eslint-plugin-css',
+         'internal',
          'site'
        ],
        disposition: 'retain',
        id: 'export:@master/css-tooling:./lint#MasterCSSLintAnalysis',
        kind: 'export',
...
          '@master/eslint-plugin-css',
+         'internal',
          'site'
        ],
        disposition: 'retain',
        id: 'export:@master/css-tooling:./lint#MasterCSSLintCanonicalClassGroupSuggestion',
        kind: 'export',
...
          '@master/eslint-plugin-css',
+         'internal',
          'site'
        ],
        disposition: 'retain',
        id: 'export:@master/css-tooling:./lint#MasterCSSLintCanonicalClassSuggestion',
        kind: 'export',
...
          '@master/eslint-plugin-css',
+         'internal',
          'site'
        ],
        disposition: 'retain',
        id: 'export:@master/css-tooling:./lint#MasterCSSLintClassConflict',
        kind: 'export',
...
          '@master/eslint-plugin-css',
+         'internal',
          'site'
        ],
        disposition: 'retain',
        id: 'export:@master/css-tooling:./lint#MasterCSSLintClassListAnalysis',
        kind: 'export',
...
          '@master/eslint-plugin-css',
+         'internal',
          'site'
        ],
        disposition: 'retain',
        id: 'export:@master/css-tooling:./lint#MasterCSSLintClassListOptions',
        kind: 'export',
...
          '@master/eslint-plugin-css',
+         'internal',
          'site'
        ],
        disposition: 'retain',
        id: 'export:@master/css-tooling:./lint#MasterCSSLintContentOptions',
        kind: 'export',
...
          '@master/eslint-plugin-css',
+         'internal',
          'site'
        ],
        disposition: 'retain',
        id: 'export:@master/css-tooling:./lint#MasterCSSLintContentRuleOptions',
        kind: 'export',
...
          '@master/eslint-plugin-css',
+         'internal',
          'site'
        ],
        disposition: 'retain',
        id: 'export:@master/css-tooling:./lint#MasterCSSLintDiagnostic',
        kind: 'export',
...
          '@master/eslint-plugin-css',
+         'internal',
          'site'
        ],
        disposition: 'retain',
        id: 'export:@master/css-tooling:./lint#MasterCSSLintDiagnosticData',
        kind: 'export',
...
          '@master/eslint-plugin-css',
+         'internal',
          'site'
        ],
        disposition: 'retain',
        id: 'export:@master/css-tooling:./lint#MasterCSSLintDiagnosticInput',
        kind: 'export',
...
          '@master/eslint-plugin-css',
+         'internal',
          'site'
        ],
        disposition: 'retain',
        id: 'export:@master/css-tooling:./lint#MasterCSSLintDiagnosticSeverity',
        kind: 'export',
...
          '@master/eslint-plugin-css',
+         'internal',
          'site'
        ],
        disposition: 'retain',
        id: 'export:@master/css-tooling:./lint#MasterCSSLintDiagnosticSourceKind',
        kind: 'export',
...
          '@master/eslint-plugin-css',
+         'internal',
          'site'
        ],
        disposition: 'retain',
        id: 'export:@master/css-tooling:./lint#MasterCSSLintDocumentAnalysis',
        kind: 'export',
...
          '@master/eslint-plugin-css',
+         'internal',
          'site'
        ],
        disposition: 'retain',
        id: 'export:@master/css-tooling:./lint#MasterCSSLintEdit',
        kind: 'export',
...
          '@master/eslint-plugin-css',
+         'internal',
          'site'
        ],
        disposition: 'retain',
        id: 'export:@master/css-tooling:./lint#MasterCSSLintFileResult',
        kind: 'export',
...
          '@master/eslint-plugin-css',
+         'internal',
          'site'
        ],
        disposition: 'retain',
        id: 'export:@master/css-tooling:./lint#MasterCSSLintFileSourceKind',
        kind: 'export',
...
          '@master/eslint-plugin-css',
+         'internal',
          'site'
        ],
        disposition: 'retain',
        id: 'export:@master/css-tooling:./lint#MasterCSSLintFix',
        kind: 'export',
...
          '@master/eslint-plugin-css',
+         'internal',
          'site'
        ],
        disposition: 'retain',
        id: 'export:@master/css-tooling:./lint#MasterCSSLintPartialClassConflict',
        kind: 'export',
...
          '@master/eslint-plugin-css',
+         'internal',
          'site'
        ],
        disposition: 'retain',
        id: 'export:@master/css-tooling:./lint#MasterCSSLintRange',
        kind: 'export',
...
          '@master/eslint-plugin-css',
+         'internal',
          'site'
        ],
        disposition: 'retain',
        id: 'export:@master/css-tooling:./lint#MasterCSSLintRawValueCandidate',
        kind: 'export',
...
          '@master/eslint-plugin-css',
+         'internal',
          'site'
        ],
        disposition: 'retain',
        id: 'export:@master/css-tooling:./lint#MasterCSSLintReport',
        kind: 'export',
...
          '@master/eslint-plugin-css',
+         'internal',
          'site'
        ],
        disposition: 'retain',
        id: 'export:@master/css-tooling:./lint#MasterCSSLintReportOptions',
        kind: 'export',
...
          '@master/eslint-plugin-css',
+         'internal',
          'site'
        ],
        disposition: 'retain',
        id: 'export:@master/css-tooling:./lint#MasterCSSLintRuleId',
        kind: 'export',
...
          '@master/eslint-plugin-css',
+         'internal',
          'site'
        ],
        disposition: 'retain',
        id: 'export:@master/css-tooling:./lint#masterCSSLintRuleIds',
        kind: 'export',
...
          '@master/eslint-plugin-css',
+         'internal',
          'site'
        ],
        disposition: 'retain',
        id: 'export:@master/css-tooling:./lint#MasterCSSLintSourceDiagnostic',
        kind: 'export',
...
          '@master/eslint-plugin-css',
+         'internal',
          'site'
        ],
        disposition: 'retain',
        id: 'export:@master/css-tooling:./lint#MasterCSSLintSourceFix',
        kind: 'export',
...
          '@master/eslint-plugin-css',
+         'internal',
          'site'
        ],
        disposition: 'retain',
        id: 'export:@master/css-tooling:./lint#MasterCSSLintSourceFixKind',
        kind: 'export',
...
          '@master/eslint-plugin-css',
+         'internal',
          'site'
        ],
        disposition: 'retain',
        id: 'export:@master/css-tooling:./lint#MasterCSSLintSourceFixSafety',
        kind: 'export',
...
          '@master/eslint-plugin-css',
+         'internal',
          'site'
        ],
        disposition: 'retain',
        id: 'export:@master/css-tooling:./lint#MasterCSSLintSourceLocation',
        kind: 'export',
...
          '@master/eslint-plugin-css',
+         'internal',
          'site'
        ],
        disposition: 'retain',
        id: 'export:@master/css-tooling:./lint#MasterCSSLintSourceLocationRange',
        kind: 'export',
...
          '@master/eslint-plugin-css',
+         'internal',
          'site'
        ],
        disposition: 'retain',
        id: 'export:@master/css-tooling:./lint#MasterCSSLintSummary',
        kind: 'export',
...
          '@master/eslint-plugin-css',
+         'internal',
          'site'
        ],
        disposition: 'retain',
        id: 'export:@master/css-tooling:./lint#MasterCSSLintToken',
        kind: 'export',
...
          '@master/eslint-plugin-css',
+         'internal',
          'site'
        ],
        disposition: 'retain',
        id: 'export:@master/css-tooling:./lint#MasterCSSUnapprovedRawValueClassesReportOptions',
        kind: 'export',
...
          '@master/eslint-plugin-css',
+         'internal',
          'site'
        ],
        disposition: 'retain',
        id: 'export:@master/css-tooling:./lint#RawValuePolicyOptions',
        kind: 'export',
...
          '@master/eslint-plugin-css',
+         'internal',
          'site'
        ],
        disposition: 'retain',
        id: 'export:@master/css-tooling:./lint#resolveMasterCSSLintRules',
        kind: 'export',
...
          '@master/eslint-plugin-css',
+         'internal',
          'site'
        ],
        disposition: 'retain',
        id: 'export:@master/css-tooling:./lint#summarizeMasterCSSLintFiles',
        kind: 'export',
...
          '@master/eslint-plugin-css',
+         'internal',
          'site'
        ],
        disposition: 'retain',
        id: 'export:@master/css-tooling:./node#createToolingSessionSync',
        kind: 'export',
...
          '@master/eslint-plugin-css',
+         'internal',
          'site'
        ],
        disposition: 'retain',
        id: 'export:@master/css-tooling:./node#MasterCSSNativeDeclarationCandidate',
        kind: 'export',
...
          '@master/eslint-plugin-css',
+         'internal',
          'site'
        ],
        disposition: 'retain',
        id: 'export:@master/css-tooling:./node#MasterCSSToolingSession',
        kind: 'export',
...
          '@master/eslint-plugin-css',
+         'internal',
          'site'
        ],
        disposition: 'retain',
        id: 'export:@master/css-tooling:./node#supportsNativeDeclaration',
        kind: 'export',
...
          '@master/eslint-plugin-css',
+         'internal',
          'site'
        ],
        disposition: 'retain',
        id: 'export:@master/css-tooling:./scanner/node#createScanner',
        kind: 'export',
...
          '@master/eslint-plugin-css',
+         'internal',
          'site'
        ],
        disposition: 'retain',
        id: 'export:@master/css-tooling:./scanner/node#defaultScannerOptions',
        kind: 'export',
...
          '@master/eslint-plugin-css',
+         'internal',
          'site'
        ],
        disposition: 'retain',
        id: 'export:@master/css-tooling:./scanner/node#MasterCSSScanner',
        kind: 'export',
...
          '@master/eslint-plugin-css',
+         'internal',
          'site'
        ],
        disposition: 'retain',
        id: 'export:@master/css-tooling:./scanner/node#MasterCSSScannerConfiguration',
        kind: 'export',
...
          '@master/eslint-plugin-css',
+         'internal',
          'site'
        ],
        disposition: 'retain',
        id: 'export:@master/css-tooling:./scanner/node#MasterCSSScannerOptions',
        kind: 'export',
...
          '@master/eslint-plugin-css',
+         'internal',
          'site'
        ],
        disposition: 'retain',
        id: 'export:@master/css-tooling:./source/node#extractSourceSync',
        kind: 'export',
...
          '@master/eslint-plugin-css',
+         'internal',
          'site'
        ],
        disposition: 'retain',
        id: 'export:@master/css-tooling:./source#extractSource',
        kind: 'export',
...
          '@master/eslint-plugin-css',
+         'internal',
          'site'
        ],
        disposition: 'retain',
        id: 'export:@master/css-tooling:./source#MasterCSSExtractedSource',
        kind: 'export',
...
          '@master/eslint-plugin-css',
+         'internal',
          'site'
        ],
        disposition: 'retain',
        id: 'export:@master/css-tooling:./source#MasterCSSSourceExtraction',
        kind: 'export',
...
          '@master/eslint-plugin-css',
+         'internal',
          'site'
        ],
        disposition: 'retain',
        id: 'export:@master/css-tooling:./source#MasterCSSSourceExtractionInput',
        kind: 'export',
...
          '@master/eslint-plugin-css',
+         'internal',
          'site'
        ],
        disposition: 'retain',
        id: 'export:@master/css-tooling:./source#MasterCSSSourceExtractionRequest',
        kind: 'export',
...
          '@master/eslint-plugin-css',
+         'internal',
          'site'
        ],
        disposition: 'retain',
        id: 'export:@master/css-tooling:./source#MasterCSSSourceKind',
        kind: 'export',
...
          '@master/eslint-plugin-css',
+         'internal',
          'site'
        ],
        disposition: 'retain',
        id: 'export:@master/css-tooling:./validator/node#validateClassNamesSync',
        kind: 'export',
...
          '@master/eslint-plugin-css',
+         'internal',
          'site'
        ],
        disposition: 'retain',
        id: 'export:@master/css-tooling:./validator#MasterCSSClassValidation',
        kind: 'export',
...
          '@master/eslint-plugin-css',
+         'internal',
          'site'
        ],
        disposition: 'retain',
        id: 'export:@master/css-tooling:./validator#MasterCSSClassValidationResult',
        kind: 'export',
...
          '@master/eslint-plugin-css',
+         'internal',
          'site'
        ],
        disposition: 'retain',
        id: 'export:@master/css-tooling:./validator#validateClassNames',
        kind: 'export',
...
          '@master/eslint-plugin-css',
+         'internal',
          'site'
        ],
        disposition: 'retain',
        id: 'export:@master/css-tooling:.#createToolingSession',
        kind: 'export',
...
          '@master/eslint-plugin-css',
+         'internal',
          'site'
        ],
        disposition: 'retain',
        id: 'export:@master/css-tooling:.#MasterCSSDocumentAnalysis',
        kind: 'export',
...
          '@master/eslint-plugin-css',
+         'internal',
          'site'
        ],
        disposition: 'retain',
        id: 'export:@master/css-tooling:.#MasterCSSDocumentAnalysisRequest',
        kind: 'export',
...
          '@master/eslint-plugin-css',
+         'internal',
          'site'
        ],
        disposition: 'retain',
        id: 'export:@master/css-tooling:.#MasterCSSFormatDirectivesRequest',
        kind: 'export',
...
          '@master/eslint-plugin-css',
+         'internal',
          'site'
        ],
        disposition: 'retain',
        id: 'export:@master/css-tooling:.#MasterCSSFormatDirectivesResult',
        kind: 'export',
...
          '@master/eslint-plugin-css',
+         'internal',
          'site'
        ],
        disposition: 'retain',
        id: 'export:@master/css-tooling:.#MasterCSSLanguageClassListContext',
        kind: 'export',
...
          '@master/eslint-plugin-css',
+         'internal',
          'site'
        ],
        disposition: 'retain',
        id: 'export:@master/css-tooling:.#MasterCSSLanguageClassPosition',
        kind: 'export',
...
          '@master/eslint-plugin-css',
+         'internal',
          'site'
        ],
        disposition: 'retain',
        id: 'export:@master/css-tooling:.#MasterCSSToolingSession',
        kind: 'export',
...
          '@master/eslint-plugin-css',
+         'internal',
          'site'
        ],
        disposition: 'retain',
        id: 'export:@master/css-tooling:.#MasterCSSToolingSessionOptions',
        kind: 'export',
...
          '@master/eslint-plugin-css',
+         'internal',
          'site'
        ],
        disposition: 'retain',
        id: 'package:@master/css-tooling',
        kind: 'package',
...
          '@master/eslint-plugin-css',
+         'internal',
          'site'
        ],
        disposition: 'retain',
        id: 'subpath:@master/css-tooling:.',
        kind: 'subpath',
...
          '@master/eslint-plugin-css',
+         'internal',
          'site'
        ],
        disposition: 'retain',
        id: 'subpath:@master/css-tooling:./builtins',
        kind: 'subpath',
...
          '@master/eslint-plugin-css',
+         'internal',
          'site'
        ],
        disposition: 'retain',
        id: 'subpath:@master/css-tooling:./language',
        kind: 'subpath',
...
          '@master/eslint-plugin-css',
+         'internal',
          'site'
        ],
        disposition: 'retain',
        id: 'subpath:@master/css-tooling:./language/node',
        kind: 'subpath',
...
          '@master/eslint-plugin-css',
+         'internal',
          'site'
        ],
        disposition: 'retain',
        id: 'subpath:@master/css-tooling:./lexer',
        kind: 'subpath',
...
          '@master/eslint-plugin-css',
+         'internal',
          'site'
        ],
        disposition: 'retain',
        id: 'subpath:@master/css-tooling:./lexer/node',
        kind: 'subpath',
...
          '@master/eslint-plugin-css',
+         'internal',
          'site'
        ],
        disposition: 'retain',
        id: 'subpath:@master/css-tooling:./lint',
        kind: 'subpath',
...
          '@master/eslint-plugin-css',
+         'internal',
          'site'
        ],
        disposition: 'retain',
        id: 'subpath:@master/css-tooling:./lint/node',
        kind: 'subpath',
...
          '@master/eslint-plugin-css',
+         'internal',
          'site'
        ],
        disposition: 'retain',
        id: 'subpath:@master/css-tooling:./node',
        kind: 'subpath',
...
          '@master/eslint-plugin-css',
+         'internal',
          'site'
        ],
        disposition: 'retain',
        id: 'subpath:@master/css-tooling:./scanner/node',
        kind: 'subpath',
...
          '@master/eslint-plugin-css',
+         'internal',
          'site'
        ],
        disposition: 'retain',
        id: 'subpath:@master/css-tooling:./source',
        kind: 'subpath',
...
          '@master/eslint-plugin-css',
+         'internal',
          'site'
        ],
        disposition: 'retain',
        id: 'subpath:@master/css-tooling:./source/node',
        kind: 'subpath',
...
          '@master/eslint-plugin-css',
+         'internal',
          'site'
        ],
        disposition: 'retain',
        id: 'subpath:@master/css-tooling:./validator',
        kind: 'subpath',
...
          '@master/eslint-plugin-css',
+         'internal',
          'site'
        ],
        disposition: 'retain',
        id: 'subpath:@master/css-tooling:./validator/node',
        kind: 'subpath',

    at checkAPICensus (file:///Users/aron/master/css/scripts/api-census.mjs:562:10)
    at file:///Users/aron/master/css/scripts/check-api-census.mjs:9:1
    at ModuleJob.run (node:internal/modules/esm/module_job:561:25)
    at async node:internal/modules/esm/loader:647:26
    at async asyncRunEntryPointWithESMLoader (node:internal/modules/run_main:101:5) {
  generatedMessage: false,
  code: 'ERR_ASSERTION',
  actual: {
    version: 1,
    sources: [
      '.ai/contracts/public-api.json',
      'packages/*/package.json',
      'packages/cli/src/core.ts',
      'packages/mcp/src/server.ts',
      'packages/schema/src/**/*.ts',
      'packages/binding/src/protocol.ts',
      'packages/cli/src/**/*.ts',
      'packages/mcp/src/**/*.ts'
    ],
    summary: {
      records: 849,
      byKind: {
        bin: 3,
        'cli-command': 3,
        export: 667,
        'mcp-prompt': 3,
        'mcp-resource': 3,
        'mcp-tool': 20,
        package: 35,
        subpath: 93,
        'wire-contract': 22
      }
    },
    records: [
      {
        kind: 'bin',
        owner: '@master/create-css',
        responsibility: 'project setup planning and application',
        consumers: [],
        platform: 'node',
        lifecycle: 'command',
        visibility: 'public',
        disposition: 'retain',
        id: 'bin:@master/create-css:create-css',
        package: '@master/create-css',
        name: 'create-css',
        target: './dist/bin/index.js'
      },
      {
        kind: 'bin',
        owner: '@master/css-cli',
        responsibility: 'command-line host',
        consumers: [ 'master-css-nextjs-example' ],
        platform: 'node',
        lifecycle: 'command',
        visibility: 'public',
        disposition: 'retain',
        id: 'bin:@master/css-cli:master-css',
        package: '@master/css-cli',
        name: 'master-css',
        target: './dist/bin/index.js'
      },
      {
        kind: 'bin',
        owner: '@master/css-mcp',
        responsibility: 'Model Context Protocol host',
        consumers: [],
        platform: 'node',
        lifecycle: 'command',
        visibility: 'public',
        disposition: 'retain',
        id: 'bin:@master/css-mcp:master-css-mcp',
        package: '@master/css-mcp',
        name: 'master-css-mcp',
        target: './dist/bin/index.js'
      },
      {
        kind: 'cli-command',
        owner: '@master/css-cli',
        responsibility: 'command-line host',
        consumers: [ 'CLI users' ],
        platform: 'node',
        lifecycle: 'command',
        visibility: 'public',
        disposition: 'retain',
        id: 'cli-command:master-css:generate',
        name: 'generate'
      },
      {
        kind: 'cli-command',
        owner: '@master/css-cli',
        responsibility: 'command-line host',
        consumers: [ 'CLI users' ],
        platform: 'node',
        lifecycle: 'command',
        visibility: 'public',
        disposition: 'retain',
        id: 'cli-command:master-css:inspect',
        name: 'inspect'
      },
      {
        kind: 'cli-command',
        owner: '@master/css-cli',
        responsibility: 'command-line host',
        consumers: [ 'CLI users' ],
        platform: 'node',
        lifecycle: 'command',
        visibility: 'public',
        disposition: 'retain',
        id: 'cli-command:master-css:lint',
        name: 'lint'
      },
      {
        kind: 'export',
        owner: '@master/create-css',
        responsibility: 'project setup planning and application',
        consumers: [],
        platform: 'node',
        lifecycle: 'plan',
        visibility: 'public',
        disposition: 'retain',
        id: 'export:@master/create-css:.#applyMasterCSSSetupPlan',
        package: '@master/create-css',
        subpath: '.',
        name: 'applyMasterCSSSetupPlan'
      },
      {
        kind: 'export',
        owner: '@master/create-css',
        responsibility: 'project setup planning and application',
        consumers: [],
        platform: 'node',
        lifecycle: 'plan',
        visibility: 'public',
        disposition: 'retain',
        id: 'export:@master/create-css:.#MasterCSSSetupCommand',
        package: '@master/create-css',
        subpath: '.',
        name: 'MasterCSSSetupCommand'
      },
      {
        kind: 'export',
        owner: '@master/create-css',
        responsibility: 'project setup planning and application',
        consumers: [],
        platform: 'node',
        lifecycle: 'plan',
        visibility: 'public',
        disposition: 'retain',
        id: 'export:@master/create-css:.#MasterCSSSetupDependency',
        package: '@master/create-css',
        subpath: '.',
        name: 'MasterCSSSetupDependency'
      },
      {
        kind: 'export',
        owner: '@master/create-css',
        responsibility: 'project setup planning and application',
        consumers: [],
        platform: 'node',
        lifecycle: 'plan',
        visibility: 'public',
        disposition: 'retain',
        id: 'export:@master/create-css:.#MasterCSSSetupFileAction',
        package: '@master/create-css',
        subpath: '.',
        name: 'MasterCSSSetupFileAction'
      },
      {
        kind: 'export',
        owner: '@master/create-css',
        responsibility: 'project setup planning and application',
        consumers: [],
        platform: 'node',
        lifecycle: 'plan',
        visibility: 'public',
        disposition: 'retain',
        id: 'export:@master/create-css:.#MasterCSSSetupFileChange',
        package: '@master/create-css',
        subpath: '.',
        name: 'MasterCSSSetupFileChange'
      },
      {
        kind: 'export',
        owner: '@master/create-css',
        responsibility: 'project setup planning and application',
        consumers: [],
        platform: 'node',
        lifecycle: 'plan',
        visibility: 'public',
        disposition: 'retain',
        id: 'export:@master/create-css:.#MasterCSSSetupFilePrecondition',
        package: '@master/create-css',
        subpath: '.',
        name: 'MasterCSSSetupFilePrecondition'
      },
      {
        kind: 'export',
        owner: '@master/create-css',
        responsibility: 'project setup planning and application',
        consumers: [],
        platform: 'node',
        lifecycle: 'plan',
        visibility: 'public',
        disposition: 'retain',
        id: 'export:@master/create-css:.#MasterCSSSetupFramework',
        package: '@master/create-css',
        subpath: '.',
        name: 'MasterCSSSetupFramework'
      },
      {
        kind: 'export',
        owner: '@master/create-css',
        responsibility: 'project setup planning and application',
        consumers: [],
        platform: 'node',
        lifecycle: 'plan',
        visibility: 'public',
        disposition: 'retain',
        id: 'export:@master/create-css:.#MasterCSSSetupFrameworkOption',
        package: '@master/create-css',
        subpath: '.',
        name: 'MasterCSSSetupFrameworkOption'
      },
      {
        kind: 'export',
        owner: '@master/create-css',
        responsibility: 'project setup planning and application',
        consumers: [],
        platform: 'node',
        lifecycle: 'plan',
        visibility: 'public',
        disposition: 'retain',
        id: 'export:@master/create-css:.#MasterCSSSetupOptions',
        package: '@master/create-css',
        subpath: '.',
        name: 'MasterCSSSetupOptions'
      },
      {
        kind: 'export',
        owner: '@master/create-css',
        responsibility: 'project setup planning and application',
        consumers: [],
        platform: 'node',
        lifecycle: 'plan',
        visibility: 'public',
        disposition: 'retain',
        id: 'export:@master/create-css:.#MasterCSSSetupPackageManager',
        package: '@master/create-css',
        subpath: '.',
        name: 'MasterCSSSetupPackageManager'
      },
      {
        kind: 'export',
        owner: '@master/create-css',
        responsibility: 'project setup planning and application',
        consumers: [],
        platform: 'node',
        lifecycle: 'plan',
        visibility: 'public',
        disposition: 'retain',
        id: 'export:@master/create-css:.#MasterCSSSetupPlan',
        package: '@master/create-css',
        subpath: '.',
        name: 'MasterCSSSetupPlan'
      },
      {
        kind: 'export',
        owner: '@master/create-css',
        responsibility: 'project setup planning and application',
        consumers: [],
        platform: 'node',
        lifecycle: 'plan',
        visibility: 'public',
        disposition: 'retain',
        id: 'export:@master/create-css:.#planMasterCSSSetup',
        package: '@master/create-css',
        subpath: '.',
        name: 'planMasterCSSSetup'
      },
      {
        kind: 'export',
        owner: '@master/css-astro',
        responsibility: 'Astro integration lifecycle',
        consumers: [ 'master-css-astro-example' ],
        platform: 'node',
        lifecycle: 'integration',
        visibility: 'public',
        disposition: 'retain',
        id: 'export:@master/css-astro:./middleware#onRequest',
        package: '@master/css-astro',
        subpath: './middleware',
        name: 'onRequest'
      },
      {
        kind: 'export',
        owner: '@master/css-astro',
        responsibility: 'Astro integration lifecycle',
        consumers: [ 'master-css-astro-example' ],
        platform: 'build-host',
        lifecycle: 'integration',
        visibility: 'public',
        disposition: 'retain',
        id: 'export:@master/css-astro:.#createMasterCSSAstroIntegration',
        package: '@master/css-astro',
        subpath: '.',
        name: 'createMasterCSSAstroIntegration'
      },
      {
        kind: 'export',
        owner: '@master/css-astro',
        responsibility: 'Astro integration lifecycle',
        consumers: [ 'master-css-astro-example' ],
        platform: 'build-host',
        lifecycle: 'integration',
        visibility: 'public',
        disposition: 'retain',
        id: 'export:@master/css-astro:.#default',
        package: '@master/css-astro',
        subpath: '.',
        name: 'default'
      },
      {
        kind: 'export',
        owner: '@master/css-astro',
        responsibility: 'Astro integration lifecycle',
        consumers: [ 'master-css-astro-example' ],
        platform: 'build-host',
        lifecycle: 'integration',
        visibility: 'public',
        disposition: 'retain',
        id: 'export:@master/css-astro:.#MasterCSSAstroIntegrationOptions',
        package: '@master/css-astro',
        subpath: '.',
        name: 'MasterCSSAstroIntegrationOptions'
      },
      {
        kind: 'export',
        owner: '@master/css-binding-wasm-compiler',
        responsibility: 'compiler Wasm artifact delivery',
        consumers: [ '@master/css-binding' ],
        platform: 'conditional',
        lifecycle: 'module',
        visibility: 'artifact',
        disposition: 'artifact-only',
        id: 'export:@master/css-binding-wasm-compiler:.#createMasterCSSCompilerWasmProvider',
        package: '@master/css-binding-wasm-compiler',
        subpath: '.',
        name: 'createMasterCSSCompilerWasmProvider'
      },
      {
        kind: 'export',
        owner: '@master/css-binding-wasm-compiler',
        responsibility: 'compiler Wasm artifact delivery',
        consumers: [ '@master/css-binding' ],
        platform: 'conditional',
        lifecycle: 'module',
        visibility: 'artifact',
        disposition: 'artifact-only',
        id: 'export:@master/css-binding-wasm-compiler:.#MasterCSSWasmCompilerInput',
        package: '@master/css-binding-wasm-compiler',
        subpath: '.',
        name: 'MasterCSSWasmCompilerInput'
      },
      {
        kind: 'export',
        owner: '@master/css-binding-wasm-compiler',
        responsibility: 'compiler Wasm artifact delivery',
        consumers: [ '@master/css-binding' ],
        platform: 'conditional',
        lifecycle: 'module',
        visibility: 'artifact',
        disposition: 'artifact-only',
        id: 'export:@master/css-binding-wasm-compiler:.#MasterCSSWasmCompilerLoadOptions',
        package: '@master/css-binding-wasm-compiler',
        subpath: '.',
        name: 'MasterCSSWasmCompilerLoadOptions'
      },
      {
        kind: 'export',
        owner: '@master/css-binding-wasm-engine',
        responsibility: 'engine Wasm artifact delivery',
        consumers: [ '@master/css-binding' ],
        platform: 'conditional',
        lifecycle: 'module',
        visibility: 'artifact',
        disposition: 'artifact-only',
        id: 'export:@master/css-binding-wasm-engine:.#createMasterCSSEngineWasmProvider',
        package: '@master/css-binding-wasm-engine',
        subpath: '.',
        name: 'createMasterCSSEngineWasmProvider'
      },
      {
        kind: 'export',
        owner: '@master/css-binding-wasm-engine',
        responsibility: 'engine Wasm artifact delivery',
        consumers: [ '@master/css-binding' ],
        platform: 'conditional',
        lifecycle: 'module',
        visibility: 'artifact',
        disposition: 'artifact-only',
        id: 'export:@master/css-binding-wasm-engine:.#MasterCSSWasmEngineInput',
        package: '@master/css-binding-wasm-engine',
        subpath: '.',
        name: 'MasterCSSWasmEngineInput'
      },
      {
        kind: 'export',
        owner: '@master/css-binding-wasm-engine',
        responsibility: 'engine Wasm artifact delivery',
        consumers: [ '@master/css-binding' ],
        platform: 'conditional',
        lifecycle: 'module',
        visibility: 'artifact',
        disposition: 'artifact-only',
        id: 'export:@master/css-binding-wasm-engine:.#MasterCSSWasmEngineLoadOptions',
        package: '@master/css-binding-wasm-engine',
        subpath: '.',
        name: 'MasterCSSWasmEngineLoadOptions'
      },
      {
        kind: 'export',
        owner: '@master/css-binding-wasm-tooling',
        responsibility: 'tooling Wasm artifact delivery',
        consumers: [ '@master/css-binding' ],
        platform: 'conditional',
        lifecycle: 'module',
        visibility: 'artifact',
        disposition: 'artifact-only',
        id: 'export:@master/css-binding-wasm-tooling:.#createMasterCSSToolingWasmProvider',
        package: '@master/css-binding-wasm-tooling',
        subpath: '.',
        name: 'createMasterCSSToolingWasmProvider'
      },
      {
        kind: 'export',
        owner: '@master/css-binding-wasm-tooling',
        responsibility: 'tooling Wasm artifact delivery',
        consumers: [ '@master/css-binding' ],
        platform: 'conditional',
        lifecycle: 'module',
        visibility: 'artifact',
        disposition: 'artifact-only',
        id: 'export:@master/css-binding-wasm-tooling:.#MasterCSSWasmToolingInput',
        package: '@master/css-binding-wasm-tooling',
        subpath: '.',
        name: 'MasterCSSWasmToolingInput'
      },
      {
        kind: 'export',
        owner: '@master/css-binding-wasm-tooling',
        responsibility: 'tooling Wasm artifact delivery',
        consumers: [ '@master/css-binding' ],
        platform: 'conditional',
        lifecycle: 'module',
        visibility: 'artifact',
        disposition: 'artifact-only',
        id: 'export:@master/css-binding-wasm-tooling:.#MasterCSSWasmToolingLoadOptions',
        package: '@master/css-binding-wasm-tooling',
        subpath: '.',
        name: 'MasterCSSWasmToolingLoadOptions'
      },
      {
        kind: 'export',
        owner: '@master/css-binding',
        responsibility: 'native and Wasm binding loading',
        consumers: [
          '@master/css',
          '@master/css-compiler',
          '@master/css-preset',
          '@master/css-runtime',
          '@master/css-server',
          '@master/css-tooling',
          '@master/css-vscode'
        ],
        platform: 'node',
        lifecycle: 'binding-session',
        visibility: 'published-internal',
        disposition: 'loader',
        id: 'export:@master/css-binding:./compiler/node#createCompilerBindingSessionSync',
        package: '@master/css-binding',
        subpath: './compiler/node',
        name: 'createCompilerBindingSessionSync'
      },
      {
        kind: 'export',
        owner: '@master/css-binding',
        responsibility: 'native and Wasm binding loading',
        consumers: [
          '@master/css',
          '@master/css-compiler',
          '@master/css-preset',
          '@master/css-runtime',
          '@master/css-server',
          '@master/css-tooling',
          '@master/css-vscode'
        ],
        platform: 'node',
        lifecycle: 'binding-session',
        visibility: 'published-internal',
        disposition: 'loader',
        id: 'export:@master/css-binding:./compiler/node#MASTER_CSS_DIAGNOSTICS_REPORT_VERSION',
        package: '@master/css-binding',
        subpath: './compiler/node',
        name: 'MASTER_CSS_DIAGNOSTICS_REPORT_VERSION'
      },
      {
        kind: 'export',
        owner: '@master/css-binding',
        responsibility: 'native and Wasm binding loading',
        consumers: [
          '@master/css',
          '@master/css-compiler',
          '@master/css-preset',
          '@master/css-runtime',
          '@master/css-server',
          '@master/css-tooling',
          '@master/css-vscode'
        ],
        platform: 'node',
        lifecycle: 'binding-session',
        visibility: 'published-internal',
        disposition: 'loader',
        id: 'export:@master/css-binding:./compiler/node#MasterCSSCompileDefaultPresetRequest',
        package: '@master/css-binding',
        subpath: './compiler/node',
        name: 'MasterCSSCompileDefaultPresetRequest'
      },
      {
        kind: 'export',
        owner: '@master/css-binding',
        responsibility: 'native and Wasm binding loading',
        consumers: [
          '@master/css',
          '@master/css-compiler',
          '@master/css-preset',
          '@master/css-runtime',
          '@master/css-server',
          '@master/css-tooling',
          '@master/css-vscode'
        ],
        platform: 'node',
        lifecycle: 'binding-session',
        visibility: 'published-internal',
        disposition: 'loader',
        id: 'export:@master/css-binding:./compiler/node#MasterCSSCompileDefaultPresetResult',
        package: '@master/css-binding',
        subpath: './compiler/node',
        name: 'MasterCSSCompileDefaultPresetResult'
      },
      {
        kind: 'export',
        owner: '@master/css-binding',
        responsibility: 'native and Wasm binding loading',
        consumers: [
          '@master/css',
          '@master/css-compiler',
          '@master/css-preset',
          '@master/css-runtime',
          '@master/css-server',
          '@master/css-tooling',
          '@master/css-vscode'
        ],
        platform: 'node',
        lifecycle: 'binding-session',
        visibility: 'published-internal',
        disposition: 'loader',
        id: 'export:@master/css-binding:./compiler/node#MasterCSSCompileManifestOptions',
        package: '@master/css-binding',
        subpath: './compiler/node',
        name: 'MasterCSSCompileManifestOptions'
      },
      {
        kind: 'export',
        owner: '@master/css-binding',
        responsibility: 'native and Wasm binding loading',
        consumers: [
          '@master/css',
          '@master/css-compiler',
          '@master/css-preset',
          '@master/css-runtime',
          '@master/css-server',
          '@master/css-tooling',
          '@master/css-vscode'
        ],
        platform: 'node',
        lifecycle: 'binding-session',
        visibility: 'published-internal',
        disposition: 'loader',
        id: 'export:@master/css-binding:./compiler/node#MasterCSSCompileManifestResult',
        package: '@master/css-binding',
        subpath: './compiler/node',
        name: 'MasterCSSCompileManifestResult'
      },
      {
        kind: 'export',
        owner: '@master/css-binding',
        responsibility: 'native and Wasm binding loading',
        consumers: [
          '@master/css',
          '@master/css-compiler',
          '@master/css-preset',
          '@master/css-runtime',
          '@master/css-server',
          '@master/css-tooling',
          '@master/css-vscode'
        ],
        platform: 'node',
        lifecycle: 'binding-session',
        visibility: 'published-internal',
        disposition: 'loader',
        id: 'export:@master/css-binding:./compiler/node#MasterCSSCompilerBindingSession',
        package: '@master/css-binding',
        subpath: './compiler/node',
        name: 'MasterCSSCompilerBindingSession'
      },
      {
        kind: 'export',
        owner: '@master/css-binding',
        responsibility: 'native and Wasm binding loading',
        consumers: [
          '@master/css',
          '@master/css-compiler',
          '@master/css-preset',
          '@master/css-runtime',
          '@master/css-server',
          '@master/css-tooling',
          '@master/css-vscode'
        ],
        platform: 'node',
        lifecycle: 'binding-session',
        visibility: 'published-internal',
        disposition: 'loader',
        id: 'export:@master/css-binding:./compiler/node#MasterCSSCompilerInspection',
        package: '@master/css-binding',
        subpath: './compiler/node',
        name: 'MasterCSSCompilerInspection'
      },
      {
        kind: 'export',
        owner: '@master/css-binding',
        responsibility: 'native and Wasm binding loading',
        consumers: [
          '@master/css',
          '@master/css-compiler',
          '@master/css-preset',
          '@master/css-runtime',
          '@master/css-server',
          '@master/css-tooling',
          '@master/css-vscode'
        ],
        platform: 'node',
        lifecycle: 'binding-session',
        visibility: 'published-internal',
        disposition: 'loader',
        id: 'export:@master/css-binding:./compiler/node#MasterCSSDependencyAnalysis',
        package: '@master/css-binding',
        subpath: './compiler/node',
        name: 'MasterCSSDependencyAnalysis'
      },
      {
        kind: 'export',
        owner: '@master/css-binding',
        responsibility: 'native and Wasm binding loading',
        consumers: [
          '@master/css',
          '@master/css-compiler',
          '@master/css-preset',
          '@master/css-runtime',
          '@master/css-server',
          '@master/css-tooling',
          '@master/css-vscode'
        ],
        platform: 'node',
        lifecycle: 'binding-session',
        visibility: 'published-internal',
        disposition: 'loader',
        id: 'export:@master/css-binding:./compiler/node#MasterCSSDiagnosticsReportInput',
        package: '@master/css-binding',
        subpath: './compiler/node',
        name: 'MasterCSSDiagnosticsReportInput'
      },
      {
        kind: 'export',
        owner: '@master/css-binding',
        responsibility: 'native and Wasm binding loading',
        consumers: [
          '@master/css',
          '@master/css-compiler',
          '@master/css-preset',
          '@master/css-runtime',
          '@master/css-server',
          '@master/css-tooling',
          '@master/css-vscode'
        ],
        platform: 'node',
        lifecycle: 'binding-session',
        visibility: 'published-internal',
        disposition: 'loader',
        id: 'export:@master/css-binding:./compiler/node#MasterCSSDirectiveCompilation',
        package: '@master/css-binding',
        subpath: './compiler/node',
        name: 'MasterCSSDirectiveCompilation'
      },
      {
        kind: 'export',
        owner: '@master/css-binding',
        responsibility: 'native and Wasm binding loading',
        consumers: [
          '@master/css',
          '@master/css-compiler',
          '@master/css-preset',
          '@master/css-runtime',
          '@master/css-server',
          '@master/css-tooling',
          '@master/css-vscode'
        ],
        platform: 'node',
        lifecycle: 'binding-session',
        visibility: 'published-internal',
        disposition: 'loader',
        id: 'export:@master/css-binding:./compiler/node#MasterCSSDirectiveCompileOptions',
        package: '@master/css-binding',
        subpath: './compiler/node',
        name: 'MasterCSSDirectiveCompileOptions'
      },
      {
        kind: 'export',
        owner: '@master/css-binding',
        responsibility: 'native and Wasm binding loading',
        consumers: [
          '@master/css',
          '@master/css-compiler',
          '@master/css-preset',
          '@master/css-runtime',
          '@master/css-server',
          '@master/css-tooling',
          '@master/css-vscode'
        ],
        platform: 'node',
        lifecycle: 'binding-session',
        visibility: 'published-internal',
        disposition: 'loader',
        id: 'export:@master/css-binding:./compiler/node#MasterCSSDirectiveExtractionPolicy',
        package: '@master/css-binding',
        subpath: './compiler/node',
        name: 'MasterCSSDirectiveExtractionPolicy'
      },
      {
        kind: 'export',
        owner: '@master/css-binding',
        responsibility: 'native and Wasm binding loading',
        consumers: [
          '@master/css',
          '@master/css-compiler',
          '@master/css-preset',
          '@master/css-runtime',
          '@master/css-server',
          '@master/css-tooling',
          '@master/css-vscode'
        ],
        platform: 'node',
        lifecycle: 'binding-session',
        visibility: 'published-internal',
        disposition: 'loader',
        id: 'export:@master/css-binding:./compiler/node#MasterCSSDirectiveManifestInput',
        package: '@master/css-binding',
        subpath: './compiler/node',
        name: 'MasterCSSDirectiveManifestInput'
      },
      {
        kind: 'export',
        owner: '@master/css-binding',
        responsibility: 'native and Wasm binding loading',
        consumers: [
          '@master/css',
          '@master/css-compiler',
          '@master/css-preset',
          '@master/css-runtime',
          '@master/css-server',
          '@master/css-tooling',
          '@master/css-vscode'
        ],
        platform: 'node',
        lifecycle: 'binding-session',
        visibility: 'published-internal',
        disposition: 'loader',
        id: 'export:@master/css-binding:./compiler/node#MasterCSSImportGraphRequest',
        package: '@master/css-binding',
        subpath: './compiler/node',
        name: 'MasterCSSImportGraphRequest'
      },
      {
        kind: 'export',
        owner: '@master/css-binding',
        responsibility: 'native and Wasm binding loading',
        consumers: [
          '@master/css',
          '@master/css-compiler',
          '@master/css-preset',
          '@master/css-runtime',
          '@master/css-server',
          '@master/css-tooling',
          '@master/css-vscode'
        ],
        platform: 'node',
        lifecycle: 'binding-session',
        visibility: 'published-internal',
        disposition: 'loader',
        id: 'export:@master/css-binding:./compiler/node#MasterCSSInspectionReport',
        package: '@master/css-binding',
        subpath: './compiler/node',
        name: 'MasterCSSInspectionReport'
      },
      {
        kind: 'export',
        owner: '@master/css-binding',
        responsibility: 'native and Wasm binding loading',
        consumers: [
          '@master/css',
          '@master/css-compiler',
          '@master/css-preset',
          '@master/css-runtime',
          '@master/css-server',
          '@master/css-tooling',
          '@master/css-vscode'
        ],
        platform: 'node',
        lifecycle: 'binding-session',
        visibility: 'published-internal',
        disposition: 'loader',
        id: 'export:@master/css-binding:./compiler/node#MasterCSSLowerDirectivesOptions',
        package: '@master/css-binding',
        subpath: './compiler/node',
        name: 'MasterCSSLowerDirectivesOptions'
      },
      {
        kind: 'export',
        owner: '@master/css-binding',
        responsibility: 'native and Wasm binding loading',
        consumers: [
          '@master/css',
          '@master/css-compiler',
          '@master/css-preset',
          '@master/css-runtime',
          '@master/css-server',
          '@master/css-tooling',
          '@master/css-vscode'
        ],
        platform: 'node',
        lifecycle: 'binding-session',
        visibility: 'published-internal',
        disposition: 'loader',
        id: 'export:@master/css-binding:./compiler/node#MasterCSSLowerDirectivesRequest',
        package: '@master/css-binding',
        subpath: './compiler/node',
        name: 'MasterCSSLowerDirectivesRequest'
      },
      {
        kind: 'export',
        owner: '@master/css-binding',
        responsibility: 'native and Wasm binding loading',
        consumers: [
          '@master/css',
          '@master/css-compiler',
          '@master/css-preset',
          '@master/css-runtime',
          '@master/css-server',
          '@master/css-tooling',
          '@master/css-vscode'
        ],
        platform: 'node',
        lifecycle: 'binding-session',
        visibility: 'published-internal',
        disposition: 'loader',
        id: 'export:@master/css-binding:./compiler/node#MasterCSSLowerDirectivesResult',
        package: '@master/css-binding',
        subpath: './compiler/node',
        name: 'MasterCSSLowerDirectivesResult'
      },
      {
        kind: 'export',
        owner: '@master/css-binding',
        responsibility: 'native and Wasm binding loading',
        consumers: [
          '@master/css',
          '@master/css-compiler',
          '@master/css-preset',
          '@master/css-runtime',
          '@master/css-server',
          '@master/css-tooling',
          '@master/css-vscode'
        ],
        platform: 'node',
        lifecycle: 'binding-session',
        visibility: 'published-internal',
        disposition: 'loader',
        id: 'export:@master/css-binding:./compiler/node#MasterCSSNativeBindingLoadOptions',
        package: '@master/css-binding',
        subpath: './compiler/node',
        name: 'MasterCSSNativeBindingLoadOptions'
      },
      {
        kind: 'export',
        owner: '@master/css-binding',
        responsibility: 'native and Wasm binding loading',
        consumers: [
          '@master/css',
          '@master/css-compiler',
          '@master/css-preset',
          '@master/css-runtime',
          '@master/css-server',
          '@master/css-tooling',
          '@master/css-vscode'
        ],
        platform: 'node',
        lifecycle: 'binding-session',
        visibility: 'published-internal',
        disposition: 'loader',
        id: 'export:@master/css-binding:./compiler/node#MasterCSSProjectEntryGraph',
        package: '@master/css-binding',
        subpath: './compiler/node',
        name: 'MasterCSSProjectEntryGraph'
      },
      {
        kind: 'export',
        owner: '@master/css-binding',
        responsibility: 'native and Wasm binding loading',
        consumers: [
          '@master/css',
          '@master/css-compiler',
          '@master/css-preset',
          '@master/css-runtime',
          '@master/css-server',
          '@master/css-tooling',
          '@master/css-vscode'
        ],
        platform: 'node',
        lifecycle: 'binding-session',
        visibility: 'published-internal',
        disposition: 'loader',
        id: 'export:@master/css-binding:./compiler/node#MasterCSSProjectManifest',
        package: '@master/css-binding',
        subpath: './compiler/node',
        name: 'MasterCSSProjectManifest'
      },
      {
        kind: 'export',
        owner: '@master/css-binding',
        responsibility: 'native and Wasm binding loading',
        consumers: [
          '@master/css',
          '@master/css-compiler',
          '@master/css-preset',
          '@master/css-runtime',
          '@master/css-server',
          '@master/css-tooling',
          '@master/css-vscode'
        ],
        platform: 'node',
        lifecycle: 'binding-session',
        visibility: 'published-internal',
        disposition: 'loader',
        id: 'export:@master/css-binding:./compiler/node#MasterCSSResolvedImportGraph',
        package: '@master/css-binding',
        subpath: './compiler/node',
        name: 'MasterCSSResolvedImportGraph'
      },
      {
        kind: 'export',
        owner: '@master/css-binding',
        responsibility: 'native and Wasm binding loading',
        consumers: [
          '@master/css',
          '@master/css-compiler',
          '@master/css-preset',
          '@master/css-runtime',
          '@master/css-server',
          '@master/css-tooling',
          '@master/css-vscode'
        ],
        platform: 'node',
        lifecycle: 'binding-session',
        visibility: 'published-internal',
        disposition: 'loader',
        id: 'export:@master/css-binding:./compiler/node#MasterCSSStandaloneDirectiveAnalysis',
        package: '@master/css-binding',
        subpath: './compiler/node',
        name: 'MasterCSSStandaloneDirectiveAnalysis'
      },
      {
        kind: 'export',
        owner: '@master/css-binding',
        responsibility: 'native and Wasm binding loading',
        consumers: [
          '@master/css',
          '@master/css-compiler',
          '@master/css-preset',
          '@master/css-runtime',
          '@master/css-server',
          '@master/css-tooling',
          '@master/css-vscode'
        ],
        platform: 'conditional',
        lifecycle: 'binding-session',
        visibility: 'published-internal',
        disposition: 'loader',
        id: 'export:@master/css-binding:./compiler#createCompilerBindingSession',
        package: '@master/css-binding',
        subpath: './compiler',
        name: 'createCompilerBindingSession'
      },
      {
        kind: 'export',
        owner: '@master/css-binding',
        responsibility: 'native and Wasm binding loading',
        consumers: [
          '@master/css',
          '@master/css-compiler',
          '@master/css-preset',
          '@master/css-runtime',
          '@master/css-server',
          '@master/css-tooling',
          '@master/css-vscode'
        ],
        platform: 'conditional',
        lifecycle: 'binding-session',
        visibility: 'published-internal',
        disposition: 'loader',
        id: 'export:@master/css-binding:./compiler#createCompilerRenderBindingSession',
        package: '@master/css-binding',
        subpath: './compiler',
        name: 'createCompilerRenderBindingSession'
      },
      {
        kind: 'export',
        owner: '@master/css-binding',
        responsibility: 'native and Wasm binding loading',
        consumers: [
          '@master/css',
          '@master/css-compiler',
          '@master/css-preset',
          '@master/css-runtime',
          '@master/css-server',
          '@master/css-tooling',
          '@master/css-vscode'
        ],
        platform: 'conditional',
        lifecycle: 'binding-session',
        visibility: 'published-internal',
        disposition: 'loader',
        id: 'export:@master/css-binding:./compiler#MASTER_CSS_DIAGNOSTICS_REPORT_VERSION',
        package: '@master/css-binding',
        subpath: './compiler',
        name: 'MASTER_CSS_DIAGNOSTICS_REPORT_VERSION'
      },
      {
        kind: 'export',
        owner: '@master/css-binding',
        responsibility: 'native and Wasm binding loading',
        consumers: [
          '@master/css',
          '@master/css-compiler',
          '@master/css-preset',
          '@master/css-runtime',
          '@master/css-server',
          '@master/css-tooling',
          '@master/css-vscode'
        ],
        platform: 'conditional',
        lifecycle: 'binding-session',
        visibility: 'published-internal',
        disposition: 'loader',
        id: 'export:@master/css-binding:./compiler#MasterCSSBindingLoadOptions',
        package: '@master/css-binding',
        subpath: './compiler',
        name: 'MasterCSSBindingLoadOptions'
      },
      {
        kind: 'export',
        owner: '@master/css-binding',
        responsibility: 'native and Wasm binding loading',
        consumers: [
          '@master/css',
          '@master/css-compiler',
          '@master/css-preset',
          '@master/css-runtime',
          '@master/css-server',
          '@master/css-tooling',
          '@master/css-vscode'
        ],
        platform: 'conditional',
        lifecycle: 'binding-session',
        visibility: 'published-internal',
        disposition: 'loader',
        id: 'export:@master/css-binding:./compiler#MasterCSSCompileDefaultPresetRequest',
        package: '@master/css-binding',
        subpath: './compiler',
        name: 'MasterCSSCompileDefaultPresetRequest'
      },
      {
        kind: 'export',
        owner: '@master/css-binding',
        responsibility: 'native and Wasm binding loading',
        consumers: [
          '@master/css',
          '@master/css-compiler',
          '@master/css-preset',
          '@master/css-runtime',
          '@master/css-server',
          '@master/css-tooling',
          '@master/css-vscode'
        ],
        platform: 'conditional',
        lifecycle: 'binding-session',
        visibility: 'published-internal',
        disposition: 'loader',
        id: 'export:@master/css-binding:./compiler#MasterCSSCompileDefaultPresetResult',
        package: '@master/css-binding',
        subpath: './compiler',
        name: 'MasterCSSCompileDefaultPresetResult'
      },
      {
        kind: 'export',
        owner: '@master/css-binding',
        responsibility: 'native and Wasm binding loading',
        consumers: [
          '@master/css',
          '@master/css-compiler',
          '@master/css-preset',
          '@master/css-runtime',
          '@master/css-server',
          '@master/css-tooling',
          '@master/css-vscode'
        ],
        platform: 'conditional',
        lifecycle: 'binding-session',
        visibility: 'published-internal',
        disposition: 'loader',
        id: 'export:@master/css-binding:./compiler#MasterCSSCompileManifestOptions',
        package: '@master/css-binding',
        subpath: './compiler',
        name: 'MasterCSSCompileManifestOptions'
      },
      {
        kind: 'export',
        owner: '@master/css-binding',
        responsibility: 'native and Wasm binding loading',
        consumers: [
          '@master/css',
          '@master/css-compiler',
          '@master/css-preset',
          '@master/css-runtime',
          '@master/css-server',
          '@master/css-tooling',
          '@master/css-vscode'
        ],
        platform: 'conditional',
        lifecycle: 'binding-session',
        visibility: 'published-internal',
        disposition: 'loader',
        id: 'export:@master/css-binding:./compiler#MasterCSSCompileManifestResult',
        package: '@master/css-binding',
        subpath: './compiler',
        name: 'MasterCSSCompileManifestResult'
      },
      {
        kind: 'export',
        owner: '@master/css-binding',
        responsibility: 'native and Wasm binding loading',
        consumers: [
          '@master/css',
          '@master/css-compiler',
          '@master/css-preset',
          '@master/css-runtime',
          '@master/css-server',
          '@master/css-tooling',
          '@master/css-vscode'
        ],
        platform: 'conditional',
        lifecycle: 'binding-session',
        visibility: 'published-internal',
        disposition: 'loader',
        id: 'export:@master/css-binding:./compiler#MasterCSSCompilerBindingSession',
        package: '@master/css-binding',
        subpath: './compiler',
        name: 'MasterCSSCompilerBindingSession'
      },
      {
        kind: 'export',
        owner: '@master/css-binding',
        responsibility: 'native and Wasm binding loading',
        consumers: [
          '@master/css',
          '@master/css-compiler',
          '@master/css-preset',
          '@master/css-runtime',
          '@master/css-server',
          '@master/css-tooling',
          '@master/css-vscode'
        ],
        platform: 'conditional',
        lifecycle: 'binding-session',
        visibility: 'published-internal',
        disposition: 'loader',
        id: 'export:@master/css-binding:./compiler#MasterCSSCompilerInspection',
        package: '@master/css-binding',
        subpath: './compiler',
        name: 'MasterCSSCompilerInspection'
      },
      {
        kind: 'export',
        owner: '@master/css-binding',
        responsibility: 'native and Wasm binding loading',
        consumers: [
          '@master/css',
          '@master/css-compiler',
          '@master/css-preset',
          '@master/css-runtime',
          '@master/css-server',
          '@master/css-tooling',
          '@master/css-vscode'
        ],
        platform: 'conditional',
        lifecycle: 'binding-session',
        visibility: 'published-internal',
        disposition: 'loader',
        id: 'export:@master/css-binding:./compiler#MasterCSSCompilerRenderBindingSession',
        package: '@master/css-binding',
        subpath: './compiler',
        name: 'MasterCSSCompilerRenderBindingSession'
      },
      {
        kind: 'export',
        owner: '@master/css-binding',
        responsibility: 'native and Wasm binding loading',
        consumers: [
          '@master/css',
          '@master/css-compiler',
          '@master/css-preset',
          '@master/css-runtime',
          '@master/css-server',
          '@master/css-tooling',
          '@master/css-vscode'
        ],
        platform: 'conditional',
        lifecycle: 'binding-session',
        visibility: 'published-internal',
        disposition: 'loader',
        id: 'export:@master/css-binding:./compiler#MasterCSSCompilerRenderBindingSessionOptions',
        package: '@master/css-binding',
        subpath: './compiler',
        name: 'MasterCSSCompilerRenderBindingSessionOptions'
      },
      {
        kind: 'export',
        owner: '@master/css-binding',
        responsibility: 'native and Wasm binding loading',
        consumers: [
          '@master/css',
          '@master/css-compiler',
          '@master/css-preset',
          '@master/css-runtime',
          '@master/css-server',
          '@master/css-tooling',
          '@master/css-vscode'
        ],
        platform: 'conditional',
        lifecycle: 'binding-session',
        visibility: 'published-internal',
        disposition: 'loader',
        id: 'export:@master/css-binding:./compiler#MasterCSSDependencyAnalysis',
        package: '@master/css-binding',
        subpath: './compiler',
        name: 'MasterCSSDependencyAnalysis'
      },
      {
        kind: 'export',
        owner: '@master/css-binding',
        responsibility: 'native and Wasm binding loading',
        consumers: [
          '@master/css',
          '@master/css-compiler',
          '@master/css-preset',
          '@master/css-runtime',
          '@master/css-server',
          '@master/css-tooling',
          '@master/css-vscode'
        ],
        platform: 'conditional',
        lifecycle: 'binding-session',
        visibility: 'published-internal',
        disposition: 'loader',
        id: 'export:@master/css-binding:./compiler#MasterCSSDiagnosticsReportInput',
        package: '@master/css-binding',
        subpath: './compiler',
        name: 'MasterCSSDiagnosticsReportInput'
      },
      {
        kind: 'export',
        owner: '@master/css-binding',
        responsibility: 'native and Wasm binding loading',
        consumers: [
          '@master/css',
          '@master/css-compiler',
          '@master/css-preset',
          '@master/css-runtime',
          '@master/css-server',
          '@master/css-tooling',
          '@master/css-vscode'
        ],
        platform: 'conditional',
        lifecycle: 'binding-session',
        visibility: 'published-internal',
        disposition: 'loader',
        id: 'export:@master/css-binding:./compiler#MasterCSSDirectiveCompilation',
        package: '@master/css-binding',
        subpath: './compiler',
        name: 'MasterCSSDirectiveCompilation'
      },
      {
        kind: 'export',
        owner: '@master/css-binding',
        responsibility: 'native and Wasm binding loading',
        consumers: [
          '@master/css',
          '@master/css-compiler',
          '@master/css-preset',
          '@master/css-runtime',
          '@master/css-server',
          '@master/css-tooling',
          '@master/css-vscode'
        ],
        platform: 'conditional',
        lifecycle: 'binding-session',
        visibility: 'published-internal',
        disposition: 'loader',
        id: 'export:@master/css-binding:./compiler#MasterCSSDirectiveCompileOptions',
        package: '@master/css-binding',
        subpath: './compiler',
        name: 'MasterCSSDirectiveCompileOptions'
      },
      {
        kind: 'export',
        owner: '@master/css-binding',
        responsibility: 'native and Wasm binding loading',
        consumers: [
          '@master/css',
          '@master/css-compiler',
          '@master/css-preset',
          '@master/css-runtime',
          '@master/css-server',
          '@master/css-tooling',
          '@master/css-vscode'
        ],
        platform: 'conditional',
        lifecycle: 'binding-session',
        visibility: 'published-internal',
        disposition: 'loader',
        id: 'export:@master/css-binding:./compiler#MasterCSSDirectiveExtractionPolicy',
        package: '@master/css-binding',
        subpath: './compiler',
        name: 'MasterCSSDirectiveExtractionPolicy'
      },
      {
        kind: 'export',
        owner: '@master/css-binding',
        responsibility: 'native and Wasm binding loading',
        consumers: [
          '@master/css',
          '@master/css-compiler',
          '@master/css-preset',
          '@master/css-runtime',
          '@master/css-server',
          '@master/css-tooling',
          '@master/css-vscode'
        ],
        platform: 'conditional',
        lifecycle: 'binding-session',
        visibility: 'published-internal',
        disposition: 'loader',
        id: 'export:@master/css-binding:./compiler#MasterCSSDirectiveManifestInput',
        package: '@master/css-binding',
        subpath: './compiler',
        name: 'MasterCSSDirectiveManifestInput'
      },
      {
        kind: 'export',
        owner: '@master/css-binding',
        responsibility: 'native and Wasm binding loading',
        consumers: [
          '@master/css',
          '@master/css-compiler',
          '@master/css-preset',
          '@master/css-runtime',
          '@master/css-server',
          '@master/css-tooling',
          '@master/css-vscode'
        ],
        platform: 'conditional',
        lifecycle: 'binding-session',
        visibility: 'published-internal',
        disposition: 'loader',
        id: 'export:@master/css-binding:./compiler#MasterCSSImportGraphRequest',
        package: '@master/css-binding',
        subpath: './compiler',
        name: 'MasterCSSImportGraphRequest'
      },
      {
        kind: 'export',
        owner: '@master/css-binding',
        responsibility: 'native and Wasm binding loading',
        consumers: [
          '@master/css',
          '@master/css-compiler',
          '@master/css-preset',
          '@master/css-runtime',
          '@master/css-server',
          '@master/css-tooling',
          '@master/css-vscode'
        ],
        platform: 'conditional',
        lifecycle: 'binding-session',
        visibility: 'published-internal',
        disposition: 'loader',
        id: 'export:@master/css-binding:./compiler#MasterCSSInspectionReport',
        package: '@master/css-binding',
        subpath: './compiler',
        name: 'MasterCSSInspectionReport'
      },
      {
        kind: 'export',
        owner: '@master/css-binding',
        responsibility: 'native and Wasm binding loading',
        consumers: [
          '@master/css',
          '@master/css-compiler',
          '@master/css-preset',
          '@master/css-runtime',
          '@master/css-server',
          '@master/css-tooling',
          '@master/css-vscode'
        ],
        platform: 'conditional',
        lifecycle: 'binding-session',
        visibility: 'published-internal',
        disposition: 'loader',
        id: 'export:@master/css-binding:./compiler#MasterCSSLowerDirectivesOptions',
        package: '@master/css-binding',
        subpath: './compiler',
        name: 'MasterCSSLowerDirectivesOptions'
      },
      {
        kind: 'export',
        owner: '@master/css-binding',
        responsibility: 'native and Wasm binding loading',
        consumers: [
          '@master/css',
          '@master/css-compiler',
          '@master/css-preset',
          '@master/css-runtime',
          '@master/css-server',
          '@master/css-tooling',
          '@master/css-vscode'
        ],
        platform: 'conditional',
        lifecycle: 'binding-session',
        visibility: 'published-internal',
        disposition: 'loader',
        id: 'export:@master/css-binding:./compiler#MasterCSSLowerDirectivesRequest',
        package: '@master/css-binding',
        subpath: './compiler',
        name: 'MasterCSSLowerDirectivesRequest'
      },
      {
        kind: 'export',
        owner: '@master/css-binding',
        responsibility: 'native and Wasm binding loading',
        consumers: [
          '@master/css',
          '@master/css-compiler',
          '@master/css-preset',
          '@master/css-runtime',
          '@master/css-server',
          '@master/css-tooling',
          '@master/css-vscode'
        ],
        platform: 'conditional',
        lifecycle: 'binding-session',
        visibility: 'published-internal',
        disposition: 'loader',
        id: 'export:@master/css-binding:./compiler#MasterCSSLowerDirectivesResult',
        package: '@master/css-binding',
        subpath: './compiler',
        name: 'MasterCSSLowerDirectivesResult'
      },
      {
        kind: 'export',
        owner: '@master/css-binding',
        responsibility: 'native and Wasm binding loading',
        consumers: [
          '@master/css',
          '@master/css-compiler',
          '@master/css-preset',
          '@master/css-runtime',
          '@master/css-server',
          '@master/css-tooling',
          '@master/css-vscode'
        ],
        platform: 'conditional',
        lifecycle: 'binding-session',
        visibility: 'published-internal',
        disposition: 'loader',
        id: 'export:@master/css-binding:./compiler#MasterCSSNativeBindingLoadOptions',
        package: '@master/css-binding',
        subpath: './compiler',
        name: 'MasterCSSNativeBindingLoadOptions'
      },
      {
        kind: 'export',
        owner: '@master/css-binding',
        responsibility: 'native and Wasm binding loading',
        consumers: [
          '@master/css',
          '@master/css-compiler',
          '@master/css-preset',
          '@master/css-runtime',
          '@master/css-server',
          '@master/css-tooling',
          '@master/css-vscode'
        ],
        platform: 'conditional',
        lifecycle: 'binding-session',
        visibility: 'published-internal',
        disposition: 'loader',
        id: 'export:@master/css-binding:./compiler#MasterCSSProjectEntryGraph',
        package: '@master/css-binding',
        subpath: './compiler',
        name: 'MasterCSSProjectEntryGraph'
      },
      {
        kind: 'export',
        owner: '@master/css-binding',
        responsibility: 'native and Wasm binding loading',
        consumers: [
          '@master/css',
          '@master/css-compiler',
          '@master/css-preset',
          '@master/css-runtime',
          '@master/css-server',
          '@master/css-tooling',
          '@master/css-vscode'
        ],
        platform: 'conditional',
        lifecycle: 'binding-session',
        visibility: 'published-internal',
        disposition: 'loader',
        id: 'export:@master/css-binding:./compiler#MasterCSSProjectManifest',
        package: '@master/css-binding',
        subpath: './compiler',
        name: 'MasterCSSProjectManifest'
      },
      {
        kind: 'export',
        owner: '@master/css-binding',
        responsibility: 'native and Wasm binding loading',
        consumers: [
          '@master/css',
          '@master/css-compiler',
          '@master/css-preset',
          '@master/css-runtime',
          '@master/css-server',
          '@master/css-tooling',
          '@master/css-vscode'
        ],
        platform: 'conditional',
        lifecycle: 'binding-session',
        visibility: 'published-internal',
        disposition: 'loader',
        id: 'export:@master/css-binding:./compiler#MasterCSSResolvedImportGraph',
        package: '@master/css-binding',
        subpath: './compiler',
        name: 'MasterCSSResolvedImportGraph'
      },
      {
        kind: 'export',
        owner: '@master/css-binding',
        responsibility: 'native and Wasm binding loading',
        consumers: [
          '@master/css',
          '@master/css-compiler',
          '@master/css-preset',
          '@master/css-runtime',
          '@master/css-server',
          '@master/css-tooling',
          '@master/css-vscode'
        ],
        platform: 'conditional',
        lifecycle: 'binding-session',
        visibility: 'published-internal',
        disposition: 'loader',
        id: 'export:@master/css-binding:./compiler#MasterCSSStandaloneDirectiveAnalysis',
        package: '@master/css-binding',
        subpath: './compiler',
        name: 'MasterCSSStandaloneDirectiveAnalysis'
      },
      {
        kind: 'export',
        owner: '@master/css-binding',
        responsibility: 'native and Wasm binding loading',
        consumers: [
          '@master/css',
          '@master/css-compiler',
          '@master/css-preset',
          '@master/css-runtime',
          '@master/css-server',
          '@master/css-tooling',
          '@master/css-vscode'
        ],
        platform: 'conditional',
        lifecycle: 'binding-session',
        visibility: 'published-internal',
        disposition: 'loader',
        id: 'export:@master/css-binding:./compiler#MasterCSSWasmBindingLoadOptions',
        package: '@master/css-binding',
        subpath: './compiler',
        name: 'MasterCSSWasmBindingLoadOptions'
      },
      {
        kind: 'export',
        owner: '@master/css-binding',
        responsibility: 'native and Wasm binding loading',
        consumers: [
          '@master/css',
          '@master/css-compiler',
          '@master/css-preset',
          '@master/css-runtime',
          '@master/css-server',
          '@master/css-tooling',
          '@master/css-vscode'
        ],
        platform: 'node',
        lifecycle: 'binding-session',
        visibility: 'published-internal',
        disposition: 'loader',
        id: 'export:@master/css-binding:./engine/node#createEngineBindingSessionSync',
        package: '@master/css-binding',
        subpath: './engine/node',
        name: 'createEngineBindingSessionSync'
      },
      {
        kind: 'export',
        owner: '@master/css-binding',
        responsibility: 'native and Wasm binding loading',
        consumers: [
          '@master/css',
          '@master/css-compiler',
          '@master/css-preset',
          '@master/css-runtime',
          '@master/css-server',
          '@master/css-tooling',
          '@master/css-vscode'
        ],
        platform: 'node',
        lifecycle: 'binding-session',
        visibility: 'published-internal',
        disposition: 'loader',
        id: 'export:@master/css-binding:./engine/node#createRenderBindingSessionSync',
        package: '@master/css-binding',
        subpath: './engine/node',
        name: 'createRenderBindingSessionSync'
      },
      {
        kind: 'export',
        owner: '@master/css-binding',
        responsibility: 'native and Wasm binding loading',
        consumers: [
          '@master/css',
          '@master/css-compiler',
          '@master/css-preset',
          '@master/css-runtime',
          '@master/css-server',
          '@master/css-tooling',
          '@master/css-vscode'
        ],
        platform: 'node',
        lifecycle: 'binding-session',
        visibility: 'published-internal',
        disposition: 'loader',
        id: 'export:@master/css-binding:./engine/node#MasterCSSEngineBindingSession',
        package: '@master/css-binding',
        subpath: './engine/node',
        name: 'MasterCSSEngineBindingSession'
      },
      {
        kind: 'export',
        owner: '@master/css-binding',
        responsibility: 'native and Wasm binding loading',
        consumers: [
          '@master/css',
          '@master/css-compiler',
          '@master/css-preset',
          '@master/css-runtime',
          '@master/css-server',
          '@master/css-tooling',
          '@master/css-vscode'
        ],
        platform: 'node',
        lifecycle: 'binding-session',
        visibility: 'published-internal',
        disposition: 'loader',
        id: 'export:@master/css-binding:./engine/node#MasterCSSEngineBindingSessionOptions',
        package: '@master/css-binding',
        subpath: './engine/node',
        name: 'MasterCSSEngineBindingSessionOptions'
      },
      {
        kind: 'export',
        owner: '@master/css-binding',
        responsibility: 'native and Wasm binding loading',
        consumers: [
          '@master/css',
          '@master/css-compiler',
          '@master/css-preset',
          '@master/css-runtime',
          '@master/css-server',
          '@master/css-tooling',
          '@master/css-vscode'
        ],
        platform: 'node',
        lifecycle: 'binding-session',
        visibility: 'published-internal',
        disposition: 'loader',
        id: 'export:@master/css-binding:./engine/node#MasterCSSNativeBindingLoadOptions',
        package: '@master/css-binding',
        subpath: './engine/node',
        name: 'MasterCSSNativeBindingLoadOptions'
      },
      {
        kind: 'export',
        owner: '@master/css-binding',
        responsibility: 'native and Wasm binding loading',
        consumers: [
          '@master/css',
          '@master/css-compiler',
          '@master/css-preset',
          '@master/css-runtime',
          '@master/css-server',
          '@master/css-tooling',
          '@master/css-vscode'
        ],
        platform: 'node',
        lifecycle: 'binding-session',
        visibility: 'published-internal',
        disposition: 'loader',
        id: 'export:@master/css-binding:./engine/node#MasterCSSRenderBindingSession',
        package: '@master/css-binding',
        subpath: './engine/node',
        name: 'MasterCSSRenderBindingSession'
      },
      {
        kind: 'export',
        owner: '@master/css-binding',
        responsibility: 'native and Wasm binding loading',
        consumers: [
          '@master/css',
          '@master/css-compiler',
          '@master/css-preset',
          '@master/css-runtime',
          '@master/css-server',
          '@master/css-tooling',
          '@master/css-vscode'
        ],
        platform: 'conditional',
        lifecycle: 'binding-session',
        visibility: 'published-internal',
        disposition: 'loader',
        id: 'export:@master/css-binding:./engine#createEngineBindingSession',
        package: '@master/css-binding',
        subpath: './engine',
        name: 'createEngineBindingSession'
      },
      {
        kind: 'export',
        owner: '@master/css-binding',
        responsibility: 'native and Wasm binding loading',
        consumers: [
          '@master/css',
          '@master/css-compiler',
          '@master/css-preset',
          '@master/css-runtime',
          '@master/css-server',
          '@master/css-tooling',
          '@master/css-vscode'
        ],
        platform: 'conditional',
        lifecycle: 'binding-session',
        visibility: 'published-internal',
        disposition: 'loader',
        id: 'export:@master/css-binding:./engine#createRenderBindingSession',
        package: '@master/css-binding',
        subpath: './engine',
        name: 'createRenderBindingSession'
      },
      {
        kind: 'export',
        owner: '@master/css-binding',
        responsibility: 'native and Wasm binding loading',
        consumers: [
          '@master/css',
          '@master/css-compiler',
          '@master/css-preset',
          '@master/css-runtime',
          '@master/css-server',
          '@master/css-tooling',
          '@master/css-vscode'
        ],
        platform: 'conditional',
        lifecycle: 'binding-session',
        visibility: 'published-internal',
        disposition: 'loader',
        id: 'export:@master/css-binding:./engine#MasterCSSBindingLoadOptions',
        package: '@master/css-binding',
        subpath: './engine',
        name: 'MasterCSSBindingLoadOptions'
      },
      {
        kind: 'export',
        owner: '@master/css-binding',
        responsibility: 'native and Wasm binding loading',
        consumers: [
          '@master/css',
          '@master/css-compiler',
          '@master/css-preset',
          '@master/css-runtime',
          '@master/css-server',
          '@master/css-tooling',
          '@master/css-vscode'
        ],
        platform: 'conditional',
        lifecycle: 'binding-session',
        visibility: 'published-internal',
        disposition: 'loader',
        id: 'export:@master/css-binding:./engine#MasterCSSEngineBindingSession',
        package: '@master/css-binding',
        subpath: './engine',
        name: 'MasterCSSEngineBindingSession'
      },
      {
        kind: 'export',
        owner: '@master/css-binding',
        responsibility: 'native and Wasm binding loading',
        consumers: [
          '@master/css',
          '@master/css-compiler',
          '@master/css-preset',
          '@master/css-runtime',
          '@master/css-server',
          '@master/css-tooling',
          '@master/css-vscode'
        ],
        platform: 'conditional',
        lifecycle: 'binding-session',
        visibility: 'published-internal',
        disposition: 'loader',
        id: 'export:@master/css-binding:./engine#MasterCSSEngineBindingSessionOptions',
        package: '@master/css-binding',
        subpath: './engine',
        name: 'MasterCSSEngineBindingSessionOptions'
      },
      {
        kind: 'export',
        owner: '@master/css-binding',
        responsibility: 'native and Wasm binding loading',
        consumers: [
          '@master/css',
          '@master/css-compiler',
          '@master/css-preset',
          '@master/css-runtime',
          '@master/css-server',
          '@master/css-tooling',
          '@master/css-vscode'
        ],
        platform: 'conditional',
        lifecycle: 'binding-session',
        visibility: 'published-internal',
        disposition: 'loader',
        id: 'export:@master/css-binding:./engine#MasterCSSNativeBindingLoadOptions',
        package: '@master/css-binding',
        subpath: './engine',
        name: 'MasterCSSNativeBindingLoadOptions'
      },
      {
        kind: 'export',
        owner: '@master/css-binding',
        responsibility: 'native and Wasm binding loading',
        consumers: [
          '@master/css',
          '@master/css-compiler',
          '@master/css-preset',
          '@master/css-runtime',
          '@master/css-server',
          '@master/css-tooling',
          '@master/css-vscode'
        ],
        platform: 'conditional',
        lifecycle: 'binding-session',
        visibility: 'published-internal',
        disposition: 'loader',
        id: 'export:@master/css-binding:./engine#MasterCSSRenderBindingSession',
        package: '@master/css-binding',
        subpath: './engine',
        name: 'MasterCSSRenderBindingSession'
      },
      {
        kind: 'export',
        owner: '@master/css-binding',
        responsibility: 'native and Wasm binding loading',
        consumers: [
          '@master/css',
          '@master/css-compiler',
          '@master/css-preset',
          '@master/css-runtime',
          '@master/css-server',
          '@master/css-tooling',
          '@master/css-vscode'
        ],
        platform: 'conditional',
        lifecycle: 'binding-session',
        visibility: 'published-internal',
        disposition: 'loader',
        id: 'export:@master/css-binding:./engine#MasterCSSWasmBindingLoadOptions',
        package: '@master/css-binding',
        subpath: './engine',
        name: 'MasterCSSWasmBindingLoadOptions'
      },
      {
        kind: 'export',
        owner: '@master/css-binding',
        responsibility: 'native and Wasm binding loading',
        consumers: [
          '@master/css',
          '@master/css-compiler',
          '@master/css-preset',
          '@master/css-runtime',
          '@master/css-server',
          '@master/css-tooling',
          '@master/css-vscode'
        ],
        platform: 'node',
        lifecycle: 'binding-session',
        visibility: 'published-internal',
        disposition: 'loader',
        id: 'export:@master/css-binding:./tooling/node#createToolingBindingSync',
        package: '@master/css-binding',
        subpath: './tooling/node',
        name: 'createToolingBindingSync'
      },
      {
        kind: 'export',
        owner: '@master/css-binding',
        responsibility: 'native and Wasm binding loading',
        consumers: [
          '@master/css',
          '@master/css-compiler',
          '@master/css-preset',
          '@master/css-runtime',
          '@master/css-server',
          '@master/css-tooling',
          '@master/css-vscode'
        ],
        platform: 'node',
        lifecycle: 'binding-session',
        visibility: 'published-internal',
        disposition: 'loader',
        id: 'export:@master/css-binding:./tooling/node#MasterCSSLanguageBindingSession',
        package: '@master/css-binding',
        subpath: './tooling/node',
        name: 'MasterCSSLanguageBindingSession'
      },
      ... 749 more items
    ]
  },
  expected: {
    version: 1,
    sources: [
      '.ai/contracts/public-api.json',
      'packages/*/package.json',
      'packages/cli/src/core.ts',
      'packages/mcp/src/server.ts',
      'packages/schema/src/**/*.ts',
      'packages/binding/src/protocol.ts',
      'packages/cli/src/**/*.ts',
      'packages/mcp/src/**/*.ts'
    ],
    summary: {
      records: 849,
      byKind: {
        bin: 3,
        'cli-command': 3,
        export: 667,
        'mcp-prompt': 3,
        'mcp-resource': 3,
        'mcp-tool': 20,
        package: 35,
        subpath: 93,
        'wire-contract': 22
      }
    },
    records: [
      {
        kind: 'bin',
        owner: '@master/create-css',
        responsibility: 'project setup planning and application',
        consumers: [],
        platform: 'node',
        lifecycle: 'command',
        visibility: 'public',
        disposition: 'retain',
        id: 'bin:@master/create-css:create-css',
        package: '@master/create-css',
        name: 'create-css',
        target: './dist/bin/index.js'
      },
      {
        kind: 'bin',
        owner: '@master/css-cli',
        responsibility: 'command-line host',
        consumers: [ 'master-css-nextjs-example' ],
        platform: 'node',
        lifecycle: 'command',
        visibility: 'public',
        disposition: 'retain',
        id: 'bin:@master/css-cli:master-css',
        package: '@master/css-cli',
        name: 'master-css',
        target: './dist/bin/index.js'
      },
      {
        kind: 'bin',
        owner: '@master/css-mcp',
        responsibility: 'Model Context Protocol host',
        consumers: [],
        platform: 'node',
        lifecycle: 'command',
        visibility: 'public',
        disposition: 'retain',
        id: 'bin:@master/css-mcp:master-css-mcp',
        package: '@master/css-mcp',
        name: 'master-css-mcp',
        target: './dist/bin/index.js'
      },
      {
        kind: 'cli-command',
        owner: '@master/css-cli',
        responsibility: 'command-line host',
        consumers: [ 'CLI users' ],
        platform: 'node',
        lifecycle: 'command',
        visibility: 'public',
        disposition: 'retain',
        id: 'cli-command:master-css:generate',
        name: 'generate'
      },
      {
        kind: 'cli-command',
        owner: '@master/css-cli',
        responsibility: 'command-line host',
        consumers: [ 'CLI users' ],
        platform: 'node',
        lifecycle: 'command',
        visibility: 'public',
        disposition: 'retain',
        id: 'cli-command:master-css:inspect',
        name: 'inspect'
      },
      {
        kind: 'cli-command',
        owner: '@master/css-cli',
        responsibility: 'command-line host',
        consumers: [ 'CLI users' ],
        platform: 'node',
        lifecycle: 'command',
        visibility: 'public',
        disposition: 'retain',
        id: 'cli-command:master-css:lint',
        name: 'lint'
      },
      {
        kind: 'export',
        owner: '@master/create-css',
        responsibility: 'project setup planning and application',
        consumers: [],
        platform: 'node',
        lifecycle: 'plan',
        visibility: 'public',
        disposition: 'retain',
        id: 'export:@master/create-css:.#applyMasterCSSSetupPlan',
        package: '@master/create-css',
        subpath: '.',
        name: 'applyMasterCSSSetupPlan'
      },
      {
        kind: 'export',
        owner: '@master/create-css',
        responsibility: 'project setup planning and application',
        consumers: [],
        platform: 'node',
        lifecycle: 'plan',
        visibility: 'public',
        disposition: 'retain',
        id: 'export:@master/create-css:.#MasterCSSSetupCommand',
        package: '@master/create-css',
        subpath: '.',
        name: 'MasterCSSSetupCommand'
      },
      {
        kind: 'export',
        owner: '@master/create-css',
        responsibility: 'project setup planning and application',
        consumers: [],
        platform: 'node',
        lifecycle: 'plan',
        visibility: 'public',
        disposition: 'retain',
        id: 'export:@master/create-css:.#MasterCSSSetupDependency',
        package: '@master/create-css',
        subpath: '.',
        name: 'MasterCSSSetupDependency'
      },
      {
        kind: 'export',
        owner: '@master/create-css',
        responsibility: 'project setup planning and application',
        consumers: [],
        platform: 'node',
        lifecycle: 'plan',
        visibility: 'public',
        disposition: 'retain',
        id: 'export:@master/create-css:.#MasterCSSSetupFileAction',
        package: '@master/create-css',
        subpath: '.',
        name: 'MasterCSSSetupFileAction'
      },
      {
        kind: 'export',
        owner: '@master/create-css',
        responsibility: 'project setup planning and application',
        consumers: [],
        platform: 'node',
        lifecycle: 'plan',
        visibility: 'public',
        disposition: 'retain',
        id: 'export:@master/create-css:.#MasterCSSSetupFileChange',
        package: '@master/create-css',
        subpath: '.',
        name: 'MasterCSSSetupFileChange'
      },
      {
        kind: 'export',
        owner: '@master/create-css',
        responsibility: 'project setup planning and application',
        consumers: [],
        platform: 'node',
        lifecycle: 'plan',
        visibility: 'public',
        disposition: 'retain',
        id: 'export:@master/create-css:.#MasterCSSSetupFilePrecondition',
        package: '@master/create-css',
        subpath: '.',
        name: 'MasterCSSSetupFilePrecondition'
      },
      {
        kind: 'export',
        owner: '@master/create-css',
        responsibility: 'project setup planning and application',
        consumers: [],
        platform: 'node',
        lifecycle: 'plan',
        visibility: 'public',
        disposition: 'retain',
        id: 'export:@master/create-css:.#MasterCSSSetupFramework',
        package: '@master/create-css',
        subpath: '.',
        name: 'MasterCSSSetupFramework'
      },
      {
        kind: 'export',
        owner: '@master/create-css',
        responsibility: 'project setup planning and application',
        consumers: [],
        platform: 'node',
        lifecycle: 'plan',
        visibility: 'public',
        disposition: 'retain',
        id: 'export:@master/create-css:.#MasterCSSSetupFrameworkOption',
        package: '@master/create-css',
        subpath: '.',
        name: 'MasterCSSSetupFrameworkOption'
      },
      {
        kind: 'export',
        owner: '@master/create-css',
        responsibility: 'project setup planning and application',
        consumers: [],
        platform: 'node',
        lifecycle: 'plan',
        visibility: 'public',
        disposition: 'retain',
        id: 'export:@master/create-css:.#MasterCSSSetupOptions',
        package: '@master/create-css',
        subpath: '.',
        name: 'MasterCSSSetupOptions'
      },
      {
        kind: 'export',
        owner: '@master/create-css',
        responsibility: 'project setup planning and application',
        consumers: [],
        platform: 'node',
        lifecycle: 'plan',
        visibility: 'public',
        disposition: 'retain',
        id: 'export:@master/create-css:.#MasterCSSSetupPackageManager',
        package: '@master/create-css',
        subpath: '.',
        name: 'MasterCSSSetupPackageManager'
      },
      {
        kind: 'export',
        owner: '@master/create-css',
        responsibility: 'project setup planning and application',
        consumers: [],
        platform: 'node',
        lifecycle: 'plan',
        visibility: 'public',
        disposition: 'retain',
        id: 'export:@master/create-css:.#MasterCSSSetupPlan',
        package: '@master/create-css',
        subpath: '.',
        name: 'MasterCSSSetupPlan'
      },
      {
        kind: 'export',
        owner: '@master/create-css',
        responsibility: 'project setup planning and application',
        consumers: [],
        platform: 'node',
        lifecycle: 'plan',
        visibility: 'public',
        disposition: 'retain',
        id: 'export:@master/create-css:.#planMasterCSSSetup',
        package: '@master/create-css',
        subpath: '.',
        name: 'planMasterCSSSetup'
      },
      {
        kind: 'export',
        owner: '@master/css-astro',
        responsibility: 'Astro integration lifecycle',
        consumers: [ 'master-css-astro-example' ],
        platform: 'node',
        lifecycle: 'integration',
        visibility: 'public',
        disposition: 'retain',
        id: 'export:@master/css-astro:./middleware#onRequest',
        package: '@master/css-astro',
        subpath: './middleware',
        name: 'onRequest'
      },
      {
        kind: 'export',
        owner: '@master/css-astro',
        responsibility: 'Astro integration lifecycle',
        consumers: [ 'master-css-astro-example' ],
        platform: 'build-host',
        lifecycle: 'integration',
        visibility: 'public',
        disposition: 'retain',
        id: 'export:@master/css-astro:.#createMasterCSSAstroIntegration',
        package: '@master/css-astro',
        subpath: '.',
        name: 'createMasterCSSAstroIntegration'
      },
      {
        kind: 'export',
        owner: '@master/css-astro',
        responsibility: 'Astro integration lifecycle',
        consumers: [ 'master-css-astro-example' ],
        platform: 'build-host',
        lifecycle: 'integration',
        visibility: 'public',
        disposition: 'retain',
        id: 'export:@master/css-astro:.#default',
        package: '@master/css-astro',
        subpath: '.',
        name: 'default'
      },
      {
        kind: 'export',
        owner: '@master/css-astro',
        responsibility: 'Astro integration lifecycle',
        consumers: [ 'master-css-astro-example' ],
        platform: 'build-host',
        lifecycle: 'integration',
        visibility: 'public',
        disposition: 'retain',
        id: 'export:@master/css-astro:.#MasterCSSAstroIntegrationOptions',
        package: '@master/css-astro',
        subpath: '.',
        name: 'MasterCSSAstroIntegrationOptions'
      },
      {
        kind: 'export',
        owner: '@master/css-binding-wasm-compiler',
        responsibility: 'compiler Wasm artifact delivery',
        consumers: [ '@master/css-binding' ],
        platform: 'conditional',
        lifecycle: 'module',
        visibility: 'artifact',
        disposition: 'artifact-only',
        id: 'export:@master/css-binding-wasm-compiler:.#createMasterCSSCompilerWasmProvider',
        package: '@master/css-binding-wasm-compiler',
        subpath: '.',
        name: 'createMasterCSSCompilerWasmProvider'
      },
      {
        kind: 'export',
        owner: '@master/css-binding-wasm-compiler',
        responsibility: 'compiler Wasm artifact delivery',
        consumers: [ '@master/css-binding' ],
        platform: 'conditional',
        lifecycle: 'module',
        visibility: 'artifact',
        disposition: 'artifact-only',
        id: 'export:@master/css-binding-wasm-compiler:.#MasterCSSWasmCompilerInput',
        package: '@master/css-binding-wasm-compiler',
        subpath: '.',
        name: 'MasterCSSWasmCompilerInput'
      },
      {
        kind: 'export',
        owner: '@master/css-binding-wasm-compiler',
        responsibility: 'compiler Wasm artifact delivery',
        consumers: [ '@master/css-binding' ],
        platform: 'conditional',
        lifecycle: 'module',
        visibility: 'artifact',
        disposition: 'artifact-only',
        id: 'export:@master/css-binding-wasm-compiler:.#MasterCSSWasmCompilerLoadOptions',
        package: '@master/css-binding-wasm-compiler',
        subpath: '.',
        name: 'MasterCSSWasmCompilerLoadOptions'
      },
      {
        kind: 'export',
        owner: '@master/css-binding-wasm-engine',
        responsibility: 'engine Wasm artifact delivery',
        consumers: [ '@master/css-binding' ],
        platform: 'conditional',
        lifecycle: 'module',
        visibility: 'artifact',
        disposition: 'artifact-only',
        id: 'export:@master/css-binding-wasm-engine:.#createMasterCSSEngineWasmProvider',
        package: '@master/css-binding-wasm-engine',
        subpath: '.',
        name: 'createMasterCSSEngineWasmProvider'
      },
      {
        kind: 'export',
        owner: '@master/css-binding-wasm-engine',
        responsibility: 'engine Wasm artifact delivery',
        consumers: [ '@master/css-binding' ],
        platform: 'conditional',
        lifecycle: 'module',
        visibility: 'artifact',
        disposition: 'artifact-only',
        id: 'export:@master/css-binding-wasm-engine:.#MasterCSSWasmEngineInput',
        package: '@master/css-binding-wasm-engine',
        subpath: '.',
        name: 'MasterCSSWasmEngineInput'
      },
      {
        kind: 'export',
        owner: '@master/css-binding-wasm-engine',
        responsibility: 'engine Wasm artifact delivery',
        consumers: [ '@master/css-binding' ],
        platform: 'conditional',
        lifecycle: 'module',
        visibility: 'artifact',
        disposition: 'artifact-only',
        id: 'export:@master/css-binding-wasm-engine:.#MasterCSSWasmEngineLoadOptions',
        package: '@master/css-binding-wasm-engine',
        subpath: '.',
        name: 'MasterCSSWasmEngineLoadOptions'
      },
      {
        kind: 'export',
        owner: '@master/css-binding-wasm-tooling',
        responsibility: 'tooling Wasm artifact delivery',
        consumers: [ '@master/css-binding' ],
        platform: 'conditional',
        lifecycle: 'module',
        visibility: 'artifact',
        disposition: 'artifact-only',
        id: 'export:@master/css-binding-wasm-tooling:.#createMasterCSSToolingWasmProvider',
        package: '@master/css-binding-wasm-tooling',
        subpath: '.',
        name: 'createMasterCSSToolingWasmProvider'
      },
      {
        kind: 'export',
        owner: '@master/css-binding-wasm-tooling',
        responsibility: 'tooling Wasm artifact delivery',
        consumers: [ '@master/css-binding' ],
        platform: 'conditional',
        lifecycle: 'module',
        visibility: 'artifact',
        disposition: 'artifact-only',
        id: 'export:@master/css-binding-wasm-tooling:.#MasterCSSWasmToolingInput',
        package: '@master/css-binding-wasm-tooling',
        subpath: '.',
        name: 'MasterCSSWasmToolingInput'
      },
      {
        kind: 'export',
        owner: '@master/css-binding-wasm-tooling',
        responsibility: 'tooling Wasm artifact delivery',
        consumers: [ '@master/css-binding' ],
        platform: 'conditional',
        lifecycle: 'module',
        visibility: 'artifact',
        disposition: 'artifact-only',
        id: 'export:@master/css-binding-wasm-tooling:.#MasterCSSWasmToolingLoadOptions',
        package: '@master/css-binding-wasm-tooling',
        subpath: '.',
        name: 'MasterCSSWasmToolingLoadOptions'
      },
      {
        kind: 'export',
        owner: '@master/css-binding',
        responsibility: 'native and Wasm binding loading',
        consumers: [
          '@master/css',
          '@master/css-compiler',
          '@master/css-preset',
          '@master/css-runtime',
          '@master/css-server',
          '@master/css-tooling',
          '@master/css-vscode'
        ],
        platform: 'node',
        lifecycle: 'binding-session',
        visibility: 'published-internal',
        disposition: 'loader',
        id: 'export:@master/css-binding:./compiler/node#createCompilerBindingSessionSync',
        package: '@master/css-binding',
        subpath: './compiler/node',
        name: 'createCompilerBindingSessionSync'
      },
      {
        kind: 'export',
        owner: '@master/css-binding',
        responsibility: 'native and Wasm binding loading',
        consumers: [
          '@master/css',
          '@master/css-compiler',
          '@master/css-preset',
          '@master/css-runtime',
          '@master/css-server',
          '@master/css-tooling',
          '@master/css-vscode'
        ],
        platform: 'node',
        lifecycle: 'binding-session',
        visibility: 'published-internal',
        disposition: 'loader',
        id: 'export:@master/css-binding:./compiler/node#MASTER_CSS_DIAGNOSTICS_REPORT_VERSION',
        package: '@master/css-binding',
        subpath: './compiler/node',
        name: 'MASTER_CSS_DIAGNOSTICS_REPORT_VERSION'
      },
      {
        kind: 'export',
        owner: '@master/css-binding',
        responsibility: 'native and Wasm binding loading',
        consumers: [
          '@master/css',
          '@master/css-compiler',
          '@master/css-preset',
          '@master/css-runtime',
          '@master/css-server',
          '@master/css-tooling',
          '@master/css-vscode'
        ],
        platform: 'node',
        lifecycle: 'binding-session',
        visibility: 'published-internal',
        disposition: 'loader',
        id: 'export:@master/css-binding:./compiler/node#MasterCSSCompileDefaultPresetRequest',
        package: '@master/css-binding',
        subpath: './compiler/node',
        name: 'MasterCSSCompileDefaultPresetRequest'
      },
      {
        kind: 'export',
        owner: '@master/css-binding',
        responsibility: 'native and Wasm binding loading',
        consumers: [
          '@master/css',
          '@master/css-compiler',
          '@master/css-preset',
          '@master/css-runtime',
          '@master/css-server',
          '@master/css-tooling',
          '@master/css-vscode'
        ],
        platform: 'node',
        lifecycle: 'binding-session',
        visibility: 'published-internal',
        disposition: 'loader',
        id: 'export:@master/css-binding:./compiler/node#MasterCSSCompileDefaultPresetResult',
        package: '@master/css-binding',
        subpath: './compiler/node',
        name: 'MasterCSSCompileDefaultPresetResult'
      },
      {
        kind: 'export',
        owner: '@master/css-binding',
        responsibility: 'native and Wasm binding loading',
        consumers: [
          '@master/css',
          '@master/css-compiler',
          '@master/css-preset',
          '@master/css-runtime',
          '@master/css-server',
          '@master/css-tooling',
          '@master/css-vscode'
        ],
        platform: 'node',
        lifecycle: 'binding-session',
        visibility: 'published-internal',
        disposition: 'loader',
        id: 'export:@master/css-binding:./compiler/node#MasterCSSCompileManifestOptions',
        package: '@master/css-binding',
        subpath: './compiler/node',
        name: 'MasterCSSCompileManifestOptions'
      },
      {
        kind: 'export',
        owner: '@master/css-binding',
        responsibility: 'native and Wasm binding loading',
        consumers: [
          '@master/css',
          '@master/css-compiler',
          '@master/css-preset',
          '@master/css-runtime',
          '@master/css-server',
          '@master/css-tooling',
          '@master/css-vscode'
        ],
        platform: 'node',
        lifecycle: 'binding-session',
        visibility: 'published-internal',
        disposition: 'loader',
        id: 'export:@master/css-binding:./compiler/node#MasterCSSCompileManifestResult',
        package: '@master/css-binding',
        subpath: './compiler/node',
        name: 'MasterCSSCompileManifestResult'
      },
      {
        kind: 'export',
        owner: '@master/css-binding',
        responsibility: 'native and Wasm binding loading',
        consumers: [
          '@master/css',
          '@master/css-compiler',
          '@master/css-preset',
          '@master/css-runtime',
          '@master/css-server',
          '@master/css-tooling',
          '@master/css-vscode'
        ],
        platform: 'node',
        lifecycle: 'binding-session',
        visibility: 'published-internal',
        disposition: 'loader',
        id: 'export:@master/css-binding:./compiler/node#MasterCSSCompilerBindingSession',
        package: '@master/css-binding',
        subpath: './compiler/node',
        name: 'MasterCSSCompilerBindingSession'
      },
      {
        kind: 'export',
        owner: '@master/css-binding',
        responsibility: 'native and Wasm binding loading',
        consumers: [
          '@master/css',
          '@master/css-compiler',
          '@master/css-preset',
          '@master/css-runtime',
          '@master/css-server',
          '@master/css-tooling',
          '@master/css-vscode'
        ],
        platform: 'node',
        lifecycle: 'binding-session',
        visibility: 'published-internal',
        disposition: 'loader',
        id: 'export:@master/css-binding:./compiler/node#MasterCSSCompilerInspection',
        package: '@master/css-binding',
        subpath: './compiler/node',
        name: 'MasterCSSCompilerInspection'
      },
      {
        kind: 'export',
        owner: '@master/css-binding',
        responsibility: 'native and Wasm binding loading',
        consumers: [
          '@master/css',
          '@master/css-compiler',
          '@master/css-preset',
          '@master/css-runtime',
          '@master/css-server',
          '@master/css-tooling',
          '@master/css-vscode'
        ],
        platform: 'node',
        lifecycle: 'binding-session',
        visibility: 'published-internal',
        disposition: 'loader',
        id: 'export:@master/css-binding:./compiler/node#MasterCSSDependencyAnalysis',
        package: '@master/css-binding',
        subpath: './compiler/node',
        name: 'MasterCSSDependencyAnalysis'
      },
      {
        kind: 'export',
        owner: '@master/css-binding',
        responsibility: 'native and Wasm binding loading',
        consumers: [
          '@master/css',
          '@master/css-compiler',
          '@master/css-preset',
          '@master/css-runtime',
          '@master/css-server',
          '@master/css-tooling',
          '@master/css-vscode'
        ],
        platform: 'node',
        lifecycle: 'binding-session',
        visibility: 'published-internal',
        disposition: 'loader',
        id: 'export:@master/css-binding:./compiler/node#MasterCSSDiagnosticsReportInput',
        package: '@master/css-binding',
        subpath: './compiler/node',
        name: 'MasterCSSDiagnosticsReportInput'
      },
      {
        kind: 'export',
        owner: '@master/css-binding',
        responsibility: 'native and Wasm binding loading',
        consumers: [
          '@master/css',
          '@master/css-compiler',
          '@master/css-preset',
          '@master/css-runtime',
          '@master/css-server',
          '@master/css-tooling',
          '@master/css-vscode'
        ],
        platform: 'node',
        lifecycle: 'binding-session',
        visibility: 'published-internal',
        disposition: 'loader',
        id: 'export:@master/css-binding:./compiler/node#MasterCSSDirectiveCompilation',
        package: '@master/css-binding',
        subpath: './compiler/node',
        name: 'MasterCSSDirectiveCompilation'
      },
      {
        kind: 'export',
        owner: '@master/css-binding',
        responsibility: 'native and Wasm binding loading',
        consumers: [
          '@master/css',
          '@master/css-compiler',
          '@master/css-preset',
          '@master/css-runtime',
          '@master/css-server',
          '@master/css-tooling',
          '@master/css-vscode'
        ],
        platform: 'node',
        lifecycle: 'binding-session',
        visibility: 'published-internal',
        disposition: 'loader',
        id: 'export:@master/css-binding:./compiler/node#MasterCSSDirectiveCompileOptions',
        package: '@master/css-binding',
        subpath: './compiler/node',
        name: 'MasterCSSDirectiveCompileOptions'
      },
      {
        kind: 'export',
        owner: '@master/css-binding',
        responsibility: 'native and Wasm binding loading',
        consumers: [
          '@master/css',
          '@master/css-compiler',
          '@master/css-preset',
          '@master/css-runtime',
          '@master/css-server',
          '@master/css-tooling',
          '@master/css-vscode'
        ],
        platform: 'node',
        lifecycle: 'binding-session',
        visibility: 'published-internal',
        disposition: 'loader',
        id: 'export:@master/css-binding:./compiler/node#MasterCSSDirectiveExtractionPolicy',
        package: '@master/css-binding',
        subpath: './compiler/node',
        name: 'MasterCSSDirectiveExtractionPolicy'
      },
      {
        kind: 'export',
        owner: '@master/css-binding',
        responsibility: 'native and Wasm binding loading',
        consumers: [
          '@master/css',
          '@master/css-compiler',
          '@master/css-preset',
          '@master/css-runtime',
          '@master/css-server',
          '@master/css-tooling',
          '@master/css-vscode'
        ],
        platform: 'node',
        lifecycle: 'binding-session',
        visibility: 'published-internal',
        disposition: 'loader',
        id: 'export:@master/css-binding:./compiler/node#MasterCSSDirectiveManifestInput',
        package: '@master/css-binding',
        subpath: './compiler/node',
        name: 'MasterCSSDirectiveManifestInput'
      },
      {
        kind: 'export',
        owner: '@master/css-binding',
        responsibility: 'native and Wasm binding loading',
        consumers: [
          '@master/css',
          '@master/css-compiler',
          '@master/css-preset',
          '@master/css-runtime',
          '@master/css-server',
          '@master/css-tooling',
          '@master/css-vscode'
        ],
        platform: 'node',
        lifecycle: 'binding-session',
        visibility: 'published-internal',
        disposition: 'loader',
        id: 'export:@master/css-binding:./compiler/node#MasterCSSImportGraphRequest',
        package: '@master/css-binding',
        subpath: './compiler/node',
        name: 'MasterCSSImportGraphRequest'
      },
      {
        kind: 'export',
        owner: '@master/css-binding',
        responsibility: 'native and Wasm binding loading',
        consumers: [
          '@master/css',
          '@master/css-compiler',
          '@master/css-preset',
          '@master/css-runtime',
          '@master/css-server',
          '@master/css-tooling',
          '@master/css-vscode'
        ],
        platform: 'node',
        lifecycle: 'binding-session',
        visibility: 'published-internal',
        disposition: 'loader',
        id: 'export:@master/css-binding:./compiler/node#MasterCSSInspectionReport',
        package: '@master/css-binding',
        subpath: './compiler/node',
        name: 'MasterCSSInspectionReport'
      },
      {
        kind: 'export',
        owner: '@master/css-binding',
        responsibility: 'native and Wasm binding loading',
        consumers: [
          '@master/css',
          '@master/css-compiler',
          '@master/css-preset',
          '@master/css-runtime',
          '@master/css-server',
          '@master/css-tooling',
          '@master/css-vscode'
        ],
        platform: 'node',
        lifecycle: 'binding-session',
        visibility: 'published-internal',
        disposition: 'loader',
        id: 'export:@master/css-binding:./compiler/node#MasterCSSLowerDirectivesOptions',
        package: '@master/css-binding',
        subpath: './compiler/node',
        name: 'MasterCSSLowerDirectivesOptions'
      },
      {
        kind: 'export',
        owner: '@master/css-binding',
        responsibility: 'native and Wasm binding loading',
        consumers: [
          '@master/css',
          '@master/css-compiler',
          '@master/css-preset',
          '@master/css-runtime',
          '@master/css-server',
          '@master/css-tooling',
          '@master/css-vscode'
        ],
        platform: 'node',
        lifecycle: 'binding-session',
        visibility: 'published-internal',
        disposition: 'loader',
        id: 'export:@master/css-binding:./compiler/node#MasterCSSLowerDirectivesRequest',
        package: '@master/css-binding',
        subpath: './compiler/node',
        name: 'MasterCSSLowerDirectivesRequest'
      },
      {
        kind: 'export',
        owner: '@master/css-binding',
        responsibility: 'native and Wasm binding loading',
        consumers: [
          '@master/css',
          '@master/css-compiler',
          '@master/css-preset',
          '@master/css-runtime',
          '@master/css-server',
          '@master/css-tooling',
          '@master/css-vscode'
        ],
        platform: 'node',
        lifecycle: 'binding-session',
        visibility: 'published-internal',
        disposition: 'loader',
        id: 'export:@master/css-binding:./compiler/node#MasterCSSLowerDirectivesResult',
        package: '@master/css-binding',
        subpath: './compiler/node',
        name: 'MasterCSSLowerDirectivesResult'
      },
      {
        kind: 'export',
        owner: '@master/css-binding',
        responsibility: 'native and Wasm binding loading',
        consumers: [
          '@master/css',
          '@master/css-compiler',
          '@master/css-preset',
          '@master/css-runtime',
          '@master/css-server',
          '@master/css-tooling',
          '@master/css-vscode'
        ],
        platform: 'node',
        lifecycle: 'binding-session',
        visibility: 'published-internal',
        disposition: 'loader',
        id: 'export:@master/css-binding:./compiler/node#MasterCSSNativeBindingLoadOptions',
        package: '@master/css-binding',
        subpath: './compiler/node',
        name: 'MasterCSSNativeBindingLoadOptions'
      },
      {
        kind: 'export',
        owner: '@master/css-binding',
        responsibility: 'native and Wasm binding loading',
        consumers: [
          '@master/css',
          '@master/css-compiler',
          '@master/css-preset',
          '@master/css-runtime',
          '@master/css-server',
          '@master/css-tooling',
          '@master/css-vscode'
        ],
        platform: 'node',
        lifecycle: 'binding-session',
        visibility: 'published-internal',
        disposition: 'loader',
        id: 'export:@master/css-binding:./compiler/node#MasterCSSProjectEntryGraph',
        package: '@master/css-binding',
        subpath: './compiler/node',
        name: 'MasterCSSProjectEntryGraph'
      },
      {
        kind: 'export',
        owner: '@master/css-binding',
        responsibility: 'native and Wasm binding loading',
        consumers: [
          '@master/css',
          '@master/css-compiler',
          '@master/css-preset',
          '@master/css-runtime',
          '@master/css-server',
          '@master/css-tooling',
          '@master/css-vscode'
        ],
        platform: 'node',
        lifecycle: 'binding-session',
        visibility: 'published-internal',
        disposition: 'loader',
        id: 'export:@master/css-binding:./compiler/node#MasterCSSProjectManifest',
        package: '@master/css-binding',
        subpath: './compiler/node',
        name: 'MasterCSSProjectManifest'
      },
      {
        kind: 'export',
        owner: '@master/css-binding',
        responsibility: 'native and Wasm binding loading',
        consumers: [
          '@master/css',
          '@master/css-compiler',
          '@master/css-preset',
          '@master/css-runtime',
          '@master/css-server',
          '@master/css-tooling',
          '@master/css-vscode'
        ],
        platform: 'node',
        lifecycle: 'binding-session',
        visibility: 'published-internal',
        disposition: 'loader',
        id: 'export:@master/css-binding:./compiler/node#MasterCSSResolvedImportGraph',
        package: '@master/css-binding',
        subpath: './compiler/node',
        name: 'MasterCSSResolvedImportGraph'
      },
      {
        kind: 'export',
        owner: '@master/css-binding',
        responsibility: 'native and Wasm binding loading',
        consumers: [
          '@master/css',
          '@master/css-compiler',
          '@master/css-preset',
          '@master/css-runtime',
          '@master/css-server',
          '@master/css-tooling',
          '@master/css-vscode'
        ],
        platform: 'node',
        lifecycle: 'binding-session',
        visibility: 'published-internal',
        disposition: 'loader',
        id: 'export:@master/css-binding:./compiler/node#MasterCSSStandaloneDirectiveAnalysis',
        package: '@master/css-binding',
        subpath: './compiler/node',
        name: 'MasterCSSStandaloneDirectiveAnalysis'
      },
      {
        kind: 'export',
        owner: '@master/css-binding',
        responsibility: 'native and Wasm binding loading',
        consumers: [
          '@master/css',
          '@master/css-compiler',
          '@master/css-preset',
          '@master/css-runtime',
          '@master/css-server',
          '@master/css-tooling',
          '@master/css-vscode'
        ],
        platform: 'conditional',
        lifecycle: 'binding-session',
        visibility: 'published-internal',
        disposition: 'loader',
        id: 'export:@master/css-binding:./compiler#createCompilerBindingSession',
        package: '@master/css-binding',
        subpath: './compiler',
        name: 'createCompilerBindingSession'
      },
      {
        kind: 'export',
        owner: '@master/css-binding',
        responsibility: 'native and Wasm binding loading',
        consumers: [
          '@master/css',
          '@master/css-compiler',
          '@master/css-preset',
          '@master/css-runtime',
          '@master/css-server',
          '@master/css-tooling',
          '@master/css-vscode'
        ],
        platform: 'conditional',
        lifecycle: 'binding-session',
        visibility: 'published-internal',
        disposition: 'loader',
        id: 'export:@master/css-binding:./compiler#createCompilerRenderBindingSession',
        package: '@master/css-binding',
        subpath: './compiler',
        name: 'createCompilerRenderBindingSession'
      },
      {
        kind: 'export',
        owner: '@master/css-binding',
        responsibility: 'native and Wasm binding loading',
        consumers: [
          '@master/css',
          '@master/css-compiler',
          '@master/css-preset',
          '@master/css-runtime',
          '@master/css-server',
          '@master/css-tooling',
          '@master/css-vscode'
        ],
        platform: 'conditional',
        lifecycle: 'binding-session',
        visibility: 'published-internal',
        disposition: 'loader',
        id: 'export:@master/css-binding:./compiler#MASTER_CSS_DIAGNOSTICS_REPORT_VERSION',
        package: '@master/css-binding',
        subpath: './compiler',
        name: 'MASTER_CSS_DIAGNOSTICS_REPORT_VERSION'
      },
      {
        kind: 'export',
        owner: '@master/css-binding',
        responsibility: 'native and Wasm binding loading',
        consumers: [
          '@master/css',
          '@master/css-compiler',
          '@master/css-preset',
          '@master/css-runtime',
          '@master/css-server',
          '@master/css-tooling',
          '@master/css-vscode'
        ],
        platform: 'conditional',
        lifecycle: 'binding-session',
        visibility: 'published-internal',
        disposition: 'loader',
        id: 'export:@master/css-binding:./compiler#MasterCSSBindingLoadOptions',
        package: '@master/css-binding',
        subpath: './compiler',
        name: 'MasterCSSBindingLoadOptions'
      },
      {
        kind: 'export',
        owner: '@master/css-binding',
        responsibility: 'native and Wasm binding loading',
        consumers: [
          '@master/css',
          '@master/css-compiler',
          '@master/css-preset',
          '@master/css-runtime',
          '@master/css-server',
          '@master/css-tooling',
          '@master/css-vscode'
        ],
        platform: 'conditional',
        lifecycle: 'binding-session',
        visibility: 'published-internal',
        disposition: 'loader',
        id: 'export:@master/css-binding:./compiler#MasterCSSCompileDefaultPresetRequest',
        package: '@master/css-binding',
        subpath: './compiler',
        name: 'MasterCSSCompileDefaultPresetRequest'
      },
      {
        kind: 'export',
        owner: '@master/css-binding',
        responsibility: 'native and Wasm binding loading',
        consumers: [
          '@master/css',
          '@master/css-compiler',
          '@master/css-preset',
          '@master/css-runtime',
          '@master/css-server',
          '@master/css-tooling',
          '@master/css-vscode'
        ],
        platform: 'conditional',
        lifecycle: 'binding-session',
        visibility: 'published-internal',
        disposition: 'loader',
        id: 'export:@master/css-binding:./compiler#MasterCSSCompileDefaultPresetResult',
        package: '@master/css-binding',
        subpath: './compiler',
        name: 'MasterCSSCompileDefaultPresetResult'
      },
      {
        kind: 'export',
        owner: '@master/css-binding',
        responsibility: 'native and Wasm binding loading',
        consumers: [
          '@master/css',
          '@master/css-compiler',
          '@master/css-preset',
          '@master/css-runtime',
          '@master/css-server',
          '@master/css-tooling',
          '@master/css-vscode'
        ],
        platform: 'conditional',
        lifecycle: 'binding-session',
        visibility: 'published-internal',
        disposition: 'loader',
        id: 'export:@master/css-binding:./compiler#MasterCSSCompileManifestOptions',
        package: '@master/css-binding',
        subpath: './compiler',
        name: 'MasterCSSCompileManifestOptions'
      },
      {
        kind: 'export',
        owner: '@master/css-binding',
        responsibility: 'native and Wasm binding loading',
        consumers: [
          '@master/css',
          '@master/css-compiler',
          '@master/css-preset',
          '@master/css-runtime',
          '@master/css-server',
          '@master/css-tooling',
          '@master/css-vscode'
        ],
        platform: 'conditional',
        lifecycle: 'binding-session',
        visibility: 'published-internal',
        disposition: 'loader',
        id: 'export:@master/css-binding:./compiler#MasterCSSCompileManifestResult',
        package: '@master/css-binding',
        subpath: './compiler',
        name: 'MasterCSSCompileManifestResult'
      },
      {
        kind: 'export',
        owner: '@master/css-binding',
        responsibility: 'native and Wasm binding loading',
        consumers: [
          '@master/css',
          '@master/css-compiler',
          '@master/css-preset',
          '@master/css-runtime',
          '@master/css-server',
          '@master/css-tooling',
          '@master/css-vscode'
        ],
        platform: 'conditional',
        lifecycle: 'binding-session',
        visibility: 'published-internal',
        disposition: 'loader',
        id: 'export:@master/css-binding:./compiler#MasterCSSCompilerBindingSession',
        package: '@master/css-binding',
        subpath: './compiler',
        name: 'MasterCSSCompilerBindingSession'
      },
      {
        kind: 'export',
        owner: '@master/css-binding',
        responsibility: 'native and Wasm binding loading',
        consumers: [
          '@master/css',
          '@master/css-compiler',
          '@master/css-preset',
          '@master/css-runtime',
          '@master/css-server',
          '@master/css-tooling',
          '@master/css-vscode'
        ],
        platform: 'conditional',
        lifecycle: 'binding-session',
        visibility: 'published-internal',
        disposition: 'loader',
        id: 'export:@master/css-binding:./compiler#MasterCSSCompilerInspection',
        package: '@master/css-binding',
        subpath: './compiler',
        name: 'MasterCSSCompilerInspection'
      },
      {
        kind: 'export',
        owner: '@master/css-binding',
        responsibility: 'native and Wasm binding loading',
        consumers: [
          '@master/css',
          '@master/css-compiler',
          '@master/css-preset',
          '@master/css-runtime',
          '@master/css-server',
          '@master/css-tooling',
          '@master/css-vscode'
        ],
        platform: 'conditional',
        lifecycle: 'binding-session',
        visibility: 'published-internal',
        disposition: 'loader',
        id: 'export:@master/css-binding:./compiler#MasterCSSCompilerRenderBindingSession',
        package: '@master/css-binding',
        subpath: './compiler',
        name: 'MasterCSSCompilerRenderBindingSession'
      },
      {
        kind: 'export',
        owner: '@master/css-binding',
        responsibility: 'native and Wasm binding loading',
        consumers: [
          '@master/css',
          '@master/css-compiler',
          '@master/css-preset',
          '@master/css-runtime',
          '@master/css-server',
          '@master/css-tooling',
          '@master/css-vscode'
        ],
        platform: 'conditional',
        lifecycle: 'binding-session',
        visibility: 'published-internal',
        disposition: 'loader',
        id: 'export:@master/css-binding:./compiler#MasterCSSCompilerRenderBindingSessionOptions',
        package: '@master/css-binding',
        subpath: './compiler',
        name: 'MasterCSSCompilerRenderBindingSessionOptions'
      },
      {
        kind: 'export',
        owner: '@master/css-binding',
        responsibility: 'native and Wasm binding loading',
        consumers: [
          '@master/css',
          '@master/css-compiler',
          '@master/css-preset',
          '@master/css-runtime',
          '@master/css-server',
          '@master/css-tooling',
          '@master/css-vscode'
        ],
        platform: 'conditional',
        lifecycle: 'binding-session',
        visibility: 'published-internal',
        disposition: 'loader',
        id: 'export:@master/css-binding:./compiler#MasterCSSDependencyAnalysis',
        package: '@master/css-binding',
        subpath: './compiler',
        name: 'MasterCSSDependencyAnalysis'
      },
      {
        kind: 'export',
        owner: '@master/css-binding',
        responsibility: 'native and Wasm binding loading',
        consumers: [
          '@master/css',
          '@master/css-compiler',
          '@master/css-preset',
          '@master/css-runtime',
          '@master/css-server',
          '@master/css-tooling',
          '@master/css-vscode'
        ],
        platform: 'conditional',
        lifecycle: 'binding-session',
        visibility: 'published-internal',
        disposition: 'loader',
        id: 'export:@master/css-binding:./compiler#MasterCSSDiagnosticsReportInput',
        package: '@master/css-binding',
        subpath: './compiler',
        name: 'MasterCSSDiagnosticsReportInput'
      },
      {
        kind: 'export',
        owner: '@master/css-binding',
        responsibility: 'native and Wasm binding loading',
        consumers: [
          '@master/css',
          '@master/css-compiler',
          '@master/css-preset',
          '@master/css-runtime',
          '@master/css-server',
          '@master/css-tooling',
          '@master/css-vscode'
        ],
        platform: 'conditional',
        lifecycle: 'binding-session',
        visibility: 'published-internal',
        disposition: 'loader',
        id: 'export:@master/css-binding:./compiler#MasterCSSDirectiveCompilation',
        package: '@master/css-binding',
        subpath: './compiler',
        name: 'MasterCSSDirectiveCompilation'
      },
      {
        kind: 'export',
        owner: '@master/css-binding',
        responsibility: 'native and Wasm binding loading',
        consumers: [
          '@master/css',
          '@master/css-compiler',
          '@master/css-preset',
          '@master/css-runtime',
          '@master/css-server',
          '@master/css-tooling',
          '@master/css-vscode'
        ],
        platform: 'conditional',
        lifecycle: 'binding-session',
        visibility: 'published-internal',
        disposition: 'loader',
        id: 'export:@master/css-binding:./compiler#MasterCSSDirectiveCompileOptions',
        package: '@master/css-binding',
        subpath: './compiler',
        name: 'MasterCSSDirectiveCompileOptions'
      },
      {
        kind: 'export',
        owner: '@master/css-binding',
        responsibility: 'native and Wasm binding loading',
        consumers: [
          '@master/css',
          '@master/css-compiler',
          '@master/css-preset',
          '@master/css-runtime',
          '@master/css-server',
          '@master/css-tooling',
          '@master/css-vscode'
        ],
        platform: 'conditional',
        lifecycle: 'binding-session',
        visibility: 'published-internal',
        disposition: 'loader',
        id: 'export:@master/css-binding:./compiler#MasterCSSDirectiveExtractionPolicy',
        package: '@master/css-binding',
        subpath: './compiler',
        name: 'MasterCSSDirectiveExtractionPolicy'
      },
      {
        kind: 'export',
        owner: '@master/css-binding',
        responsibility: 'native and Wasm binding loading',
        consumers: [
          '@master/css',
          '@master/css-compiler',
          '@master/css-preset',
          '@master/css-runtime',
          '@master/css-server',
          '@master/css-tooling',
          '@master/css-vscode'
        ],
        platform: 'conditional',
        lifecycle: 'binding-session',
        visibility: 'published-internal',
        disposition: 'loader',
        id: 'export:@master/css-binding:./compiler#MasterCSSDirectiveManifestInput',
        package: '@master/css-binding',
        subpath: './compiler',
        name: 'MasterCSSDirectiveManifestInput'
      },
      {
        kind: 'export',
        owner: '@master/css-binding',
        responsibility: 'native and Wasm binding loading',
        consumers: [
          '@master/css',
          '@master/css-compiler',
          '@master/css-preset',
          '@master/css-runtime',
          '@master/css-server',
          '@master/css-tooling',
          '@master/css-vscode'
        ],
        platform: 'conditional',
        lifecycle: 'binding-session',
        visibility: 'published-internal',
        disposition: 'loader',
        id: 'export:@master/css-binding:./compiler#MasterCSSImportGraphRequest',
        package: '@master/css-binding',
        subpath: './compiler',
        name: 'MasterCSSImportGraphRequest'
      },
      {
        kind: 'export',
        owner: '@master/css-binding',
        responsibility: 'native and Wasm binding loading',
        consumers: [
          '@master/css',
          '@master/css-compiler',
          '@master/css-preset',
          '@master/css-runtime',
          '@master/css-server',
          '@master/css-tooling',
          '@master/css-vscode'
        ],
        platform: 'conditional',
        lifecycle: 'binding-session',
        visibility: 'published-internal',
        disposition: 'loader',
        id: 'export:@master/css-binding:./compiler#MasterCSSInspectionReport',
        package: '@master/css-binding',
        subpath: './compiler',
        name: 'MasterCSSInspectionReport'
      },
      {
        kind: 'export',
        owner: '@master/css-binding',
        responsibility: 'native and Wasm binding loading',
        consumers: [
          '@master/css',
          '@master/css-compiler',
          '@master/css-preset',
          '@master/css-runtime',
          '@master/css-server',
          '@master/css-tooling',
          '@master/css-vscode'
        ],
        platform: 'conditional',
        lifecycle: 'binding-session',
        visibility: 'published-internal',
        disposition: 'loader',
        id: 'export:@master/css-binding:./compiler#MasterCSSLowerDirectivesOptions',
        package: '@master/css-binding',
        subpath: './compiler',
        name: 'MasterCSSLowerDirectivesOptions'
      },
      {
        kind: 'export',
        owner: '@master/css-binding',
        responsibility: 'native and Wasm binding loading',
        consumers: [
          '@master/css',
          '@master/css-compiler',
          '@master/css-preset',
          '@master/css-runtime',
          '@master/css-server',
          '@master/css-tooling',
          '@master/css-vscode'
        ],
        platform: 'conditional',
        lifecycle: 'binding-session',
        visibility: 'published-internal',
        disposition: 'loader',
        id: 'export:@master/css-binding:./compiler#MasterCSSLowerDirectivesRequest',
        package: '@master/css-binding',
        subpath: './compiler',
        name: 'MasterCSSLowerDirectivesRequest'
      },
      {
        kind: 'export',
        owner: '@master/css-binding',
        responsibility: 'native and Wasm binding loading',
        consumers: [
          '@master/css',
          '@master/css-compiler',
          '@master/css-preset',
          '@master/css-runtime',
          '@master/css-server',
          '@master/css-tooling',
          '@master/css-vscode'
        ],
        platform: 'conditional',
        lifecycle: 'binding-session',
        visibility: 'published-internal',
        disposition: 'loader',
        id: 'export:@master/css-binding:./compiler#MasterCSSLowerDirectivesResult',
        package: '@master/css-binding',
        subpath: './compiler',
        name: 'MasterCSSLowerDirectivesResult'
      },
      {
        kind: 'export',
        owner: '@master/css-binding',
        responsibility: 'native and Wasm binding loading',
        consumers: [
          '@master/css',
          '@master/css-compiler',
          '@master/css-preset',
          '@master/css-runtime',
          '@master/css-server',
          '@master/css-tooling',
          '@master/css-vscode'
        ],
        platform: 'conditional',
        lifecycle: 'binding-session',
        visibility: 'published-internal',
        disposition: 'loader',
        id: 'export:@master/css-binding:./compiler#MasterCSSNativeBindingLoadOptions',
        package: '@master/css-binding',
        subpath: './compiler',
        name: 'MasterCSSNativeBindingLoadOptions'
      },
      {
        kind: 'export',
        owner: '@master/css-binding',
        responsibility: 'native and Wasm binding loading',
        consumers: [
          '@master/css',
          '@master/css-compiler',
          '@master/css-preset',
          '@master/css-runtime',
          '@master/css-server',
          '@master/css-tooling',
          '@master/css-vscode'
        ],
        platform: 'conditional',
        lifecycle: 'binding-session',
        visibility: 'published-internal',
        disposition: 'loader',
        id: 'export:@master/css-binding:./compiler#MasterCSSProjectEntryGraph',
        package: '@master/css-binding',
        subpath: './compiler',
        name: 'MasterCSSProjectEntryGraph'
      },
      {
        kind: 'export',
        owner: '@master/css-binding',
        responsibility: 'native and Wasm binding loading',
        consumers: [
          '@master/css',
          '@master/css-compiler',
          '@master/css-preset',
          '@master/css-runtime',
          '@master/css-server',
          '@master/css-tooling',
          '@master/css-vscode'
        ],
        platform: 'conditional',
        lifecycle: 'binding-session',
        visibility: 'published-internal',
        disposition: 'loader',
        id: 'export:@master/css-binding:./compiler#MasterCSSProjectManifest',
        package: '@master/css-binding',
        subpath: './compiler',
        name: 'MasterCSSProjectManifest'
      },
      {
        kind: 'export',
        owner: '@master/css-binding',
        responsibility: 'native and Wasm binding loading',
        consumers: [
          '@master/css',
          '@master/css-compiler',
          '@master/css-preset',
          '@master/css-runtime',
          '@master/css-server',
          '@master/css-tooling',
          '@master/css-vscode'
        ],
        platform: 'conditional',
        lifecycle: 'binding-session',
        visibility: 'published-internal',
        disposition: 'loader',
        id: 'export:@master/css-binding:./compiler#MasterCSSResolvedImportGraph',
        package: '@master/css-binding',
        subpath: './compiler',
        name: 'MasterCSSResolvedImportGraph'
      },
      {
        kind: 'export',
        owner: '@master/css-binding',
        responsibility: 'native and Wasm binding loading',
        consumers: [
          '@master/css',
          '@master/css-compiler',
          '@master/css-preset',
          '@master/css-runtime',
          '@master/css-server',
          '@master/css-tooling',
          '@master/css-vscode'
        ],
        platform: 'conditional',
        lifecycle: 'binding-session',
        visibility: 'published-internal',
        disposition: 'loader',
        id: 'export:@master/css-binding:./compiler#MasterCSSStandaloneDirectiveAnalysis',
        package: '@master/css-binding',
        subpath: './compiler',
        name: 'MasterCSSStandaloneDirectiveAnalysis'
      },
      {
        kind: 'export',
        owner: '@master/css-binding',
        responsibility: 'native and Wasm binding loading',
        consumers: [
          '@master/css',
          '@master/css-compiler',
          '@master/css-preset',
          '@master/css-runtime',
          '@master/css-server',
          '@master/css-tooling',
          '@master/css-vscode'
        ],
        platform: 'conditional',
        lifecycle: 'binding-session',
        visibility: 'published-internal',
        disposition: 'loader',
        id: 'export:@master/css-binding:./compiler#MasterCSSWasmBindingLoadOptions',
        package: '@master/css-binding',
        subpath: './compiler',
        name: 'MasterCSSWasmBindingLoadOptions'
      },
      {
        kind: 'export',
        owner: '@master/css-binding',
        responsibility: 'native and Wasm binding loading',
        consumers: [
          '@master/css',
          '@master/css-compiler',
          '@master/css-preset',
          '@master/css-runtime',
          '@master/css-server',
          '@master/css-tooling',
          '@master/css-vscode'
        ],
        platform: 'node',
        lifecycle: 'binding-session',
        visibility: 'published-internal',
        disposition: 'loader',
        id: 'export:@master/css-binding:./engine/node#createEngineBindingSessionSync',
        package: '@master/css-binding',
        subpath: './engine/node',
        name: 'createEngineBindingSessionSync'
      },
      {
        kind: 'export',
        owner: '@master/css-binding',
        responsibility: 'native and Wasm binding loading',
        consumers: [
          '@master/css',
          '@master/css-compiler',
          '@master/css-preset',
          '@master/css-runtime',
          '@master/css-server',
          '@master/css-tooling',
          '@master/css-vscode'
        ],
        platform: 'node',
        lifecycle: 'binding-session',
        visibility: 'published-internal',
        disposition: 'loader',
        id: 'export:@master/css-binding:./engine/node#createRenderBindingSessionSync',
        package: '@master/css-binding',
        subpath: './engine/node',
        name: 'createRenderBindingSessionSync'
      },
      {
        kind: 'export',
        owner: '@master/css-binding',
        responsibility: 'native and Wasm binding loading',
        consumers: [
          '@master/css',
          '@master/css-compiler',
          '@master/css-preset',
          '@master/css-runtime',
          '@master/css-server',
          '@master/css-tooling',
          '@master/css-vscode'
        ],
        platform: 'node',
        lifecycle: 'binding-session',
        visibility: 'published-internal',
        disposition: 'loader',
        id: 'export:@master/css-binding:./engine/node#MasterCSSEngineBindingSession',
        package: '@master/css-binding',
        subpath: './engine/node',
        name: 'MasterCSSEngineBindingSession'
      },
      {
        kind: 'export',
        owner: '@master/css-binding',
        responsibility: 'native and Wasm binding loading',
        consumers: [
          '@master/css',
          '@master/css-compiler',
          '@master/css-preset',
          '@master/css-runtime',
          '@master/css-server',
          '@master/css-tooling',
          '@master/css-vscode'
        ],
        platform: 'node',
        lifecycle: 'binding-session',
        visibility: 'published-internal',
        disposition: 'loader',
        id: 'export:@master/css-binding:./engine/node#MasterCSSEngineBindingSessionOptions',
        package: '@master/css-binding',
        subpath: './engine/node',
        name: 'MasterCSSEngineBindingSessionOptions'
      },
      {
        kind: 'export',
        owner: '@master/css-binding',
        responsibility: 'native and Wasm binding loading',
        consumers: [
          '@master/css',
          '@master/css-compiler',
          '@master/css-preset',
          '@master/css-runtime',
          '@master/css-server',
          '@master/css-tooling',
          '@master/css-vscode'
        ],
        platform: 'node',
        lifecycle: 'binding-session',
        visibility: 'published-internal',
        disposition: 'loader',
        id: 'export:@master/css-binding:./engine/node#MasterCSSNativeBindingLoadOptions',
        package: '@master/css-binding',
        subpath: './engine/node',
        name: 'MasterCSSNativeBindingLoadOptions'
      },
      {
        kind: 'export',
        owner: '@master/css-binding',
        responsibility: 'native and Wasm binding loading',
        consumers: [
          '@master/css',
          '@master/css-compiler',
          '@master/css-preset',
          '@master/css-runtime',
          '@master/css-server',
          '@master/css-tooling',
          '@master/css-vscode'
        ],
        platform: 'node',
        lifecycle: 'binding-session',
        visibility: 'published-internal',
        disposition: 'loader',
        id: 'export:@master/css-binding:./engine/node#MasterCSSRenderBindingSession',
        package: '@master/css-binding',
        subpath: './engine/node',
        name: 'MasterCSSRenderBindingSession'
      },
      {
        kind: 'export',
        owner: '@master/css-binding',
        responsibility: 'native and Wasm binding loading',
        consumers: [
          '@master/css',
          '@master/css-compiler',
          '@master/css-preset',
          '@master/css-runtime',
          '@master/css-server',
          '@master/css-tooling',
          '@master/css-vscode'
        ],
        platform: 'conditional',
        lifecycle: 'binding-session',
        visibility: 'published-internal',
        disposition: 'loader',
        id: 'export:@master/css-binding:./engine#createEngineBindingSession',
        package: '@master/css-binding',
        subpath: './engine',
        name: 'createEngineBindingSession'
      },
      {
        kind: 'export',
        owner: '@master/css-binding',
        responsibility: 'native and Wasm binding loading',
        consumers: [
          '@master/css',
          '@master/css-compiler',
          '@master/css-preset',
          '@master/css-runtime',
          '@master/css-server',
          '@master/css-tooling',
          '@master/css-vscode'
        ],
        platform: 'conditional',
        lifecycle: 'binding-session',
        visibility: 'published-internal',
        disposition: 'loader',
        id: 'export:@master/css-binding:./engine#createRenderBindingSession',
        package: '@master/css-binding',
        subpath: './engine',
        name: 'createRenderBindingSession'
      },
      {
        kind: 'export',
        owner: '@master/css-binding',
        responsibility: 'native and Wasm binding loading',
        consumers: [
          '@master/css',
          '@master/css-compiler',
          '@master/css-preset',
          '@master/css-runtime',
          '@master/css-server',
          '@master/css-tooling',
          '@master/css-vscode'
        ],
        platform: 'conditional',
        lifecycle: 'binding-session',
        visibility: 'published-internal',
        disposition: 'loader',
        id: 'export:@master/css-binding:./engine#MasterCSSBindingLoadOptions',
        package: '@master/css-binding',
        subpath: './engine',
        name: 'MasterCSSBindingLoadOptions'
      },
      {
        kind: 'export',
        owner: '@master/css-binding',
        responsibility: 'native and Wasm binding loading',
        consumers: [
          '@master/css',
          '@master/css-compiler',
          '@master/css-preset',
          '@master/css-runtime',
          '@master/css-server',
          '@master/css-tooling',
          '@master/css-vscode'
        ],
        platform: 'conditional',
        lifecycle: 'binding-session',
        visibility: 'published-internal',
        disposition: 'loader',
        id: 'export:@master/css-binding:./engine#MasterCSSEngineBindingSession',
        package: '@master/css-binding',
        subpath: './engine',
        name: 'MasterCSSEngineBindingSession'
      },
      {
        kind: 'export',
        owner: '@master/css-binding',
        responsibility: 'native and Wasm binding loading',
        consumers: [
          '@master/css',
          '@master/css-compiler',
          '@master/css-preset',
          '@master/css-runtime',
          '@master/css-server',
          '@master/css-tooling',
          '@master/css-vscode'
        ],
        platform: 'conditional',
        lifecycle: 'binding-session',
        visibility: 'published-internal',
        disposition: 'loader',
        id: 'export:@master/css-binding:./engine#MasterCSSEngineBindingSessionOptions',
        package: '@master/css-binding',
        subpath: './engine',
        name: 'MasterCSSEngineBindingSessionOptions'
      },
      {
        kind: 'export',
        owner: '@master/css-binding',
        responsibility: 'native and Wasm binding loading',
        consumers: [
          '@master/css',
          '@master/css-compiler',
          '@master/css-preset',
          '@master/css-runtime',
          '@master/css-server',
          '@master/css-tooling',
          '@master/css-vscode'
        ],
        platform: 'conditional',
        lifecycle: 'binding-session',
        visibility: 'published-internal',
        disposition: 'loader',
        id: 'export:@master/css-binding:./engine#MasterCSSNativeBindingLoadOptions',
        package: '@master/css-binding',
        subpath: './engine',
        name: 'MasterCSSNativeBindingLoadOptions'
      },
      {
        kind: 'export',
        owner: '@master/css-binding',
        responsibility: 'native and Wasm binding loading',
        consumers: [
          '@master/css',
          '@master/css-compiler',
          '@master/css-preset',
          '@master/css-runtime',
          '@master/css-server',
          '@master/css-tooling',
          '@master/css-vscode'
        ],
        platform: 'conditional',
        lifecycle: 'binding-session',
        visibility: 'published-internal',
        disposition: 'loader',
        id: 'export:@master/css-binding:./engine#MasterCSSRenderBindingSession',
        package: '@master/css-binding',
        subpath: './engine',
        name: 'MasterCSSRenderBindingSession'
      },
      {
        kind: 'export',
        owner: '@master/css-binding',
        responsibility: 'native and Wasm binding loading',
        consumers: [
          '@master/css',
          '@master/css-compiler',
          '@master/css-preset',
          '@master/css-runtime',
          '@master/css-server',
          '@master/css-tooling',
          '@master/css-vscode'
        ],
        platform: 'conditional',
        lifecycle: 'binding-session',
        visibility: 'published-internal',
        disposition: 'loader',
        id: 'export:@master/css-binding:./engine#MasterCSSWasmBindingLoadOptions',
        package: '@master/css-binding',
        subpath: './engine',
        name: 'MasterCSSWasmBindingLoadOptions'
      },
      {
        kind: 'export',
        owner: '@master/css-binding',
        responsibility: 'native and Wasm binding loading',
        consumers: [
          '@master/css',
          '@master/css-compiler',
          '@master/css-preset',
          '@master/css-runtime',
          '@master/css-server',
          '@master/css-tooling',
          '@master/css-vscode'
        ],
        platform: 'node',
        lifecycle: 'binding-session',
        visibility: 'published-internal',
        disposition: 'loader',
        id: 'export:@master/css-binding:./tooling/node#createToolingBindingSync',
        package: '@master/css-binding',
        subpath: './tooling/node',
        name: 'createToolingBindingSync'
      },
      {
        kind: 'export',
        owner: '@master/css-binding',
        responsibility: 'native and Wasm binding loading',
        consumers: [
          '@master/css',
          '@master/css-compiler',
          '@master/css-preset',
          '@master/css-runtime',
          '@master/css-server',
          '@master/css-tooling',
          '@master/css-vscode'
        ],
        platform: 'node',
        lifecycle: 'binding-session',
        visibility: 'published-internal',
        disposition: 'loader',
        id: 'export:@master/css-binding:./tooling/node#MasterCSSLanguageBindingSession',
        package: '@master/css-binding',
        subpath: './tooling/node',
        name: 'MasterCSSLanguageBindingSession'
      },
      ... 749 more items
    ]
  },
  operator: 'deepStrictEqual',
  diff: 'simple'
}

Node.js v24.20.0
[ELIFECYCLE] Command failed with exit code 1.
